experiment,nodes,loss,latency_ms,alpha,churn,liveness_s,republish_s,refresh,duration_s,lookups,seeds,node_probes_mean,node_probes_var,node_probes_std,node_hops_mean,node_hops_var,node_hops_std,node_ms_median_mean,node_ms_median_var,node_ms_median_std,node_ms_p90_mean,node_ms_p90_var,node_ms_p90_std,value_total_probes_mean,value_total_probes_var,value_total_probes_std,value_fv_probes_mean,value_fv_probes_var,value_fv_probes_std,value_ms_median_mean,value_ms_median_var,value_ms_median_std,value_ms_p90_mean,value_ms_p90_var,value_ms_p90_std,value_success_mean,value_success_var,value_success_std,value_correct_mean,value_correct_var,value_correct_std,value_available_mean,value_available_var,value_available_std,value_success_given_available_mean,value_success_given_available_var,value_success_given_available_std,node_success_mean,node_success_var,node_success_std,node_recall_mean,node_recall_var,node_recall_std,rpc_fail_rate_mean,rpc_fail_rate_var,rpc_fail_rate_std,find_node_fail_rate_mean,find_node_fail_rate_var,find_node_fail_rate_std,find_node_attempts_mean,find_node_attempts_var,find_node_attempts_std,find_node_rtt_ms_mean,find_node_rtt_ms_var,find_node_rtt_ms_std,table_mean_mean,table_mean_var,table_mean_std,replicas_in_k_closest_mean,replicas_in_k_closest_var,replicas_in_k_closest_std,holders_mean_mean,holders_mean_var,holders_mean_std,churned_fraction_mean,churned_fraction_var,churned_fraction_std,background_lookups_per_s_mean,background_lookups_per_s_var,background_lookups_per_s_std
alpha,5000,0,5,1,0,60,3600,0,0,1000,8,11.418,0.00047057142857142057,0.021692658402589125,2.015125,0.0002975535714285723,0.01724974119888679,142.94956249999998,0.19243245982143092,0.43867124344026803,156.5026875,0.5529385669642845,0.7435983909102308,12.4065,0.0005922857142857082,0.024336920805346517,1,0,0.0,143.06493749999998,0.551916959821434,0.7429111385767708,156.640875,0.7802875849999944,0.8833388845737487,1.0,0.0,0.0,1.0,0.0,0.0,1.0,0.0,0.0,1.0,0.0,0.0,0.9995,5.714285714285724e-07,0.0007559289460184551,0.9997750000000001,1.3571428571425582e-08,0.00011649647450213068,0.0,0.0,0.0,0.0,0.0,0.0,1.0,0.0,0.0,12.598232412060302,0.0024715692370682854,0.049714879433307345,98.42500000000001,0.0021428571428568992,0.04629100498862494,1.0,0.0,0.0,10,0,0.0,0.0,0.0,0.0,0.0,0.0,0.0
alpha,5000,0,5,10,0,60,3600,0,0,1000,8,29.488625,0.06283483928571405,0.2506687840272778,1.836125,0.0005589821428571426,0.02364280319372351,39.13975,0.2798877142857159,0.5290441515466511,51.80775,0.554906354285717,0.7449203677479338,39.322250000000004,0.11269135714285804,0.33569533381156497,10,0,0.0,39.7133125,0.7306909955357123,0.8548046534359253,52.352999999999994,0.9610782400000052,0.9803459797438888,1.0,0.0,0.0,1.0,0.0,0.0,1.0,0.0,0.0,1.0,0.0,0.0,0.9995,5.714285714285724e-07,0.0007559289460184551,0.9998375,1.6964285714281977e-08,0.00013024701806291756,0.0,0.0,0.0,0.0,0.0,0.0,1.0,0.0,0.0,12.433625000000001,0.0078045535714286055,0.08834338442367151,98.4625,0.002678571428571124,0.05175491695067363,1.0,0.0,0.0,10,0,0.0,0.0,0.0,0.0,0.0,0.0,0.0
alpha,5000,0,5,2,0,60,3600,0,0,1000,8,12.999375,0.0031216964285714494,0.055872143583108116,1.910375,0.0004451250000000011,0.02109798568584217,86.895875,0.15520741071428437,0.3939637175099813,95.56110000000001,3.932793122857123,1.9831271070854544,15.01675,0.001946785714285705,0.044122394702528385,2,0,0.0,86.9935,0.34413599999999656,0.5866310595254879,96.46780000000001,4.1607181228571335,2.0397838421894448,1.0,0.0,0.0,1.0,0.0,0.0,1.0,0.0,0.0,1.0,0.0,0.0,0.9995,5.714285714285724e-07,0.0007559289460184551,0.9998,1.7142857142853368e-08,0.00013093073414158102,0.0,0.0,0.0,0.0,0.0,0.0,1.0,0.0,0.0,12.531662060301507,0.0035043264040950655,0.05919735132668577,98.42500000000001,0.0021428571428568992,0.04629100498862494,1.0,0.0,0.0,10,0,0.0,0.0,0.0,0.0,0.0,0.0,0.0
alpha,5000,0,5,3,0,60,3600,0,0,1000,8,14.771125,0.00292298214285718,0.054064610817587316,1.887125,0.00043841071428571334,0.020938259581104474,64.63025,0.3245845714285736,0.5697232410816445,77.5088375,0.2634496455357125,0.5132734607747731,17.753125,0.005408410714285632,0.0735418976793884,3,0,0.0,65.290375,0.38985062500000095,0.6243801926711008,78.1896,0.23274405999999714,0.4824355500996969,1.0,0.0,0.0,1.0,0.0,0.0,1.0,0.0,0.0,1.0,0.0,0.0,0.9995,5.714285714285724e-07,0.0007559289460184551,0.9997875,1.2678571428568636e-08,0.00011259916264594794,0.0,0.0,0.0,0.0,0.0,0.0,1.0,0.0,0.0,12.492738693467336,0.005265728852445997,0.0725653419508652,98.42500000000001,0.0021428571428568992,0.04629100498862494,1.0,0.0,0.0,10,0,0.0,0.0,0.0,0.0,0.0,0.0,0.0
alpha,5000,0,5,4,0,60,3600,0,0,1000,8,16.621,0.010500285714285636,0.10247090179307312,1.855,0.000883428571428572,0.029722526329849085,61.396375,0.14009469642857234,0.3742922607115626,66.5614625,0.5500003255357173,0.7416200681856696,20.66825,0.010466500000000123,0.10230591380756111,4,0,0.0,61.708625,0.12604655357142847,0.3550303558450016,67.80765,1.4090571685714282,1.1870371386656056,1.0,0.0,0.0,1.0,0.0,0.0,1.0,0.0,0.0,1.0,0.0,0.0,0.9995,5.714285714285724e-07,0.0007559289460184551,0.99975,4.000000000000229e-08,0.00020000000000000573,0.0,0.0,0.0,0.0,0.0,0.0,1.0,0.0,0.0,12.53525,0.003479357142857143,0.05898607583877014,98.42500000000001,0.0021428571428568992,0.04629100498862494,1.0,0.0,0.0,10,0,0.0,0.0,0.0,0.0,0.0,0.0,0.0
alpha,5000,0,5,5,0,60,3600,0,0,1000,8,18.641375,0.012428553571428549,0.11148342285482873,1.8587500000000001,0.0005584999999999974,0.02363260459619289,50.580375000000004,0.09454612500000012,0.3074835361446205,63.224112500000004,0.28106588982142927,0.5301564767325108,23.658749999999998,0.0038639285714285295,0.06216050652487099,5,0,0.0,50.924437499999996,0.10418324553571454,0.3227742950355783,63.6852625,0.43576633125000114,0.6601259964961244,1.0,0.0,0.0,1.0,0.0,0.0,1.0,0.0,0.0,1.0,0.0,0.0,0.9995,5.714285714285724e-07,0.0007559289460184551,0.999675,2.5000000000003215e-08,0.00015811388300842913,0.0,0.0,0.0,0.0,0.0,0.0,1.0,0.0,0.0,12.461710427135678,0.002885543755659107,0.05371725752176024,98.42500000000001,0.0021428571428568992,0.04629100498862494,1.0,0.0,0.0,10,0,0.0,0.0,0.0,0.0,0.0,0.0,0.0
alpha,5000,0,5,6,0,60,3600,0,0,1000,8,20.672875,0.02200012500000003,0.14832439111622886,1.85325,0.000642785714285713,0.02535321901230124,49.972125,0.15740148214285823,0.3967385564107152,61.8424625,0.31532029410714196,0.5615338761883756,26.647625,0.01758683928571418,0.1326153810299325,6,0,0.0,50.3385625,0.3276917455357142,0.5724436614512507,61.53585,5.82614924857141,2.4137417526677143,1.0,0.0,0.0,1.0,0.0,0.0,1.0,0.0,0.0,1.0,0.0,0.0,0.9995,5.714285714285724e-07,0.0007559289460184551,0.9998125,6.9642857142841804e-09,8.345229603961883e-05,0.0,0.0,0.0,0.0,0.0,0.0,1.0,0.0,0.0,12.460374999999999,0.008672553571428586,0.0931265460082601,98.45,0.0028571428571425323,0.05345224838248184,1.0,0.0,0.0,10,0,0.0,0.0,0.0,0.0,0.0,0.0,0.0
alpha,5000,0,5,8,0,60,3600,0,0,1000,8,24.97975,0.03762535714285728,0.19397256801634935,1.841625,0.0011662678571428592,0.03415066408055426,48.83325,0.08552885714285656,0.2924531708545089,53.1499375,0.6832954798214275,0.8266168881782101,33.031625,0.023333410714285706,0.15275277645360724,8,0,0.0,49.044125,0.09052526785714252,0.300874172798435,54.257712500000004,1.3151291155357163,1.1467907897850054,1.0,0.0,0.0,1.0,0.0,0.0,1.0,0.0,0.0,1.0,0.0,0.0,0.9995,5.714285714285724e-07,0.0007559289460184551,0.9997125,4.696428571428528e-08,0.00021671244937539994,0.0,0.0,0.0,0.0,0.0,0.0,1.0,0.0,0.0,12.443375,0.007519410714285703,0.08671453577276247,98.45,0.0028571428571425323,0.05345224838248184,1.0,0.0,0.0,10,0,0.0,0.0,0.0,0.0,0.0,0.0,0.0
alpha,5000,0.3,5,1,0,60,3600,0,0,1000,8,11.478875,0.0009815535714285623,0.031329755368157,2.023,0.0004799999999999978,0.021908902300206593,2356.948,33.12295921428562,5.755254921746353,3690.0799,7584.004506725646,87.0861901034007,12.470625,0.0021108392857142923,0.04594387103536545,1,0,0.0,2355.967,31.885675071428278,5.646740216392842,3706.5458375,7371.875639219839,85.85962752784243,1.0,0.0,0.0,1.0,0.0,0.0,1.0,0.0,0.0,1.0,0.0,0.0,0.9995,5.714285714285724e-07,0.0007559289460184551,0.99975,3.142857142856451e-08,0.00017728105208556413,0.03472222652177999,1.5647916514287373e-06,0.0012509163247111045,0.03472222652177999,1.5647916514287373e-06,0.0012509163247111045,1.972354390875131,7.450921403181583e-05,0.008631871988845515,13.954677135678383,0.03555496845858649,0.18856025153405606,98.42500000000001,0.0021428571428568992,0.04629100498862494,1.0,0.0,0.0,10,0,0.0,0.0,0.0,0.0,0.0,0.0,0.0
alpha,5000,0.3,5,10,0,60,3600,0,0,1000,8,24.262,0.007386857142857071,0.08594682741589169,2.109125,0.0007861250000000004,0.028037920750298165,1009.7740625,17.92443295982157,4.233725659489709,1231.2702125,0.39017689267855266,0.6246414112741426,34.299375,0.009178267857142729,0.09580327686015092,10,0,0.0,1009.5508125,19.1066375669644,4.3711139961072165,1231.0821875000001,0.30231325553569927,0.5498302060961177,1.0,0.0,0.0,1.0,0.0,0.0,1.0,0.0,0.0,1.0,0.0,0.0,0.9995,5.714285714285724e-07,0.0007559289460184551,0.9997125,3.2678571428574144e-08,0.00018077215335491841,0.03469825042445423,1.9038021119876056e-07,0.0004363258085407744,0.03469825042445423,1.9038021119876056e-07,0.0004363258085407744,1.9723220976866718,1.7021400084354384e-05,0.0041256999508391765,38.9995904522613,4889.986906192312,69.92844132534567,98.45,0.0028571428571425323,0.05345224838248184,1.0,0.0,0.0,10,0,0.0,0.0,0.0,0.0,0.0,0.0,0.0
alpha,5000,0.3,5,2,0,60,3600,0,0,1000,8,12.746375,0.0011502678571428534,0.03391559902379513,2.000125,0.0009626964285714291,0.03102734968654959,1474.2976875,127.91155342410633,11.30979900016381,2191.158925,4386.263116422136,66.22886920688089,14.74925,0.002142499999999997,0.04628714724413244,2,0,0.0,1477.113125,122.13778769642803,11.051596612997962,2158.7065625,4387.938658925543,66.2415176375477,1.0,0.0,0.0,1.0,0.0,0.0,1.0,0.0,0.0,1.0,0.0,0.0,0.9995,5.714285714285724e-07,0.0007559289460184551,0.9997625,3.4107142857146846e-08,0.00018468119248355217,0.034623684325097076,1.843127754241128e-06,0.001357618412603898,0.034623684325097076,1.843127754241128e-06,0.001357618412603898,1.972707138938495,6.803024243642135e-05,0.008248044764453049,64.03949183417083,8366.063107508262,91.46618559614402,98.42500000000001,0.0021428571428568992,0.04629100498862494,1.0,0.0,0.0,10,0,0.0,0.0,0.0,0.0,0.0,0.0,0.0
alpha,5000,0.3,5,3,0,60,3600,0,0,1000,8,14.1305,0.0012222857142857254,0.034961202986821344,2.0275,0.00037028571428571584,0.019242809417694597,1242.4184375,53.51006353125024,7.315057315650386,1723.5500375000001,3796.5594615426767,61.616227258269205,17.137375,0.007390267857142848,0.0859666671282704,3,0,0.0,1222.842375,1868.0937170535672,43.221449733362334,1726.9881,5025.496181880002,70.89073410453585,1.0,0.0,0.0,1.0,0.0,0.0,1.0,0.0,0.0,1.0,0.0,0.0,0.9995,5.714285714285724e-07,0.0007559289460184551,0.9997625,1.6964285714281977e-08,0.00013024701806291756,0.034610077399388664,1.214169163973959e-06,0.0011018934449273936,0.034610077399388664,1.214169163973959e-06,0.0011018934449273936,1.9732508169451857,0.0001263471299279177,0.011240423921183653,39.451634422110544,4881.182607751773,69.86546076389801,98.42500000000001,0.0021428571428568992,0.04629100498862494,1.0,0.0,0.0,10,0,0.0,0.0,0.0,0.0,0.0,0.0,0.0
alpha,5000,0.3,5,4,0,60,3600,0,0,1000,8,15.546375,0.00804883928571432,0.08971532358362377,2.06225,0.0007887857142857173,0.028085329164631797,1060.2668125,31.177006424106697,5.583637382934774,1506.92895,2327.156934957143,48.240614993562666,19.52525,0.007603071428571362,0.0871955929423693,4,0,0.0,1055.8079375,27.80789595982099,5.273319254494363,1500.2053875000001,3012.4359829812497,54.88566281809166,1.0,0.0,0.0,1.0,0.0,0.0,1.0,0.0,0.0,1.0,0.0,0.0,0.9995,5.714285714285724e-07,0.0007559289460184551,0.9997125,1.5535714285710863e-08,0.00012464234547580874,0.03439487637126334,8.207039333770856e-07,0.0009059271126183859,0.03439487637126334,8.207039333770856e-07,0.0009059271126183859,1.972666023351602,4.514549776336304e-05,0.0067190399435754986,14.432916457286417,0.19614593836328825,0.4428836623350293,98.42500000000001,0.0021428571428568992,0.04629100498862494,1.0,0.0,0.0,10,0,0.0,0.0,0.0,0.0,0.0,0.0,0.0
alpha,5000,0.3,5,5,0,60,3600,0,0,1000,8,16.93875,0.0036473571428570807,0.060393353465899545,2.074875,0.00047583928571428424,0.021813740754723483,1030.92775,0.6500735000000555,0.8062713563063341,1437.7562375,31.398777102678245,5.603461171693638,21.963,0.011143714285714352,0.10556379249399082,5,0,0.0,1034.127375,26.202875339286052,5.118874421128736,1439.7956625,36.48576851696403,6.040345066050782,1.0,0.0,0.0,1.0,0.0,0.0,1.0,0.0,0.0,1.0,0.0,0.0,0.9995,5.714285714285724e-07,0.0007559289460184551,0.9997875,9.821428571426407e-09,9.910312089650056e-05,0.03384848988658209,9.740094286986478e-07,0.0009869191601639153,0.03384848988658209,9.740094286986478e-07,0.0009869191601639153,1.9688772456857366,5.699825352671955e-05,0.007549718771366226,14.46882160804019,0.970350631816622,0.9850637704314488,98.4375,0.002678571428571124,0.05175491695067363,1.0,0.0,0.0,10,0,0.0,0.0,0.0,0.0,0.0,0.0,0.0
alpha,5000,0.3,5,6,0,60,3600,0,0,1000,8,18.375125,0.004692982142857084,0.06850534389999866,2.0692500000000003,0.00023450000000000107,0.01531339283111359,1019.734625,14.008838196428663,3.742838254109929,1328.5965875,5624.343505032675,74.9956232391776,24.391750000000002,0.01055078571428561,0.10271701764695863,6,0,0.0,1023.9908125,32.76476228125002,5.724051212318948,1281.73415,238.46407396285633,15.442282019276048,1.0,0.0,0.0,1.0,0.0,0.0,1.0,0.0,0.0,1.0,0.0,0.0,0.9995,5.714285714285724e-07,0.0007559289460184551,0.999825,1.3571428571425582e-08,0.00011649647450213068,0.03419228427241014,5.536262089767696e-07,0.0007440606218425818,0.03419228427241014,5.536262089767696e-07,0.0007440606218425818,1.9668120026582676,2.4262655365370705e-05,0.004925713690966082,14.39975439698492,0.7410058113354894,0.860816944149852,98.4375,0.002678571428571124,0.05175491695067363,1.0,0.0,0.0,10,0,0.0,0.0,0.0,0.0,0.0,0.0,0.0
alpha,5000,0.3,5,8,0,60,3600,0,0,1000,8,21.3675,0.008516285714285672,0.09228372399446,2.109875,0.00023669642857142469,0.01538494161742009,1014.6868125,23.870079638392628,4.8857015502783865,1242.5833875,14.547366621250045,3.814101023996355,29.254875,0.004455553571428621,0.066749933119282,8,0,0.0,1011.2385,27.39803050000015,5.2343128011230045,1241.1231500000001,17.417805494286004,4.173464447468794,1.0,0.0,0.0,1.0,0.0,0.0,1.0,0.0,0.0,1.0,0.0,0.0,0.9995,5.714285714285724e-07,0.0007559289460184551,0.999725,1.642857142856781e-08,0.00012817398889231703,0.034649589248075006,7.62321432896369e-07,0.0008731102066156191,0.034649589248075006,7.62321432896369e-07,0.0008731102066156191,1.970741749904635,2.5504972932683585e-05,0.005050244838884901,14.138884422110547,0.012302174865713783,0.1109151696825722,98.45,0.0028571428571425323,0.05345224838248184,1.0,0.0,0.0,10,0,0.0,0.0,0.0,0.0,0.0,0.0,0.0
churn,5000,0,5,3,0,10,3600,0,600,1500,4,14.818833333333334,0.000675962962962978,0.02599928773953198,1.8841666666666665,8.337037037037023e-05,0.009130737668467441,68.2295,0.07676416666666569,0.27706347046600294,80.8409,0.04830872666666716,0.21979246271577912,17.844833333333334,0.017246629629629768,0.13132642395812721,3,0,0.0,68.73475,0.6397567500000023,0.7998479543013174,81.30685,0.18289484333333916,0.42766206674585855,1.0,0.0,0.0,1.0,0.0,0.0,1.0,0.0,0.0,1.0,0.0,0.0,0.9996666666666667,1.4814814814816485e-07,0.0003849001794597722,0.9997166666666667,4.074074074073177e-09,6.382847385041552e-05,0.0,0.0,0.0,0.0,0.0,0.0,1.0,0.0,0.0,13.10675,0.00017958333333333707,0.013400870618483602,98.475,0.002499999999999716,0.04999999999999716,1.0,0.0,0.0,10,0,0.0,0.0,0.0,0.0,0.0,0.0,0.0
churn,5000,0,5,3,0,10,60,0,600,1500,4,14.843499999999999,0.0065269259259259,0.08078939240968395,1.8943333333333334,0.001105333333333334,0.03324655370611117,68.352625,0.15059356249999967,0.3880638639450982,80.925025,0.05904498916666376,0.24299174711636556,17.808333333333334,0.006130518518518542,0.07829762779624004,3,0,0.0,68.225375,0.14419106250000352,0.3797249827177605,81.1363,0.07187333999999651,0.2680920364352446,1.0,0.0,0.0,1.0,0.0,0.0,1.0,0.0,0.0,1.0,0.0,0.0,0.9996666666666667,1.4814814814816485e-07,0.0003849001794597722,0.99975,4.074074074073177e-09,6.382847385041552e-05,0.0,0.0,0.0,0.0,0.0,0.0,1.0,0.0,0.0,13.1105,0.00022299999999999203,0.014933184523067812,98.475,0.002499999999999716,0.04999999999999716,1.0,0.0,0.0,10,0,0.0,0.0,0.0,0.0,33.21083333333333,0.012008333333333399,0.1095825411885187
churn,5000,0,5,3,0,60,3600,0,600,1500,4,14.825,0.0033251851851851914,0.057664418710199374,1.8825,0.00037966666666666243,0.01948503699423387,63.9415,0.010655833333333285,0.10322709592608563,76.4335,0.020071660000000782,0.14167448605871413,17.808333333333334,0.003811999999999988,0.06174139616173243,3,0,0.0,63.81125,0.10036941666666621,0.3168113266072825,76.5613,0.05848235333333595,0.24183124970387088,1.0,0.0,0.0,1.0,0.0,0.0,1.0,0.0,0.0,1.0,0.0,0.0,0.9996666666666667,1.4814814814816485e-07,0.0003849001794597722,0.9997666666666667,1.3333333333330397e-08,0.00011547005383791244,0.0,0.0,0.0,0.0,0.0,0.0,1.0,0.0,0.0,12.31975,4.2250000000002904e-05,0.0065000000000002235,98.45,0.0033333333333329545,0.05773502691895929,1.0,0.0,0.0,10,0,0.0,0.0,0.0,0.0,0.0,0.0,0.0
churn,5000,0,5,3,0,60,60,0,600,1500,4,14.766666666666666,0.0016797037037036937,0.04098418845974254,1.867,0.00014474074074073966,0.012030824607679211,63.849375,0.02419806250000092,0.15555726437553766,76.42215,0.009699616666666482,0.09848663191858316,17.838333333333335,0.004621777777777806,0.06798365816707576,3,0,0.0,64.141625,0.07521506250000004,0.27425364628387355,76.53775,0.0315663500000012,0.17766921511618494,1.0,0.0,0.0,1.0,0.0,0.0,1.0,0.0,0.0,1.0,0.0,0.0,0.9996666666666667,1.4814814814816485e-07,0.0003849001794597722,0.9996833333333334,4.555555555556156e-08,0.00021343747458110903,0.0,0.0,0.0,0.0,0.0,0.0,1.0,0.0,0.0,12.459463567839196,0.0003398177045192614,0.018434145071558414,98.45,0.0033333333333329545,0.05773502691895929,1.0,0.0,0.0,10,0,0.0,0.0,0.0,0.0,33.155,0.007031481481481465,0.0838539294337568
churn,5000,0,5,3,10,10,3600,0,600,1500,4,14.476166666666666,0.0029565555555555504,0.05437421774660809,1.7681666666666667,0.0002092962962962956,0.014467076287083564,75.633,0.8191788333333395,0.9050849868014271,1055.879975,0.1687960758332636,0.4108479960195298,18.558666666666667,0.0025395555555554833,0.050394003170570634,4.063833333333333,0.0016119629629629806,0.04014925856056349,76.9285,0.11667716666666697,0.34158039561231696,1057.119225,0.07401646250002604,0.2720596671688511,0.9866666666666667,1.8666666666666797e-05,0.004320493798938589,0.9866666666666667,1.8666666666666797e-05,0.004320493798938589,0.9918333333333333,7.222222222222198e-06,0.0026874192494328454,0.9947903923154432,1.063816587339974e-05,0.0032616201301500056,0.9995,1.0000000000000019e-06,0.0010000000000000009,0.9608333333333334,1.7259259259259207e-06,0.0013137450003428827,0.02996123641153711,1.1826169888680088e-06,0.0010874819487550168,0.02996123641153711,1.1826169888680088e-06,0.0010874819487550168,1.1198449456461483,1.8921871821887764e-05,0.004349927795020024,13.009526381909547,0.00017535621785641167,0.013242213480246106,98.45,0.0033333333333329545,0.05773502691895929,1.0,0.0,0.0,10,0,0.0,1.2013,3.6000000000005394e-07,0.0006000000000000449,136.30041666666668,0.034415509259256544,0.1855141753593416
churn,5000,0,5,3,10,10,60,0,600,1500,4,14.491166666666667,0.0006407037037037105,0.025312125625946758,1.7633333333333332,0.0002693333333333354,0.016411378166788292,75.6675,0.15387116666666814,0.39226415419544536,1055.817875,0.8765999225000972,0.9362691506720154,17.596333333333334,0.008596296296296295,0.09271621377243731,3.1141666666666667,7.833333333333222e-05,0.008850612031567773,76.10725,0.21588341666666605,0.46463256091955724,1056.21155,1.1804632566666124,1.0864912593604297,1.0,0.0,0.0,1.0,0.0,0.0,1.0,0.0,0.0,1.0,0.0,0.0,0.9996666666666667,1.4814814814816485e-07,0.0003849001794597722,0.9605333333333334,2.0148148148147658e-07,0.00044886688614942025,0.029071704519210127,5.335046755217787e-07,0.00073041404389687,0.029071704519210127,5.335046755217787e-07,0.00073041404389687,1.1162868180768406,8.536074808348202e-06,0.002921656175587436,13.01625,2.625000000000199e-05,0.005123475382979994,98.45,0.0033333333333329545,0.05773502691895929,1.0,0.0,0.0,10,0,0.0,1.2014,5.333333333332159e-08,0.0002309401076758249,171.32916666666668,0.028719444444445717,0.16946812220723317
churn,5000,0,5,3,10,60,3600,0,600,1500,4,14.579333333333333,0.007261333333333357,0.08521345746613827,1.8586666666666667,0.0007362962962962973,0.027134780196203863,1049.726625,19.895268229166835,4.460411217496301,1564.4768,265498.59441492666,515.265557178943,19.02466666666667,0.021038518518518547,0.1450466080903602,4.398666666666667,0.014723555555555568,0.12134065911950358,1052.5473749999999,21.683371729166694,4.656540747074667,1798.2272500000001,203398.72918088333,450.99748245515,0.9898333333333333,2.3222222222222227e-05,0.004818944098266987,0.9898333333333333,2.3222222222222227e-05,0.004818944098266987,0.9976666666666667,1.629629629629542e-06,0.0012765694770084165,0.9921464932046149,1.6823800853668454e-05,0.004101682685638719,0.9996666666666667,1.4814814814816485e-07,0.0003849001794597722,0.8533833333333334,1.79951851851851e-05,0.004242073217801067,0.12299651280854768,1.865555231584558e-05,0.004319207371248292,0.12299651280854768,1.865555231584558e-05,0.004319207371248292,1.4919860512341907,0.00029848883705352954,0.017276829484993175,12.518,0.00027800000000002107,0.016673332000533697,98.45,0.0033333333333329545,0.05773502691895929,1.0,0.0,0.0,10,0,0.0,1.2014,1.5999999999996475e-07,0.00039999999999995595,136.99083333333334,0.11284537037036786,0.3359246498403591
churn,5000,0,5,3,10,60,60,0,600,1500,4,14.592166666666667,0.001974925925925914,0.0444401386803182,1.8698333333333332,0.0008546296296296311,0.029234049148717512,1046.0175,1.2764091666667368,1.1297827962341862,1124.881525,140.91913504916778,11.87093657000861,17.931666666666665,0.0032119999999999293,0.05667450926121839,3.3875,0.0005275185185185141,0.022967771300640254,1043.22475,0.06661608333336012,0.2581009169556748,1106.0786,52.68100011333484,7.258167820692412,1.0,0.0,0.0,1.0,0.0,0.0,1.0,0.0,0.0,1.0,0.0,0.0,0.9998333333333334,1.1111111111112364e-07,0.00033333333333335213,0.85855,8.187777777777608e-06,0.002861429324267438,0.11155487804541829,1.5066180421536938e-06,0.0012274437022339127,0.11155487804541829,1.5066180421536938e-06,0.0012274437022339127,1.4462195121816732,2.4105888674459464e-05,0.004909774808935687,12.5535,0.0004996666666666641,0.022353224972398594,98.45,0.0033333333333329545,0.05773502691895929,1.0,0.0,0.0,10,0,0.0,1.2025000000000001,1.6399999999999644e-06,0.001280624847486556,168.8829166666667,0.09695810185185155,0.31138095935983556
churn,5000,0,5,3,100,10,3600,0,600,1500,4,12.973833333333333,0.05595329629629657,0.2365444911560964,0.9964999999999999,0.0007399629629629633,0.027202260254673018,3048.977625,374.49233072916377,19.351804327482327,5054.03005,128.372838003334,11.330173785222096,22.588166666666666,0.02115862962962959,0.14546006197451447,9.64,0.0006017777777777621,0.024531159323965147,3044.5946249999997,29.18911922916661,5.40269555214493,5052.081775,34.94814859583457,5.911695915372725,0.07816666666666666,2.7666666666666633e-05,0.005259911279353164,0.07816666666666666,2.7666666666666633e-05,0.005259911279353164,0.11266666666666666,5.037037037037038e-06,0.0022443344307471287,0.6936567136662635,0.0017626046359731752,0.04198338523717657,0.15966666666666668,8.340740740740735e-05,0.009132765594682004,0.07491666666666667,7.1270370370370315e-06,0.0026696511077361836,0.7097088031026889,2.6930651662175178e-05,0.005189475085418099,0.7097088031026889,2.6930651662175178e-05,0.005189475085418099,3.8388352124107556,0.00043089042659480285,0.020757900341672395,12.7065,0.0009390000000000197,0.030643106892089447,98.45,0.0033333333333329545,0.05773502691895929,1.0,0.0,0.0,10,0,0.0,12.06975,2.4090000000000157e-05,0.004908156476723226,820.7045833333333,14.667395138888912,3.8298035378970696
churn,5000,0,5,3,100,10,60,0,600,1500,4,12.937166666666666,0.013200407407407438,0.11489302593024277,0.9761666666666666,0.0013061851851851854,0.0361411840589816,3044.455125,30.662347395833628,5.537359243884546,5046.2263,5.176102046667886,2.275104843005677,22.518166666666666,0.009027962962962923,0.0950155932621742,9.480333333333334,0.0005459259259259368,0.02336505779847199,3051.52975,36.47925558333365,6.0398059226546055,5058.307925,19.29199972916706,4.3922658991876915,0.11933333333333333,5.985185185185176e-05,0.007736397860235199,0.11933333333333333,5.985185185185176e-05,0.007736397860235199,0.22416666666666668,7.388888888888896e-05,0.008595864638818422,0.5043485515619324,0.000662723146198186,0.02574340976246515,0.16116666666666665,2.144444444444445e-05,0.004630814663149936,0.07663333333333333,7.397037037037025e-06,0.0027197494437975396,0.7118727595455518,6.251722335008335e-06,0.0025003444432734334,0.7118727595455518,6.251722335008335e-06,0.0025003444432734334,3.8474910381822074,0.00010002755736013336,0.010001377773093734,12.708062814070352,0.000486002382094766,0.02204546171198884,98.475,0.002499999999999716,0.04999999999999716,1.0,0.0,0.0,10,0,0.0,12.0739,1.0519999999995019e-05,0.003243454948044603,829.4208333333333,17.081862037037048,4.133020933534822
churn,5000,0,5,3,100,60,3600,0,600,1500,4,12.676333333333334,0.056952148148148085,0.23864649200888766,0.8826666666666667,0.003592,0.05993329625508679,3063.152875,839.1615182291662,28.968284696011363,5041.023375,75.7538027625014,8.703666053020497,22.3545,0.01960929629629627,0.14003319712231194,9.634833333333333,0.001023222222222252,0.031987844913689514,3052.64725,179.42293508333364,13.394884661068703,5046.294875,11.50710854916978,3.3922129280411895,0.0765,9.592592592592585e-06,0.0030971910810591884,0.0765,9.592592592592585e-06,0.0030971910810591884,0.11316666666666667,1.1666666666666644e-05,0.003415650255319863,0.6766661440471741,0.0015626759122690868,0.039530695823234464,0.12816666666666665,4.840740740740738e-05,0.0069575432019792285,0.06991666666666667,6.52962962962969e-07,0.0008080612371367463,0.7347319532058307,3.876732310353556e-06,0.0019689419266076783,0.7347319532058307,3.876732310353556e-06,0.0019689419266076783,3.938927812823323,6.20277169656569e-05,0.007875767706430713,12.63575,0.00019625000000000688,0.014008925726122145,98.45,0.0033333333333329545,0.05773502691895929,1.0,0.0,0.0,10,0,0.0,12.09705,0.0004246500000000117,0.02060703763280913,795.4625,65.74855833333304,8.108548472651133
churn,5000,0,5,3,100,60,60,0,600,1500,4,12.815166666666666,0.011478925925926057,0.10713974951401584,0.9325,0.0005364074074074068,0.023160470794165795,3051.518,42.08609950000221,6.487380018158502,5045.51535,5.112942376667271,2.2611816328343175,22.301499999999997,0.043684851851851836,0.20900921475344533,9.512333333333334,0.0005714074074073806,0.023904129505325656,3068.449375,821.6524827291719,28.664481204605323,5045.2845,9.300951219999767,3.0497460910704954,0.10300000000000001,5.496296296296299e-05,0.007413701030049903,0.10300000000000001,5.496296296296299e-05,0.007413701030049903,0.19966666666666666,0.0001038518518518519,0.010190772878042759,0.5016588945117673,0.0005928301691283599,0.024348104015063675,0.14250000000000002,0.00010440740740740738,0.010217994294743337,0.07276666666666667,1.0671111111111099e-05,0.0032666666666666647,0.7328509617370693,1.4126288822993064e-05,0.0037584955531426486,0.7328509617370693,1.4126288822993064e-05,0.0037584955531426486,3.9314038469482773,0.00022602062116788902,0.015033982212570594,12.61475,0.0006675833333333095,0.02583763405061132,98.45,0.0033333333333329545,0.05773502691895929,1.0,0.0,0.0,10,0,0.0,12.08895,0.0007967833333333558,0.028227350802605543,804.7291666666667,20.017041666666604,4.47404086555617
churn,5000,0,5,3,2.5,10,3600,0,600,1500,4,14.736,0.0034290370370370065,0.05855798013112309,1.8445,0.0005100370370370374,0.0225839995801682,69.0355,0.0525406666666662,0.2292175095115253,87.40465000000003,5.0872335366666706,2.255489644548755,17.857833333333332,0.003144111111111062,0.05607237386727141,3.1866666666666665,0.0008358518518518462,0.028911102570670772,69.39175,0.1310967499999967,0.36207285178537857,320.14792500000004,209047.89952636242,457.2175625742765,1.0,0.0,0.0,1.0,0.0,0.0,1.0,0.0,0.0,1.0,0.0,0.0,0.9998333333333334,1.1111111111112364e-07,0.00033333333333335213,0.9924666666666666,3.348148148148052e-07,0.0005786318473907267,0.006409352243029818,1.217099584655384e-07,0.0003488695436198729,0.006409352243029818,1.217099584655384e-07,0.0003488695436198729,1.0256374089721194,1.9473593354484914e-06,0.0013954781744794475,13.190999999999999,0.00048599999999999777,0.022045407685048552,98.475,0.002499999999999716,0.04999999999999716,1.0,0.0,0.0,10,0,0.0,0.2998,0.0,0.0,33.97916666666667,0.03736018518518482,0.19328782989413695
churn,5000,0,5,3,2.5,10,60,0,600,1500,4,14.663166666666665,0.0050196666666666966,0.07084960597396923,1.8225,0.00040366666666666876,0.02009145755455957,68.8055,0.1979718333333338,0.44494025816207483,87.70040000000006,7.195525406666803,2.682447652176423,17.7225,0.009074481481481484,0.09526007286099189,3.026666666666667,2.0740740740742093e-06,0.0014401645996462381,69.76275,0.9496584166666653,0.9745041901739906,90.19387500000009,26.39943040250106,5.138037602285629,0.9998333333333334,1.1111111111112364e-07,0.00033333333333335213,0.9998333333333334,1.1111111111112364e-07,0.00033333333333335213,1.0,0.0,0.0,0.9998333333333334,1.1111111111112364e-07,0.00033333333333335213,1.0,0.0,0.0,0.9925666666666666,3.837037037036932e-07,0.0006194382162118294,0.006270966352335294,3.268955910680812e-07,0.0005717478387087102,0.006270966352335294,3.268955910680812e-07,0.0005717478387087102,1.025083865409341,5.230329457089473e-06,0.0022869913548348784,13.204,0.00033266666666665793,0.018239152027072363,98.45,0.0033333333333329545,0.05773502691895929,1.0,0.0,0.0,10,0,0.0,0.2999,4.000000000000229e-08,0.00020000000000000573,68.98458333333333,0.007937731481481506,0.0890939475019572
churn,5000,0,5,3,2.5,60,3600,0,600,1500,4,14.694500000000001,0.000995962962962959,0.031558880888950404,1.8575,0.00048040740740740536,0.021918198087603036,73.9445,0.05548650000000197,0.23555572589092794,1054.561225,0.00827774250000007,0.09098209988783547,17.91466666666667,0.004811555555555677,0.06936537721050522,3.23,0.00026666666666666516,0.016329931618554474,74.206,0.06215883333333282,0.24931673295896692,1054.9252749999998,0.08890694916666325,0.29817268346826015,1.0,0.0,0.0,1.0,0.0,0.0,1.0,0.0,0.0,1.0,0.0,0.0,0.9996666666666667,1.4814814814816485e-07,0.0003849001794597722,0.9682166666666667,5.966666666666315e-07,0.0007724420150837417,0.02781035558272644,6.394348686333186e-07,0.0007996467148893432,0.02781035558272644,6.394348686333186e-07,0.0007996467148893432,1.1112414223309057,1.023095789813321e-05,0.0031985868595573903,12.43325,0.00039358333333334235,0.01983893478323225,98.45,0.0033333333333329545,0.05773502691895929,1.0,0.0,0.0,10,0,0.0,0.3003,1.3333333333330397e-08,0.00011547005383791244,34.045,0.01932037037037005,0.13899773512676403
churn,5000,0,5,3,2.5,60,60,0,600,1500,4,14.707,0.0014949629629629787,0.03866475091039614,1.8576666666666668,0.00017496296296296202,0.013227356612829413,73.515,0.12820416666666695,0.3580560943018104,1052.010175,22.759774662500174,4.77072056009364,17.826166666666666,0.0042866296296296185,0.06547235775218133,3.086333333333333,6.355555555555379e-05,0.007972173828734155,73.913875,0.2786028958333346,0.5278284719805617,1048.3075500000002,22.278793296667622,4.720041662598713,0.9998333333333334,1.1111111111112364e-07,0.00033333333333335213,0.9998333333333334,1.1111111111112364e-07,0.00033333333333335213,1.0,0.0,0.0,0.9998333333333334,1.1111111111112364e-07,0.00033333333333335213,0.9998333333333334,1.1111111111112364e-07,0.00033333333333335213,0.9701833333333334,1.1151851851851592e-06,0.0010560232881831532,0.025016823388244167,7.029831717182462e-07,0.0008384409172495377,0.025016823388244167,7.029831717182462e-07,0.0008384409172495377,1.1000672935529767,1.1247730747491959e-05,0.003353763668998154,12.45425,0.002120249999999988,0.04604617247937105,98.45,0.0033333333333329545,0.05773502691895929,1.0,0.0,0.0,10,0,0.0,0.30010000000000003,6.666666666666679e-08,0.0002581988897471614,68.28125,0.03969328703703696,0.1992317420418668
churn,5000,0,5,3,25,10,3600,0,600,1500,4,14.446333333333333,0.00017466666666666293,0.013216151734399198,1.8173333333333335,0.00044592592592592736,0.02111695825458599,1045.7545,0.63375,0.796084166404533,1128.2119750000002,25.75908677583425,5.075341050198917,20.901666666666667,0.022796296296296266,0.15098442401882475,6.4395,0.015640111111111105,0.12506042983738344,1049.64025,12.87729808333385,3.5884952394191427,1802.67265,196624.91881261673,443.42408461045136,0.7486666666666666,0.00018044444444444466,0.013432961119739932,0.7486666666666666,0.00018044444444444466,0.013432961119739932,0.795,0.0001933333333333337,0.013904435743076152,0.9417443141087374,7.386047208919944e-05,0.00859421154552292,0.9996666666666667,1.4814814814816485e-07,0.0003849001794597722,0.8342666666666667,5.2177777777777385e-06,0.0022842455598682332,0.11974000485054297,1.9019631221964166e-06,0.001379116790629574,0.11974000485054297,1.9019631221964166e-06,0.001379116790629574,1.478960019402172,3.0431409955141832e-05,0.005516467162518221,12.85075,0.0003249166666666739,0.018025444978326442,98.475,0.002499999999999716,0.04999999999999716,1.0,0.0,0.0,10,0,0.0,3.0073499999999997,5.39666666666641e-06,0.0023230726778700685,342.3979166666667,0.020602546296294648,0.14353587111344204
churn,5000,0,5,3,25,10,60,0,600,1500,4,14.445666666666668,0.0009085925925926044,0.03014286968078196,1.8114999999999999,5.137037037036989e-05,0.0071673126323866946,1045.875125,0.43248706250003316,0.6576374856256547,1117.4831500000003,35.109607416669526,5.925336059386803,17.947833333333335,0.0010424814814814275,0.03228748180768248,3.504,0.000766518518518518,0.027686070839296032,1052.69475,13.063780416666633,3.614385205905236,2014.5954000000002,30.60142247333307,5.531855246961283,0.9998333333333334,1.1111111111112364e-07,0.00033333333333335213,0.9998333333333334,1.1111111111112364e-07,0.00033333333333335213,1.0,0.0,0.0,0.9998333333333334,1.1111111111112364e-07,0.00033333333333335213,0.9994999999999999,1.1111111111112364e-07,0.00033333333333335213,0.8356666666666667,8.325925925925671e-07,0.0009124651185621109,0.11996247159889079,2.688602378279182e-06,0.0016396958188271329,0.11996247159889079,2.688602378279182e-06,0.0016396958188271329,1.4798498863955631,4.301763805246745e-05,0.006558783275308572,12.85475,0.0002989166666666699,0.017289206652321264,98.475,0.002499999999999716,0.04999999999999716,1.0,0.0,0.0,10,0,0.0,3.00535,3.9299999999999785e-06,0.0019824227601598953,370.69083333333333,0.26083240740740765,0.5107175417071629
churn,5000,0,5,3,25,60,3600,0,600,1500,4,15.394166666666667,0.000716851851851872,0.026774089188091387,2.1755,0.0003186296296296296,0.017850199708396252,2060.58575,1.3584407500002629,1.1655216643204291,3087.614225,57.57371944249903,7.587734803121353,22.992833333333333,0.04350203703703728,0.2085714195114884,7.5055,0.008664407407407461,0.09308279866552929,2069.251125,10.550509895832693,3.2481548448053847,4032.73565,64.36131193666195,8.022550214031817,0.6266666666666667,0.00018755555555555558,0.013695092389449427,0.6266666666666667,0.00018755555555555558,0.013695092389449427,0.7606666666666666,0.00018014814814814833,0.013421927884925784,0.8239395850249458,0.00033005271831779094,0.018167353090579565,0.9918333333333333,3.6666666666667348e-06,0.001914854215512694,0.56315,2.061740740740726e-05,0.0045406395372686505,0.3762936950576529,1.5086042704792782e-05,0.0038840755276890256,0.3762936950576529,1.5086042704792782e-05,0.0038840755276890256,2.5051747802306115,0.0002413766832766849,0.015536302110756114,12.5625,0.00011299999999999199,0.010630145812734273,98.45,0.0033333333333329545,0.05773502691895929,1.0,0.0,0.0,10,0,0.0,3.01555,4.223333333333039e-06,0.0020550750189063756,348.4033333333333,0.343024074074061,0.5856825710861311
churn,5000,0,5,3,25,60,60,0,600,1500,4,15.285333333333334,0.009968888888888909,0.09984432326822046,2.1283333333333334,0.0005370370370370364,0.023174059571793554,2052.6833749999996,2.3706992291668256,1.5397075141619676,3076.6054,28.75692498000161,5.362548366215601,19.950666666666667,0.009144592592592482,0.09562736320004062,4.5921666666666665,0.0009666296296296391,0.03109066788651603,2050.38625,0.45515908333319566,0.6746547882681896,3075.579075,36.960049029165376,6.079477693779736,0.9924999999999999,3.181481481481499e-05,0.00564046228733204,0.9924999999999999,3.181481481481499e-05,0.00564046228733204,0.998,7.407407407407404e-06,0.002721655269759086,0.9944839177465019,1.1199808837206448e-05,0.0033466115456094463,0.9926666666666666,8.888888888888905e-07,0.0009428090415820641,0.5750833333333333,2.463333333333377e-06,0.001569500982265821,0.3472757973816501,7.517674240001735e-06,0.0027418377486645223,0.3472757973816501,7.517674240001735e-06,0.0027418377486645223,2.3891031895266,0.00012028278784002777,0.01096735099465809,12.585329145728643,4.207823876502037e-05,0.006486774141668598,98.45,0.0033333333333329545,0.05773502691895929,1.0,0.0,0.0,10,0,0.0,3.01635,2.1930000000000852e-05,0.004682947789587329,369.425,1.4160962962963042,1.189998443820959
churn,5000,0,5,3,5,10,3600,0,600,1500,4,14.581333333333333,0.0029004444444444143,0.05385577447632161,1.7978333333333334,0.00027774074074074094,0.016665555518516055,68.782875,0.7929635624999978,0.8904850153146867,1032.806725,1.592703222500223,1.2620234635299863,18.0245,0.0025642592592593333,0.050638515571246094,3.394,0.0020820740740740795,0.04562974987959149,69.476125,0.2715713958333311,0.521125124930022,1041.0349250000002,13.136415489165277,3.624419331308848,0.9998333333333334,1.1111111111112364e-07,0.00033333333333335213,0.9998333333333334,1.1111111111112364e-07,0.00033333333333335213,1.0,0.0,0.0,0.9998333333333334,1.1111111111112364e-07,0.00033333333333335213,0.9996666666666667,4.4444444444442056e-07,0.0006666666666666488,0.9836333333333334,1.168888888888846e-06,0.001081151649348437,0.013271889426214992,7.424794761595117e-07,0.0008616724877582617,0.013271889426214992,7.424794761595117e-07,0.0008616724877582617,1.05308755770486,1.1879671618552008e-05,0.0034466899510330207,13.061250000000001,0.0008395833333333356,0.028975564417856224,98.45,0.0033333333333329545,0.05773502691895929,1.0,0.0,0.0,10,0,0.0,0.6003000000000001,2.2666666666667595e-07,0.0004760952285695331,68.05208333333334,0.09993773148148062,0.3161292955128971
churn,5000,0,5,3,5,10,60,0,600,1500,4,14.5715,0.0031639629629629682,0.05624911521937895,1.7945,0.0004048518518518511,0.020120930690498667,69.61275,0.5917594166666614,0.7692590049304989,1034.996075,30.15659492916634,5.491502064933267,17.655,0.002256740740740701,0.047505165411149776,3.0536666666666665,1.3185185185185242e-05,0.003631141030748495,69.7265,0.2658271666666646,0.5155842963732163,1034.122425,2.082608582500053,1.443124590082247,1.0,0.0,0.0,1.0,0.0,0.0,1.0,0.0,0.0,1.0,0.0,0.0,0.999,1.3333333333333603e-06,0.0011547005383792633,0.9828833333333333,2.312222222222182e-06,0.0015205992970609259,0.013264122775144133,7.274742154485588e-07,0.0008529209901559223,0.013264122775144133,7.274742154485588e-07,0.0008529209901559223,1.0530564911005764,1.1639587447177125e-05,0.003411683960623716,13.104,0.0015866666666666464,0.03983298465677216,98.45,0.0033333333333329545,0.05773502691895929,1.0,0.0,0.0,10,0,0.0,0.6001,1.4666666666667137e-07,0.0003829708431025414,103.54208333333332,0.036641435185185825,0.19141952665594444
churn,5000,0,5,3,5,60,3600,0,600,1500,4,14.598333333333333,0.0015509629629629387,0.03938226711304135,1.8331666666666666,0.00044425925925925904,0.021077458557882615,1009.086125,28.3005333958336,5.319824564384957,1066.9612499999998,0.39756125666682285,0.630524588471237,18.2085,0.005226481481481533,0.07229440836939972,3.5655,0.00021640740740740648,0.014710792208695169,1018.0160000000001,0.13296249999998386,0.3646402336550149,1067.961,0.9410929000000147,0.9700994278938704,0.9996666666666667,1.4814814814816485e-07,0.0003849001794597722,0.9996666666666667,1.4814814814816485e-07,0.0003849001794597722,0.9998333333333334,1.1111111111112364e-07,0.00033333333333335213,0.9998333333333334,1.1111111111112364e-07,0.00033333333333335213,0.9998333333333334,1.1111111111112364e-07,0.00033333333333335213,0.9311333333333334,8.385185185185163e-07,0.0009157065679127329,0.058703385864928,1.0365200687851418e-06,0.0010180962964205017,0.058703385864928,1.0365200687851418e-06,0.0010180962964205017,1.234813543459712,1.6584321100562517e-05,0.004072385185682037,12.51575,0.020050916666666647,0.1416012594105951,98.45,0.0033333333333329545,0.05773502691895929,1.0,0.0,0.0,10,0,0.0,0.6007,3.9999999999991186e-08,0.00019999999999997797,68.16083333333333,0.05901203703703685,0.24292393261479373
churn,5000,0,5,3,5,60,60,0,600,1500,4,14.592166666666667,0.004395074074073994,0.06629535484537355,1.8265,0.00019151851851851977,0.013839021588194729,1005.713,0.5684144999999944,0.7539326893032258,1064.900525,19.625536709167868,4.4300718627543585,17.799166666666668,0.0036101851851851807,0.06008481659442076,3.1758333333333333,3.8925925925926925e-05,0.006239064507274061,776.8195,210627.07093883332,458.941249986132,1066.687525,0.6851840024999548,0.8277584203739367,1.0,0.0,0.0,1.0,0.0,0.0,1.0,0.0,0.0,1.0,0.0,0.0,1.0,0.0,0.0,0.9351333333333334,5.327407407407512e-06,0.00230811771957314,0.05229762747245579,6.902735527064102e-06,0.00262730575439253,0.05229762747245579,6.902735527064102e-06,0.00262730575439253,1.2091905098898232,0.00011044376843302558,0.010509223017570119,12.551214824120603,0.0019203387014636798,0.04382166931397844,98.45,0.0033333333333329545,0.05773502691895929,1.0,0.0,0.0,10,0,0.0,0.6004499999999999,1.7000000000001436e-07,0.0004123105625617835,101.85041666666666,0.06286550925925749,0.2507299528561705
churn,5000,0,5,3,50,10,3600,0,600,1500,4,16.423166666666667,0.015612851851851708,0.12495139795877319,2.2125,0.0014220370370370337,0.03770990635147525,3058.276375,3.675624229166461,1.9171917559718592,5075.496875,142.71700135583887,11.946422115254377,25.428333333333335,0.006094962962962849,0.07807024377419894,8.882833333333334,0.002390925925925927,0.04889709527084331,3075.7675,24.670803500000694,4.966971260235023,5084.895375,6.049986409168599,2.459672012518864,0.27066666666666667,0.0001105185185185186,0.010512778820013223,0.27066666666666667,0.0001105185185185186,0.010512778820013223,0.3511666666666667,0.0001681111111111108,0.012965766892517805,0.7709732097064137,0.0004900543540179266,0.0221371713192523,0.8103333333333333,2.2074074074073948e-05,0.0046983054470813145,0.33716666666666667,4.748148148148087e-06,0.002179024586402844,0.549978049201685,5.673742930371427e-06,0.0023819619917982374,0.549978049201685,5.673742930371427e-06,0.0023819619917982374,3.19991219680674,9.077988688594284e-05,0.00952784796719295,12.71825,0.0004482500000000017,0.021171915359740168,98.475,0.002499999999999716,0.04999999999999716,1.0,0.0,0.0,10,0,0.0,6.0497,0.00023388000000000155,0.015293135715084775,653.995,13.617924074073912,3.690247156231397
churn,5000,0,5,3,50,10,60,0,600,1500,4,16.309333333333335,0.026363555555555404,0.1623685793358906,2.1905,0.0020892962962962922,0.04570882077122852,3059.744875,26.63981022916644,5.16137677651675,5068.2178,33.48561553999975,5.786675689893097,23.462,0.026008888888888783,0.16127271588489103,6.968833333333333,0.012711518518518514,0.1127453702753178,3068.17575,1.324724916666837,1.15096694855536,5083.918825000001,90.02111779583116,9.487945920789766,0.7538333333333334,0.000386185185185185,0.019651594978148338,0.7538333333333334,0.000386185185185185,0.019651594978148338,0.8868333333333334,0.00018085185185185194,0.013448117037409064,0.8445133497483012,0.0002338401477985811,0.015291832715491662,0.8011666666666667,0.00025166666666666734,0.015864005379054413,0.34185,6.605555555555579e-06,0.0025701275368268358,0.5441542902463575,1.1927829899362196e-06,0.0010921460478966261,0.5441542902463575,1.1927829899362196e-06,0.0010921460478966261,3.17661716098543,1.9084527838979514e-05,0.0043685841915865045,12.712399497487437,0.00012128495913401382,0.011012945070870635,98.45,0.0033333333333329545,0.05773502691895929,1.0,0.0,0.0,10,0,0.0,6.0470500000000005,4.480999999999808e-05,0.006694027188471681,665.04125,0.42597476851854066,0.652667425660681
churn,5000,0,5,3,50,60,3600,0,600,1500,4,16.314833333333333,0.0077438148148146315,0.08799894780515635,1.9818333333333333,0.000822037037037041,0.028671188273893377,4026.5875,0.23467949999999113,0.4844373024447964,6059.114925,32.889266209164965,5.734916408210757,25.517833333333332,0.04531003703703751,0.21286154428885812,9.0745,0.002985296296296264,0.05463786504152834,4029.39175,0.9665587500001475,0.9831371979536465,6066.354825,22.873760909167093,4.7826520790422435,0.22716666666666666,0.00017670370370370382,0.013292994534855712,0.22716666666666666,0.00017670370370370382,0.013292994534855712,0.3358333333333333,0.00010440740740740739,0.010217994294743337,0.6771164523881915,0.0024410350986512922,0.049406832509798604,0.5529999999999999,0.0002185185185185185,0.014782371884055633,0.23218333333333335,7.115185185185168e-06,0.0026674304461757137,0.6534722401241633,7.715006125701144e-06,0.002777589985167203,0.6534722401241633,7.715006125701144e-06,0.002777589985167203,3.613888960496653,0.0001234400980112183,0.011110359940668812,12.6435,0.0007796666666666569,0.027922511825884448,98.45,0.0033333333333329545,0.05773502691895929,1.0,0.0,0.0,10,0,0.0,6.06295,0.00047883666666666654,0.02188233686484756,586.7562499999999,40.51721180555547,6.36531317419304
churn,5000,0,5,3,50,60,60,0,600,1500,4,16.21216666666667,0.020856111111111193,0.14441645027873795,1.9761666666666666,0.0014027777777777812,0.0374536750904071,4026.482,0.1393495000000066,0.3732954593884134,6054.1188,3.173017079999945,1.781296460446701,24.319166666666668,0.0042288518518517814,0.06502962287951378,7.9325,0.0011609999999999882,0.03407345007480147,4026.845875,0.19985156250010672,0.44704760652541997,6060.5212249999995,19.50541596916703,4.416493628339911,0.5415,0.0002993703703703715,0.017302322687153062,0.5415,0.0002993703703703715,0.017302322687153062,0.8185,0.0002759629629629622,0.01661213300461329,0.657459396890802,0.0002229809678309738,0.014932547265318593,0.5548333333333333,0.00023596296296296302,0.015361085995559137,0.23711666666666667,3.3592222222222184e-05,0.005795879762574633,0.6451400037287647,1.563396635411709e-05,0.0039539810766007835,0.6451400037287647,1.563396635411709e-05,0.0039539810766007835,3.5805600149150587,0.0002501434616658734,0.015815924306403134,12.636645728643217,0.0006190648468473404,0.024881013782547937,98.45,0.0033333333333329545,0.05773502691895929,1.0,0.0,0.0,10,0,0.0,6.046,1.3946666666665963e-05,0.0037345236197761505,595.7041666666667,12.768082407407222,3.5732453606500663
heat_alpha_size,1000,0,5,1,0,60,3600,0,0,500,3,10.870000000000001,0.0026999999999999915,0.051961524227066236,1.46,0.0007840000000000014,0.028000000000000025,135.53916666666666,0.04218808333333352,0.20539737908097444,148.11196666666666,0.006673453333331417,0.08169120719717281,11.892,0.0010720000000000055,0.03274141108748988,1,0,0.0,135.65616666666668,0.3814175833333259,0.6175901418686393,147.85853333333333,0.6991756233333409,0.8361672221113077,1.0,0.0,0.0,1.0,0.0,0.0,1.0,0.0,0.0,1.0,0.0,0.0,0.9973333333333333,5.333333333333343e-06,0.0023094010767585054,0.9992666666666666,2.5333333333333677e-07,0.00050332229568472,0.0,0.0,0.0,0.0,0.0,0.0,1.0,0.0,0.0,12.300666666666666,0.002056333333333334,0.04534681172181054,75.23333333333333,0.0033333333333329545,0.05773502691895929,1.0,0.0,0.0,10,0,0.0,0.0,0.0,0.0,0.0,0.0,0.0
heat_alpha_size,1000,0,5,10,0,60,3600,0,0,500,3,24.152,0.0712479999999999,0.26692320993124574,1.3353333333333335,0.0010893333333333352,0.03300505011863086,37.40916666666667,0.0014173333333332356,0.03764748774265337,43.31486666666667,20.884625363333324,4.56996995212587,34.238,0.06017199999999951,0.24529981655109226,10,0,0.0,37.73166666666667,0.030650083333333078,0.1750716519980693,44.45913333333334,15.669200623333355,3.9584341125416445,1.0,0.0,0.0,1.0,0.0,0.0,1.0,0.0,0.0,1.0,0.0,0.0,0.9973333333333333,5.333333333333343e-06,0.0023094010767585054,0.9987333333333334,9.333333333334979e-08,0.00030550504633041625,0.0,0.0,0.0,0.0,0.0,0.0,1.0,0.0,0.0,12.503333333333334,0.0010363333333333446,0.03219213154380034,75.23333333333333,0.0033333333333329545,0.05773502691895929,1.0,0.0,0.0,10,0,0.0,0.0,0.0,0.0,0.0,0.0,0.0
heat_alpha_size,1000,0,5,2,0,60,3600,0,0,500,3,11.940666666666667,0.001129333333333358,0.03360555509634319,1.406,0.0008680000000000016,0.029461839725312498,74.8825,0.20938574999999715,0.45758687699714157,87.67646666666667,0.02979045333333325,0.172599111623824,13.958,0.0033480000000000194,0.0578619045659579,2,0,0.0,75.0865,0.10093125000000079,0.3176967894077634,87.65276666666666,0.0728761233333296,0.26995578032953765,1.0,0.0,0.0,1.0,0.0,0.0,1.0,0.0,0.0,1.0,0.0,0.0,0.9973333333333333,5.333333333333343e-06,0.0023094010767585054,0.9990666666666667,1.7333333333329515e-07,0.0004163331998931807,0.0,0.0,0.0,0.0,0.0,0.0,1.0,0.0,0.0,12.31639028475712,0.0004042248007205269,0.020105342591473712,75.2,0.0,0.0,1.0,0.0,0.0,10,0,0.0,0.0,0.0,0.0,0.0,0.0,0.0
heat_alpha_size,1000,0,5,3,0,60,3600,0,0,500,3,13.173333333333334,0.00048133333333333036,0.02193931022920571,1.3733333333333333,0.0005173333333333286,0.022744962812309203,61.742,0.01151875000000008,0.10732543966832878,72.57300000000001,0.26760781000000666,0.5173082350011515,16.218,0.010227999999999819,0.10113357503816336,3,0,0.0,61.886,0.06596800000000072,0.25684236410685973,73.2086,0.21112842999999604,0.45948713801367286,1.0,0.0,0.0,1.0,0.0,0.0,1.0,0.0,0.0,1.0,0.0,0.0,0.9973333333333333,5.333333333333343e-06,0.0023094010767585054,0.9986666666666667,1.7333333333334696e-07,0.0004163331998932429,0.0,0.0,0.0,0.0,0.0,0.0,1.0,0.0,0.0,12.354,0.000426999999999969,0.020663978319771074,75.23333333333333,0.0033333333333329545,0.05773502691895929,1.0,0.0,0.0,10,0,0.0,0.0,0.0,0.0,0.0,0.0,0.0
heat_alpha_size,1000,0,5,4,0,60,3600,0,0,500,3,14.464,0.0011079999999999797,0.03328663395418617,1.3593333333333335,0.0001493333333333336,0.012220201853215583,50.2135,0.0020370000000001546,0.045133136385588746,62.25086666666667,0.03974700333333304,0.1993665050436834,18.495333333333335,0.012017333333333262,0.10962359843269724,4,0,0.0,50.45966666666667,0.00017808333333331329,0.013344786747389906,62.97286666666667,0.020984623333332987,0.14486070320598676,1.0,0.0,0.0,1.0,0.0,0.0,1.0,0.0,0.0,1.0,0.0,0.0,0.9973333333333333,5.333333333333343e-06,0.0023094010767585054,0.9988,3.5999999999998734e-07,0.0005999999999999894,0.0,0.0,0.0,0.0,0.0,0.0,1.0,0.0,0.0,12.381666666666666,1.0333333333332537e-05,0.0032145502536641943,75.23333333333333,0.0033333333333329545,0.05773502691895929,1.0,0.0,0.0,10,0,0.0,0.0,0.0,0.0,0.0,0.0,0.0
heat_alpha_size,1000,0,5,5,0,60,3600,0,0,500,3,15.959999999999999,0.0038680000000000042,0.06219324722186489,1.3473333333333333,0.0011253333333333267,0.03354598833442423,45.64816666666667,15.485012333333318,3.93510004108324,51.73596666666667,0.11326530333333187,0.3365491098388642,20.938666666666666,0.006533333333333387,0.08082903768654794,5,0,0.0,43.654666666666664,13.466359083333328,3.669653809739187,52.054766666666666,0.22030929333333085,0.4693711679825795,1.0,0.0,0.0,1.0,0.0,0.0,1.0,0.0,0.0,1.0,0.0,0.0,0.9973333333333333,5.333333333333343e-06,0.0023094010767585054,0.9984,3.5999999999998734e-07,0.0005999999999999894,0.0,0.0,0.0,0.0,0.0,0.0,1.0,0.0,0.0,12.411,0.0025089999999999774,0.05008991914547255,75.23333333333333,0.0033333333333329545,0.05773502691895929,1.0,0.0,0.0,10,0,0.0,0.0,0.0,0.0,0.0,0.0,0.0
heat_alpha_size,1000,0,5,6,0,60,3600,0,0,500,3,17.393333333333334,0.00284933333333324,0.053379146989561754,1.3426666666666667,0.0008573333333333348,0.029280255007997025,38.624833333333335,0.07468008333333236,0.2732765693090653,51.2599,0.013174689999999163,0.11478105244333302,23.558,0.01484400000000013,0.12183595528414479,6,0,0.0,39.294333333333334,0.0020550833333333653,0.045333026959749397,51.71660000000001,0.10083477000000064,0.31754491020956493,1.0,0.0,0.0,1.0,0.0,0.0,1.0,0.0,0.0,1.0,0.0,0.0,0.9973333333333333,5.333333333333343e-06,0.0023094010767585054,0.9990666666666667,2.5333333333333677e-07,0.00050332229568472,0.0,0.0,0.0,0.0,0.0,0.0,1.0,0.0,0.0,12.42,0.0008310000000000168,0.028827070610799442,75.23333333333333,0.0033333333333329545,0.05773502691895929,1.0,0.0,0.0,10,0,0.0,0.0,0.0,0.0,0.0,0.0,0.0
heat_alpha_size,1000,0,5,8,0,60,3600,0,0,500,3,20.659333333333333,0.07938533333333377,0.2817540298440002,1.3353333333333335,0.0014573333333333359,0.038175035472587784,37.942166666666665,0.024456083333333364,0.15638440885629667,50.18470000000001,0.2298948100000025,0.47947347163320986,28.65,0.017523999999999994,0.13237824594698328,8,0,0.0,38.282833333333336,0.015819083333332727,0.12577393741683024,50.56656666666667,0.08576254333333216,0.2928524258621263,1.0,0.0,0.0,1.0,0.0,0.0,1.0,0.0,0.0,1.0,0.0,0.0,0.9973333333333333,5.333333333333343e-06,0.0023094010767585054,0.999,3.9999999999991186e-08,0.00019999999999997797,0.0,0.0,0.0,0.0,0.0,0.0,1.0,0.0,0.0,12.454,0.00031600000000001923,0.01777638883463172,75.23333333333333,0.0033333333333329545,0.05773502691895929,1.0,0.0,0.0,10,0,0.0,0.0,0.0,0.0,0.0,0.0,0.0
heat_alpha_size,16000,0,5,1,0,60,3600,0,0,500,3,11.809333333333333,0.0005813333333333308,0.02411085509336678,2.402,0.00046800000000000617,0.021633307652784078,160.9445,1.5095882500000029,1.228653022622743,177.78390000000002,2.867168610000075,1.6932715700678598,12.812,0.000771999999999972,0.027784887978899105,1,0,0.0,160.79633333333334,3.00123558333333,1.7324074530356102,178.3089,5.32193997000006,2.306933022434778,1.0,0.0,0.0,1.0,0.0,0.0,1.0,0.0,0.0,1.0,0.0,0.0,1.0,0.0,0.0,1.0,0.0,0.0,0.0,0.0,0.0,0.0,0.0,0.0,1.0,0.0,0.0,13.23,0.009073000000000124,0.09525229656024113,115.2,0.0,0.0,1.0,0.0,0.0,10,0,0.0,0.0,0.0,0.0,0.0,0.0,0.0
heat_alpha_size,16000,0,5,10,0,60,3600,0,0,500,3,33.153999999999996,0.1772679999999991,0.42103206528719295,2.1953333333333336,0.002201333333333335,0.046918368826434444,51.1105,0.07443299999999901,0.2728241191683738,60.45526666666667,7.926952443333358,2.8154844065157523,43.33266666666667,0.30820133333333294,0.5551588361301052,10,0,0.0,51.70016666666667,0.02015433333333322,0.14196595836091558,62.867133333333335,11.19312544333333,3.3456128651314887,1.0,0.0,0.0,1.0,0.0,0.0,1.0,0.0,0.0,1.0,0.0,0.0,1.0,0.0,0.0,0.9999333333333333,1.3333333333330397e-08,0.00011547005383791244,0.0,0.0,0.0,0.0,0.0,0.0,1.0,0.0,0.0,12.904333333333334,0.0018083333333333274,0.04252450274057684,115.2,0.0,0.0,1.0,0.0,0.0,10,0,0.0,0.0,0.0,0.0,0.0,0.0,0.0
heat_alpha_size,16000,0,5,2,0,60,3600,0,0,500,3,13.766666666666666,0.000769333333333287,0.02773685875028546,2.2946666666666666,0.0003613333333333381,0.019008769905844464,94.40533333333333,0.5214163333333289,0.7220916377672081,108.6469,0.10657936000000032,0.32646494451931635,15.828,0.0013319999999999517,0.03649657518178866,2,0,0.0,95.43033333333334,0.09936258333333114,0.3152183105933587,110.27669999999999,0.03319975000000067,0.18220798555497142,1.0,0.0,0.0,1.0,0.0,0.0,1.0,0.0,0.0,1.0,0.0,0.0,1.0,0.0,0.0,0.9999333333333333,1.3333333333330397e-08,0.00011547005383791244,0.0,0.0,0.0,0.0,0.0,0.0,1.0,0.0,0.0,13.022201005025126,0.001187417691472378,0.03445892760189118,115.2,0.0,0.0,1.0,0.0,0.0,10,0,0.0,0.0,0.0,0.0,0.0,0.0,0.0
heat_alpha_size,16000,0,5,3,0,60,3600,0,0,500,3,15.862666666666668,0.003233333333333308,0.05686240703077305,2.2373333333333334,0.0005373333333333284,0.02318045153428484,76.75766666666667,0.26421558333333384,0.5140190495821472,88.66380000000001,1.2893254299999923,1.1354846674438155,18.955333333333332,9.333333333322989e-06,0.0030550504633022,3,0,0.0,77.63199999999999,0.6601507499999971,0.812496615377564,90.00286666666666,0.22251784333332633,0.47171797011914474,1.0,0.0,0.0,1.0,0.0,0.0,1.0,0.0,0.0,1.0,0.0,0.0,1.0,0.0,0.0,0.9999333333333333,1.3333333333330397e-08,0.00011547005383791244,0.0,0.0,0.0,0.0,0.0,0.0,1.0,0.0,0.0,12.827666666666666,0.010057333333333345,0.10028625695145545,115.2,0.0,0.0,1.0,0.0,0.0,10,0,0.0,0.0,0.0,0.0,0.0,0.0,0.0
heat_alpha_size,16000,0,5,4,0,60,3600,0,0,500,3,18.218,0.01822799999999994,0.13501111065390115,2.256666666666667,0.0020253333333333273,0.04500370355130039,64.97316666666667,0.08451108333333353,0.2907079003627757,78.31323333333333,0.31514120333333506,0.5613743878494414,22.144666666666666,0.008165333333333302,0.09036223399923943,4,0,0.0,65.59466666666667,0.25431408333333094,0.5042956308885999,78.99326666666667,0.9576234233333463,0.9785823538841002,1.0,0.0,0.0,1.0,0.0,0.0,1.0,0.0,0.0,1.0,0.0,0.0,1.0,0.0,0.0,0.9999333333333333,1.3333333333330397e-08,0.00011547005383791244,0.0,0.0,0.0,0.0,0.0,0.0,1.0,0.0,0.0,12.788666666666666,0.003782333333333292,0.061500677503042944,115.2,0.0,0.0,1.0,0.0,0.0,10,0,0.0,0.0,0.0,0.0,0.0,0.0,0.0
heat_alpha_size,16000,0,5,5,0,60,3600,0,0,500,3,20.497333333333334,0.022409333333333444,0.14969747270189115,2.2213333333333334,6.533333333333315e-05,0.00808290376865475,55.40083333333333,1.525255083333337,1.235012179427125,67.81123333333333,0.31258922333333305,0.5590967924548781,25.592,0.07940799999999945,0.2817942511833757,5,0,0.0,57.3425,7.525254249999992,2.7432196867914156,69.08256666666666,0.5412189733333275,0.7356758615948518,1.0,0.0,0.0,1.0,0.0,0.0,1.0,0.0,0.0,1.0,0.0,0.0,1.0,0.0,0.0,0.9998666666666667,1.3333333333330397e-08,0.00011547005383791244,0.0,0.0,0.0,0.0,0.0,0.0,1.0,0.0,0.0,12.769333333333334,0.00018033333333334129,0.01342882471898942,115.2,0.0,0.0,1.0,0.0,0.0,10,0,0.0,0.0,0.0,0.0,0.0,0.0,0.0
heat_alpha_size,16000,0,5,6,0,60,3600,0,0,500,3,22.868666666666666,0.012309333333333464,0.11094743500114576,2.21,0.0008920000000000042,0.029866369046136227,53.61483333333333,0.12958408333333277,0.35997789283973086,67.06106666666666,0.0784412633333328,0.2800736748309859,29.186,0.07430800000000037,0.2725949375905583,6,0,0.0,55.35783333333333,1.2778330833333291,1.1304127933340675,68.42196666666668,0.7773832033333364,0.8816933726264117,1.0,0.0,0.0,1.0,0.0,0.0,1.0,0.0,0.0,1.0,0.0,0.0,1.0,0.0,0.0,0.9999333333333333,1.3333333333330397e-08,0.00011547005383791244,0.0,0.0,0.0,0.0,0.0,0.0,1.0,0.0,0.0,12.823333333333334,0.0018203333333333992,0.042665364563465286,115.2,0.0,0.0,1.0,0.0,0.0,10,0,0.0,0.0,0.0,0.0,0.0,0.0,0.0
heat_alpha_size,16000,0,5,8,0,60,3600,0,0,500,3,28.016000000000002,0.08072399999999995,0.284119693087262,2.2106666666666666,0.0026573333333333275,0.051549329125928765,52.00516666666667,0.10664633333333197,0.32656750195531087,65.23823333333333,0.7333085733333297,0.8563343817302501,36.010666666666665,0.18896133333333334,0.43469682921932307,8,0,0.0,52.936166666666665,0.07050108333333345,0.26552040097388646,66.61749999999999,0.40070963999999937,0.6330163031075893,1.0,0.0,0.0,1.0,0.0,0.0,1.0,0.0,0.0,1.0,0.0,0.0,1.0,0.0,0.0,1.0,0.0,0.0,0.0,0.0,0.0,0.0,0.0,0.0,1.0,0.0,0.0,12.822666666666667,0.000833333333333357,0.0288675134594817,115.2,0.0,0.0,1.0,0.0,0.0,10,0,0.0,0.0,0.0,0.0,0.0,0.0,0.0
heat_alpha_size,2000,0,5,1,0,60,3600,0,0,500,3,11.066666666666666,0.00325733333333338,0.057073052602199054,1.6606666666666667,0.0033973333333333273,0.05828664798505166,137.32483333333332,0.015808333333334326,0.12573119475028594,150.52303333333333,0.23355536333333954,0.4832756597774603,12.108,2.8000000000008043e-05,0.005291502622129941,1,0,0.0,137.69466666666668,0.09034133333334038,0.30056835051838104,150.8405,0.11222147999999375,0.3349947462274502,1.0,0.0,0.0,1.0,0.0,0.0,1.0,0.0,0.0,1.0,0.0,0.0,0.9986666666666667,5.333333333333343e-06,0.0023094010767585054,0.9994666666666667,1.7333333333334696e-07,0.0004163331998932429,0.0,0.0,0.0,0.0,0.0,0.0,1.0,0.0,0.0,12.313,0.0005069999999999923,0.022516660498395232,85.2,0.0,0.0,1.0,0.0,0.0,10,0,0.0,0.0,0.0,0.0,0.0,0.0,0.0
heat_alpha_size,2000,0,5,10,0,60,3600,0,0,500,3,26.753333333333334,0.04116133333333353,0.2028825604465143,1.5773333333333335,0.0011773333333333354,0.03431229128655409,37.77083333333333,0.175759083333332,0.41923630965522535,50.25216666666667,0.4330976533333315,0.6581015524471368,36.330666666666666,0.010345333333332927,0.10171201174557962,10,0,0.0,38.059666666666665,0.34371108333333383,0.586268780793702,50.365700000000004,0.78961357,0.888602031282846,1.0,0.0,0.0,1.0,0.0,0.0,1.0,0.0,0.0,1.0,0.0,0.0,0.9986666666666667,5.333333333333343e-06,0.0023094010767585054,0.9994666666666666,9.333333333334979e-08,0.00030550504633041625,0.0,0.0,0.0,0.0,0.0,0.0,1.0,0.0,0.0,12.411666666666667,0.011609333333333346,0.10774661634285017,85.3,0.0,0.0,1.0,0.0,0.0,10,0,0.0,0.0,0.0,0.0,0.0,0.0,0.0
heat_alpha_size,2000,0,5,2,0,60,3600,0,0,500,3,12.382,0.0013719999999999963,0.03704051835490422,1.59,0.002267999999999996,0.04762352359916259,76.4575,0.036840999999998014,0.19194009482126972,88.76536666666667,0.19447497333333805,0.44099316699166446,14.422,0.0013080000000000387,0.036166282640050784,2,0,0.0,77.0145,0.07182699999999924,0.2680055969564801,88.96983333333334,0.02856185333333229,0.1690025246359719,1.0,0.0,0.0,1.0,0.0,0.0,1.0,0.0,0.0,1.0,0.0,0.0,0.9986666666666667,5.333333333333343e-06,0.0023094010767585054,0.9996666666666667,1.3333333333330397e-08,0.00011547005383791244,0.0,0.0,0.0,0.0,0.0,0.0,1.0,0.0,0.0,12.346273031825795,8.611111672265418e-05,0.009279607573742231,85.23333333333333,0.0033333333333329545,0.05773502691895929,1.0,0.0,0.0,10,0,0.0,0.0,0.0,0.0,0.0,0.0,0.0
heat_alpha_size,2000,0,5,3,0,60,3600,0,0,500,3,13.844,0.001084000000000049,0.0329241552663094,1.588,0.0004960000000000009,0.022271057451320107,62.084,0.1797842500000005,0.4240097286619736,74.44716666666667,0.11972172333333292,0.3460082706140605,16.852666666666668,0.0002813333333333341,0.016772994167212188,3,0,0.0,62.16766666666667,0.015092583333334164,0.12285187557922819,74.77896666666666,0.3320381033333377,0.5762274753370735,1.0,0.0,0.0,1.0,0.0,0.0,1.0,0.0,0.0,1.0,0.0,0.0,0.9986666666666667,5.333333333333343e-06,0.0023094010767585054,0.9994666666666667,3.7333333333332514e-07,0.000611010092660772,0.0,0.0,0.0,0.0,0.0,0.0,1.0,0.0,0.0,12.314666666666668,0.0018623333333333107,0.04315476026272549,85.2,0.0,0.0,1.0,0.0,0.0,10,0,0.0,0.0,0.0,0.0,0.0,0.0,0.0
heat_alpha_size,2000,0,5,4,0,60,3600,0,0,500,3,15.432,0.016275999999999898,0.1275774274705361,1.5753333333333335,0.0013693333333333357,0.03700450423034114,50.749833333333335,0.08092158333333316,0.2844671920157633,63.19676666666667,0.21977482333333143,0.46880147539585604,19.55,0.0016119999999999468,0.0401497197997688,4,0,0.0,51.2035,0.11586900000000062,0.3403953583702349,63.82536666666667,0.3339704933333329,0.5779018025005052,1.0,0.0,0.0,1.0,0.0,0.0,1.0,0.0,0.0,1.0,0.0,0.0,0.9986666666666667,5.333333333333343e-06,0.0023094010767585054,0.9990666666666667,2.1333333333334557e-07,0.00046188021535171385,0.0,0.0,0.0,0.0,0.0,0.0,1.0,0.0,0.0,12.334,0.001533000000000038,0.039153543900904274,85.23333333333333,0.0033333333333329545,0.05773502691895929,1.0,0.0,0.0,10,0,0.0,0.0,0.0,0.0,0.0,0.0,0.0
heat_alpha_size,2000,0,5,5,0,60,3600,0,0,500,3,16.980666666666668,0.008657333333333109,0.09304479208065924,1.558,0.00019600000000000035,0.014000000000000012,48.93383333333333,0.16819808333333244,0.4101195963780961,52.44886666666667,0.712498863333336,0.8440964775032153,22.18,0.0035999999999998464,0.05999999999999872,5,0,0.0,49.260666666666665,0.3017960833333345,0.5493597030483165,54.210800000000006,0.30868212000001166,0.555591684603011,1.0,0.0,0.0,1.0,0.0,0.0,1.0,0.0,0.0,1.0,0.0,0.0,0.9986666666666667,5.333333333333343e-06,0.0023094010767585054,0.9992666666666666,1.7333333333333216e-07,0.00041633319989322514,0.0,0.0,0.0,0.0,0.0,0.0,1.0,0.0,0.0,12.343,0.006771999999999986,0.08229216244576386,85.26666666666667,0.0033333333333329545,0.05773502691895929,1.0,0.0,0.0,10,0,0.0,0.0,0.0,0.0,0.0,0.0,0.0
heat_alpha_size,2000,0,5,6,0,60,3600,0,0,500,3,19.062666666666665,0.031609333333333337,0.17779013845917702,1.5933333333333335,0.000937333333333335,0.030615900008546786,48.54083333333333,0.10691458333333291,0.3269779554241125,52.03116666666667,0.1664225233333308,0.40794916758504457,24.987333333333332,0.00014933333333333834,0.012220201853215778,6,0,0.0,48.668166666666664,0.02226108333333275,0.1492014856941202,52.2997,0.03535926999999933,0.1880406073166095,1.0,0.0,0.0,1.0,0.0,0.0,1.0,0.0,0.0,1.0,0.0,0.0,0.9986666666666667,5.333333333333343e-06,0.0023094010767585054,0.9997333333333334,5.333333333332159e-08,0.0002309401076758249,0.0,0.0,0.0,0.0,0.0,0.0,1.0,0.0,0.0,12.36,0.0015689999999999803,0.03961060464067647,85.23333333333333,0.0033333333333329545,0.05773502691895929,1.0,0.0,0.0,10,0,0.0,0.0,0.0,0.0,0.0,0.0,0.0
heat_alpha_size,2000,0,5,8,0,60,3600,0,0,500,3,22.688,0.006736000000000122,0.0820731381147335,1.5653333333333335,0.00012133333333333355,0.011015141094572214,37.935500000000005,0.04478174999999996,0.21161698892102204,50.4576,0.17829300000000112,0.42224755771940364,30.562666666666665,0.20400133333333245,0.45166506764784503,8,0,0.0,38.3575,0.14871325000000024,0.3856335695968392,50.37246666666667,0.17112106333333343,0.4136678176185977,1.0,0.0,0.0,1.0,0.0,0.0,1.0,0.0,0.0,1.0,0.0,0.0,0.9986666666666667,5.333333333333343e-06,0.0023094010767585054,0.9992,1.6000000000000916e-07,0.00040000000000001146,0.0,0.0,0.0,0.0,0.0,0.0,1.0,0.0,0.0,12.271666666666667,0.0006523333333333149,0.025540817005987003,85.26666666666667,0.0033333333333329545,0.05773502691895929,1.0,0.0,0.0,10,0,0.0,0.0,0.0,0.0,0.0,0.0,0.0
heat_alpha_size,250,0,5,1,0,60,3600,0,0,500,3,10.4,0.003051999999999971,0.05524490926773227,0.9646666666666667,0.0015773333333333323,0.0397156560229506,125.47166666666666,0.21169633333333135,0.46010469823001304,137.55429999999998,0.7718177099999901,0.8785315646008344,11.387333333333332,0.0003693333333333349,0.01921804707386614,1,0,0.0,125.36716666666666,0.47683608333333605,0.6905331877131874,137.72653333333332,0.35697440333333436,0.597473349475384,1.0,0.0,0.0,1.0,0.0,0.0,1.0,0.0,0.0,1.0,0.0,0.0,0.996,4.0000000000000074e-06,0.0020000000000000018,0.9950666666666667,6.53333333333293e-07,0.0008082903768654511,0.0,0.0,0.0,0.0,0.0,0.0,1.0,0.0,0.0,12.298666666666666,0.002949333333333361,0.054307764945110394,55.2,0.039999999999999716,0.1999999999999993,1.0,0.0,0.0,10,0,0.0,0.0,0.0,0.0,0.0,0.0,0.0
heat_alpha_size,250,0,5,10,0,60,3600,0,0,500,3,19.323333333333334,0.0002773333333333196,0.016653327995728648,0.8886666666666667,0.00017733333333333365,0.013316656236958798,26.172166666666666,0.004946083333333347,0.07032839635121325,38.94736666666667,0.2990543233333336,0.5468585953730027,29.158666666666665,0.03534533333333356,0.18800354606584835,10,0,0.0,26.611,0.027675250000000016,0.16635879898580663,39.24556666666666,0.12104085333333381,0.3479092602006072,1.0,0.0,0.0,1.0,0.0,0.0,1.0,0.0,0.0,1.0,0.0,0.0,0.996,4.0000000000000074e-06,0.0020000000000000018,0.9956666666666667,4.933333333332987e-07,0.0007023769168568246,0.0,0.0,0.0,0.0,0.0,0.0,1.0,0.0,0.0,12.564333333333334,0.002256333333333388,0.04750087718488352,55.266666666666666,0.06333333333333324,0.25166114784235816,1.0,0.0,0.0,10,0,0.0,0.0,0.0,0.0,0.0,0.0,0.0
heat_alpha_size,250,0,5,2,0,60,3600,0,0,500,3,10.971333333333334,0.0015053333333333416,0.038798625405204006,0.934,0.0020279999999999977,0.045033320996790784,73.0315,0.019902250000000624,0.14107533448480858,77.0809,1.350511090000022,1.162114921167447,12.942,0.01028800000000005,0.10142977866484798,2,0,0.0,72.86316666666666,0.7554563333333346,0.8691699105084889,77.12416666666667,1.6659113433333348,1.2907018801153638,1.0,0.0,0.0,1.0,0.0,0.0,1.0,0.0,0.0,1.0,0.0,0.0,0.996,4.0000000000000074e-06,0.0020000000000000018,0.9964,4.0000000000013395e-08,0.00020000000000003348,0.0,0.0,0.0,0.0,0.0,0.0,1.0,0.0,0.0,12.327,0.002628000000000018,0.05126402247190536,55.2,0.039999999999999716,0.1999999999999993,1.0,0.0,0.0,10,0,0.0,0.0,0.0,0.0,0.0,0.0,0.0
heat_alpha_size,250,0,5,3,0,60,3600,0,0,500,3,11.738666666666667,5.7333333333331364e-05,0.007571877794400235,0.9226666666666667,0.00013333333333333358,0.011547005383792526,51.013,0.02346324999999986,0.15317718498523158,63.35263333333333,0.0262497733333343,0.16201781795016962,14.711333333333334,0.0016333333333332636,0.04041451884327294,3,0,0.0,51.252,0.035022250000000366,0.18714232551723933,63.534533333333336,0.4064066433333387,0.6375003084966616,1.0,0.0,0.0,1.0,0.0,0.0,1.0,0.0,0.0,1.0,0.0,0.0,0.996,4.0000000000000074e-06,0.0020000000000000018,0.9962,2.799999999999827e-07,0.0005291502622129018,0.0,0.0,0.0,0.0,0.0,0.0,1.0,0.0,0.0,12.394333333333334,0.0037663333333333346,0.06137045977775737,55.233333333333334,0.043333333333332905,0.20816659994661224,1.0,0.0,0.0,10,0,0.0,0.0,0.0,0.0,0.0,0.0,0.0
heat_alpha_size,250,0,5,4,0,60,3600,0,0,500,3,12.641333333333334,0.0021213333333333587,0.046057934531775944,0.9153333333333333,0.0004013333333333315,0.02003330560175558,48.67333333333333,0.05989308333333361,0.24473063423554806,51.896566666666665,0.1646566233333305,0.4057790326437906,16.644,0.005776000000000263,0.07600000000000173,4,0,0.0,48.84166666666667,0.18341408333333373,0.428268704592495,52.335,0.09283032999999975,0.3046807017190287,1.0,0.0,0.0,1.0,0.0,0.0,1.0,0.0,0.0,1.0,0.0,0.0,0.996,4.0000000000000074e-06,0.0020000000000000018,0.9959333333333333,9.333333333331278e-08,0.0003055050463303557,0.0,0.0,0.0,0.0,0.0,0.0,1.0,0.0,0.0,12.42,0.0014250000000000458,0.03774917217635435,55.266666666666666,0.06333333333333324,0.25166114784235816,1.0,0.0,0.0,10,0,0.0,0.0,0.0,0.0,0.0,0.0,0.0
heat_alpha_size,250,0,5,5,0,60,3600,0,0,500,3,13.53,0.015587999999999902,0.12485191228010847,0.9073333333333333,0.003201333333333332,0.056580326380583315,37.607166666666664,0.022504333333333404,0.15001444374903838,49.454033333333335,0.3918416233333371,0.625972541996322,18.574,0.016875999999999947,0.12990765951243963,5,0,0.0,37.90116666666667,0.010622583333332962,0.10306591741857714,49.91543333333333,0.019745373333334124,0.14051823132011776,1.0,0.0,0.0,1.0,0.0,0.0,1.0,0.0,0.0,1.0,0.0,0.0,0.996,4.0000000000000074e-06,0.0020000000000000018,0.9955333333333333,9.733333333333705e-07,0.0009865765724632683,0.0,0.0,0.0,0.0,0.0,0.0,1.0,0.0,0.0,12.402333333333333,2.0333333333335072e-05,0.004509249752823087,55.233333333333334,0.043333333333332905,0.20816659994661224,1.0,0.0,0.0,10,0,0.0,0.0,0.0,0.0,0.0,0.0,0.0
heat_alpha_size,250,0,5,6,0,60,3600,0,0,500,3,14.586666666666666,0.014997333333333293,0.12246360003418687,0.892,0.0018759999999999977,0.04331281565541541,37.3195,0.0730090000000011,0.2702017764560424,42.685433333333336,26.756994423333335,5.172716348625095,20.637999999999998,0.002735999999999994,0.05230678732248802,6,0,0.0,37.67433333333333,0.05843308333333314,0.2417293596841996,43.4237,22.77538596999999,4.772356437861697,1.0,0.0,0.0,1.0,0.0,0.0,1.0,0.0,0.0,1.0,0.0,0.0,0.996,4.0000000000000074e-06,0.0020000000000000018,0.9954666666666667,1.7733333333332832e-06,0.0013316656236958598,0.0,0.0,0.0,0.0,0.0,0.0,1.0,0.0,0.0,12.400405360134002,0.005551207907207769,0.07450642863007037,55.266666666666666,0.023333333333332814,0.15275252316519297,1.0,0.0,0.0,10,0,0.0,0.0,0.0,0.0,0.0,0.0,0.0
heat_alpha_size,250,0,5,8,0,60,3600,0,0,500,3,16.73933333333333,0.08496133333333354,0.29148127441284033,0.8853333333333333,0.00040133333333333405,0.020033305601755643,36.476,0.24624300000000096,0.49622877788375086,39.4989,0.08649588999999848,0.2941018361044325,24.882,0.035567999999999926,0.18859480374602033,8,0,0.0,37.014,0.004997249999999857,0.07069123000768807,40.07396666666667,0.03676390333333328,0.19173915440862171,1.0,0.0,0.0,1.0,0.0,0.0,1.0,0.0,0.0,1.0,0.0,0.0,0.996,4.0000000000000074e-06,0.0020000000000000018,0.996,2.8000000000000494e-07,0.0005291502622129227,0.0,0.0,0.0,0.0,0.0,0.0,1.0,0.0,0.0,12.549999999999999,0.00026800000000000136,0.01637070554374494,55.266666666666666,0.06333333333333324,0.25166114784235816,1.0,0.0,0.0,10,0,0.0,0.0,0.0,0.0,0.0,0.0,0.0
heat_alpha_size,4000,0,5,1,0,60,3600,0,0,500,3,11.338,0.0009879999999999778,0.03143246729100307,1.9313333333333333,0.0017373333333333364,0.041681330752908266,141.76616666666666,0.1280663333333439,0.35786356804422537,155.19976666666668,0.2820319233333155,0.5310667786006912,12.354,0.003268000000000012,0.05716642371182591,1,0,0.0,141.778,0.679509249999991,0.8243235105224107,155.24766666666667,0.5225337733333331,0.7228649758657097,1.0,0.0,0.0,1.0,0.0,0.0,1.0,0.0,0.0,1.0,0.0,0.0,0.9993333333333333,1.3333333333333357e-06,0.0011547005383792527,0.9996,4.0000000000013395e-08,0.00020000000000003348,0.0,0.0,0.0,0.0,0.0,0.0,1.0,0.0,0.0,12.493333333333332,9.733333333333795e-05,0.009865765724632729,95.16666666666667,0.0033333333333339017,0.0577350269189675,1.0,0.0,0.0,10,0,0.0,0.0,0.0,0.0,0.0,0.0,0.0
heat_alpha_size,4000,0,5,10,0,60,3600,0,0,500,3,29.010666666666665,0.12323733333333356,0.3510517530697341,1.7873333333333334,0.0009653333333333351,0.031069813860616146,38.93833333333333,0.0072463333333334925,0.0851253976985335,51.8755,0.06712812999999943,0.2590909685805343,38.62733333333333,0.037577333333332776,0.1938487382815085,10,0,0.0,39.336333333333336,0.002047583333333596,0.04525023020199561,52.235866666666666,0.08963712333333337,0.2993945946962526,1.0,0.0,0.0,1.0,0.0,0.0,1.0,0.0,0.0,1.0,0.0,0.0,0.9993333333333333,1.3333333333333357e-06,0.0011547005383792527,0.9997333333333334,9.333333333334979e-08,0.00030550504633041625,0.0,0.0,0.0,0.0,0.0,0.0,1.0,0.0,0.0,12.489333333333333,0.0005323333333333638,0.023072349974230275,95.26666666666667,0.0033333333333329545,0.05773502691895929,1.0,0.0,0.0,10,0,0.0,0.0,0.0,0.0,0.0,0.0,0.0
heat_alpha_size,4000,0,5,2,0,60,3600,0,0,500,3,12.862666666666666,0.0005293333333333186,0.023007245235649544,1.866,0.00010799999999999753,0.010392304845413146,85.96716666666667,0.3282825833333355,0.5729594953688572,91.70223333333333,0.8639057233333378,0.9294652889340934,14.922,0.013131999999999885,0.1145949388062138,2,0,0.0,86.69483333333334,0.8871020833333274,0.9418609681547099,92.65473333333333,0.49478352333333836,0.7034085038818755,1.0,0.0,0.0,1.0,0.0,0.0,1.0,0.0,0.0,1.0,0.0,0.0,0.9993333333333333,1.3333333333333357e-06,0.0011547005383792527,0.9998666666666667,1.3333333333330397e-08,0.00011547005383791244,0.0,0.0,0.0,0.0,0.0,0.0,1.0,0.0,0.0,12.505333333333335,0.0018403333333333095,0.04289910643980023,95.16666666666667,0.0033333333333339017,0.0577350269189675,1.0,0.0,0.0,10,0,0.0,0.0,0.0,0.0,0.0,0.0,0.0
heat_alpha_size,4000,0,5,3,0,60,3600,0,0,500,3,14.447333333333333,0.0011853333333333611,0.034428670223134686,1.7833333333333334,0.00021733333333333373,0.014742229591664,63.934,0.055737750000002285,0.2360884368197695,76.78003333333334,0.04295649333333244,0.2072594830962686,17.602,0.020451999999999682,0.14301048912579692,3,0,0.0,64.69633333333333,0.11798258333333507,0.3434859288723995,77.62483333333334,0.12264636333333714,0.3502090280580116,1.0,0.0,0.0,1.0,0.0,0.0,1.0,0.0,0.0,1.0,0.0,0.0,0.9993333333333333,1.3333333333333357e-06,0.0011547005383792527,0.9994666666666666,9.333333333334979e-08,0.00030550504633041625,0.0,0.0,0.0,0.0,0.0,0.0,1.0,0.0,0.0,12.498000000000001,0.0006009999999999875,0.02451530134426227,95.16666666666667,0.0033333333333339017,0.0577350269189675,1.0,0.0,0.0,10,0,0.0,0.0,0.0,0.0,0.0,0.0,0.0
heat_alpha_size,4000,0,5,4,0,60,3600,0,0,500,3,16.412666666666667,0.017617333333333415,0.13273030299571162,1.8113333333333335,0.0013173333333333357,0.036295086903509896,60.81816666666666,0.3571825833333357,0.5976475410585538,65.52976666666667,0.05387097333333308,0.23210121355420157,20.389333333333333,0.00496533333333332,0.07046512139586024,4,0,0.0,60.976333333333336,0.059280083333334316,0.2434750158298266,66.0076,0.11689636000000561,0.34190109681018227,1.0,0.0,0.0,1.0,0.0,0.0,1.0,0.0,0.0,1.0,0.0,0.0,0.9993333333333333,1.3333333333333357e-06,0.0011547005383792527,0.9998666666666667,5.333333333332159e-08,0.0002309401076758249,0.0,0.0,0.0,0.0,0.0,0.0,1.0,0.0,0.0,12.538998324958124,0.0005770954858042435,0.024022811779728107,95.23333333333333,0.0033333333333329545,0.05773502691895929,1.0,0.0,0.0,10,0,0.0,0.0,0.0,0.0,0.0,0.0,0.0
heat_alpha_size,4000,0,5,5,0,60,3600,0,0,500,3,18.284,0.0058680000000001465,0.07660287200882318,1.79,0.0001120000000000002,0.010583005244258372,50.4005,0.005727249999999719,0.07567859671003235,62.9792,0.027972749999998985,0.16725056053717424,23.323999999999998,0.002964000000000047,0.054442630355265226,5,0,0.0,51.05266666666667,0.011260083333332739,0.10611353982095187,63.580933333333334,0.007472763333333488,0.08644514638389762,1.0,0.0,0.0,1.0,0.0,0.0,1.0,0.0,0.0,1.0,0.0,0.0,0.9993333333333333,1.3333333333333357e-06,0.0011547005383792527,0.9997333333333334,5.333333333332159e-08,0.0002309401076758249,0.0,0.0,0.0,0.0,0.0,0.0,1.0,0.0,0.0,12.495666666666667,0.0013343333333332838,0.03652852766446088,95.23333333333333,0.0033333333333329545,0.05773502691895929,1.0,0.0,0.0,10,0,0.0,0.0,0.0,0.0,0.0,0.0,0.0
heat_alpha_size,4000,0,5,6,0,60,3600,0,0,500,3,20.371333333333332,0.039589333333333615,0.19897068460789297,1.7933333333333334,0.0008173333333333347,0.028589042189855446,50.0315,0.01788299999999946,0.13372733452813398,61.39893333333333,0.01842508333333285,0.13573902656691203,26.27,0.0193960000000003,0.13926952286843056,6,0,0.0,50.42016666666667,0.04300833333333359,0.20738450601077602,59.717133333333344,8.065658973333273,2.8400103826101186,1.0,0.0,0.0,1.0,0.0,0.0,1.0,0.0,0.0,1.0,0.0,0.0,0.9993333333333333,1.3333333333333357e-06,0.0011547005383792527,0.9997333333333334,1.3333333333330397e-08,0.00011547005383791244,0.0,0.0,0.0,0.0,0.0,0.0,1.0,0.0,0.0,12.475,0.0007229999999999997,0.0268886593194975,95.23333333333333,0.0033333333333329545,0.05773502691895929,1.0,0.0,0.0,10,0,0.0,0.0,0.0,0.0,0.0,0.0,0.0
heat_alpha_size,4000,0,5,8,0,60,3600,0,0,500,3,24.418,0.010035999999999832,0.1001798382909447,1.776,2.800000000000005e-05,0.005291502622129186,48.33716666666667,0.022106583333333932,0.1486828279705963,52.2314,0.2682264699999967,0.5179058505172506,32.458666666666666,0.1326773333333347,0.3642489990835043,8,0,0.0,48.13133333333333,2.923283083333331,1.7097611187921344,53.13386666666667,0.13026021333333435,0.36091579812102204,1.0,0.0,0.0,1.0,0.0,0.0,1.0,0.0,0.0,1.0,0.0,0.0,0.9993333333333333,1.3333333333333357e-06,0.0011547005383792527,0.9998,3.9999999999991186e-08,0.00019999999999997797,0.0,0.0,0.0,0.0,0.0,0.0,1.0,0.0,0.0,12.494666666666667,0.0038263333333333773,0.06185736280616381,95.26666666666667,0.0033333333333329545,0.05773502691895929,1.0,0.0,0.0,10,0,0.0,0.0,0.0,0.0,0.0,0.0,0.0
heat_alpha_size,500,0,5,1,0,60,3600,0,0,500,3,10.621333333333334,0.0003293333333333271,0.01814754345175476,1.196,0.00043200000000000074,0.020784609690826544,133.7055,0.16568774999999775,0.407047601638921,139.72506666666666,0.18890232333333074,0.434628949028169,11.628666666666666,0.0026013333333333487,0.05100326786916059,1,0,0.0,134.18233333333333,0.03676158333333733,0.1917331044273193,140.01513333333332,0.023153293333339403,0.15216206272701288,1.0,0.0,0.0,1.0,0.0,0.0,1.0,0.0,0.0,1.0,0.0,0.0,0.9966666666666667,9.33333333333335e-06,0.003055050463303896,0.9975333333333333,5.3333333333351195e-08,0.00023094010767588897,0.0,0.0,0.0,0.0,0.0,0.0,1.0,0.0,0.0,12.332122278056952,0.00012109265759283241,0.011004210902778646,65.3,0.0,0.0,1.0,0.0,0.0,10,0,0.0,0.0,0.0,0.0,0.0,0.0,0.0
heat_alpha_size,500,0,5,10,0,60,3600,0,0,500,3,21.584,0.13942799999999986,0.3734005891800385,1.0953333333333333,0.0013773333333333272,0.03711244175924466,33.224833333333336,25.785720333333323,5.077964191812829,39.496966666666665,0.012897773333332387,0.11356836413954542,31.482666666666667,0.03023333333333298,0.173877351409932,10,0,0.0,33.6065,19.860925000000005,4.456559771841953,40.1729,0.12393475000000011,0.3520436762675906,1.0,0.0,0.0,1.0,0.0,0.0,1.0,0.0,0.0,1.0,0.0,0.0,0.9966666666666667,9.33333333333335e-06,0.003055050463303896,0.998,1.1199999999999753e-06,0.0010583005244258245,0.0,0.0,0.0,0.0,0.0,0.0,1.0,0.0,0.0,12.547810720268005,0.004344881349797616,0.06591571398230937,65.33333333333333,0.0033333333333339017,0.0577350269189675,1.0,0.0,0.0,10,0,0.0,0.0,0.0,0.0,0.0,0.0,0.0
heat_alpha_size,500,0,5,2,0,60,3600,0,0,500,3,11.404,0.0002520000000000191,0.015874507866388145,1.1353333333333333,0.0011853333333333269,0.03442867022313419,73.8845,0.04128474999999954,0.20318649069266279,84.85289999999999,0.010303560000000761,0.10150645299684528,13.451333333333332,0.005041333333333307,0.07100234737903605,2,0,0.0,74.16433333333333,0.07423408333333298,0.27245932418130414,85.4162,0.038996679999999666,0.1974757706656684,1.0,0.0,0.0,1.0,0.0,0.0,1.0,0.0,0.0,1.0,0.0,0.0,0.9966666666666667,9.33333333333335e-06,0.003055050463303896,0.9982666666666666,1.3333333333330397e-08,0.00011547005383791244,0.0,0.0,0.0,0.0,0.0,0.0,1.0,0.0,0.0,12.309,0.0005530000000000194,0.023515952032610105,65.3,0.0,0.0,1.0,0.0,0.0,10,0,0.0,0.0,0.0,0.0,0.0,0.0,0.0
heat_alpha_size,500,0,5,3,0,60,3600,0,0,500,3,12.438,0.0021960000000000707,0.04686149805544068,1.1573333333333333,0.00018533333333333366,0.013613718571108104,60.26616666666666,0.19287408333333383,0.43917431998391465,64.25036666666666,0.01750780333333218,0.13231705609380892,15.408,0.003028000000000065,0.055027265968791005,3,0,0.0,59.906333333333336,0.8265270833333316,0.9091353492925746,64.48823333333334,0.07868730333333535,0.2805125725049331,1.0,0.0,0.0,1.0,0.0,0.0,1.0,0.0,0.0,1.0,0.0,0.0,0.9966666666666667,9.33333333333335e-06,0.003055050463303896,0.9980666666666667,1.2133333333333473e-06,0.0011015141094572268,0.0,0.0,0.0,0.0,0.0,0.0,1.0,0.0,0.0,12.382127303182578,0.0033519572822235137,0.057896090388069504,65.33333333333333,0.0033333333333339017,0.0577350269189675,1.0,0.0,0.0,10,0,0.0,0.0,0.0,0.0,0.0,0.0,0.0
heat_alpha_size,500,0,5,4,0,60,3600,0,0,500,3,13.538,0.045748000000000136,0.21388782106515586,1.1360000000000001,0.004563999999999991,0.06755738301621808,49.75866666666667,0.00794158333333309,0.08911556167882852,56.919000000000004,17.098658370000027,4.135052402328177,17.615333333333332,0.0033453333333332775,0.05783885660465011,4,0,0.0,50.111,0.000219249999999987,0.014807092894960409,59.82480000000002,2.9645786099999296,1.721795170744746,1.0,0.0,0.0,1.0,0.0,0.0,1.0,0.0,0.0,1.0,0.0,0.0,0.9966666666666667,9.33333333333335e-06,0.003055050463303896,0.9976666666666667,1.053333333333353e-06,0.0010263202878893864,0.0,0.0,0.0,0.0,0.0,0.0,1.0,0.0,0.0,12.462333333333333,0.00036233333333330416,0.019035055380358212,65.3,0.0,0.0,1.0,0.0,0.0,10,0,0.0,0.0,0.0,0.0,0.0,0.0,0.0
heat_alpha_size,500,0,5,5,0,60,3600,0,0,500,3,14.681333333333333,0.009957333333333419,0.09978643862436128,1.114,0.000483999999999996,0.02199999999999991,38.437999999999995,0.0773027500000006,0.2780337209764323,50.91623333333333,0.12769074333333424,0.3573384156976888,19.666,0.0011160000000000846,0.0334065861769814,5,0,0.0,38.6805,0.07822824999999914,0.2796931354180848,51.25116666666667,0.2456222233333324,0.49560288874595193,1.0,0.0,0.0,1.0,0.0,0.0,1.0,0.0,0.0,1.0,0.0,0.0,0.9966666666666667,9.33333333333335e-06,0.003055050463303896,0.9980666666666667,6.53333333333293e-07,0.0008082903768654511,0.0,0.0,0.0,0.0,0.0,0.0,1.0,0.0,0.0,12.426,0.005858999999999901,0.07654410493303779,65.33333333333333,0.0033333333333339017,0.0577350269189675,1.0,0.0,0.0,10,0,0.0,0.0,0.0,0.0,0.0,0.0,0.0
heat_alpha_size,500,0,5,6,0,60,3600,0,0,500,3,15.932666666666666,0.0384813333333337,0.19616659586518215,1.1106666666666667,0.0025213333333333255,0.050212880153734714,38.151833333333336,0.029120583333332294,0.17064754124607917,50.3123,0.07851396000000128,0.2802034261032532,21.966,0.007587999999999761,0.0871091269615289,6,0,0.0,38.4805,0.08255325000000006,0.2873208137257029,50.579433333333334,0.036826963333333705,0.19190352610969322,1.0,0.0,0.0,1.0,0.0,0.0,1.0,0.0,0.0,1.0,0.0,0.0,0.9966666666666667,9.33333333333335e-06,0.003055050463303896,0.9976,4.0000000000013395e-08,0.00020000000000003348,0.0,0.0,0.0,0.0,0.0,0.0,1.0,0.0,0.0,12.466582914572864,0.0019177781621676207,0.04379244412187587,65.33333333333333,0.0033333333333339017,0.0577350269189675,1.0,0.0,0.0,10,0,0.0,0.0,0.0,0.0,0.0,0.0,0.0
heat_alpha_size,500,0,5,8,0,60,3600,0,0,500,3,18.65866666666667,0.011349333333333145,0.10653324989566941,1.1093333333333335,0.00012133333333333355,0.011015141094572214,37.44383333333333,0.024660583333333673,0.15703688526372928,41.981300000000005,0.1120334800000024,0.33471402719336757,26.596666666666668,0.0058333333333332625,0.07637626158259687,8,0,0.0,37.80116666666667,0.02007233333333348,0.14167686237820726,42.2354,3.3389820100000027,1.8272881573523105,1.0,0.0,0.0,1.0,0.0,0.0,1.0,0.0,0.0,1.0,0.0,0.0,0.9966666666666667,9.33333333333335e-06,0.003055050463303896,0.9975333333333334,1.3333333333345199e-08,0.00011547005383797653,0.0,0.0,0.0,0.0,0.0,0.0,1.0,0.0,0.0,12.505748743718593,0.000447973308754825,0.021165379957724006,65.33333333333333,0.0033333333333339017,0.0577350269189675,1.0,0.0,0.0,10,0,0.0,0.0,0.0,0.0,0.0,0.0,0.0
heat_alpha_size,8000,0,5,1,0,60,3600,0,0,500,3,11.581333333333333,0.00020133333333331385,0.014189197769194488,2.1913333333333336,0.00017733333333333216,0.013316656236958742,151.145,1.0170630000000056,1.0084954139707356,165.51683333333332,1.7597542433333533,1.3265572898798428,12.572666666666667,0.0010013333333333152,0.03164385143014856,1,0,0.0,151.47316666666666,1.553720583333313,1.2464832864235738,164.9283,6.687176159999926,2.5859574938501844,1.0,0.0,0.0,1.0,0.0,0.0,1.0,0.0,0.0,1.0,0.0,0.0,0.9993333333333333,1.3333333333333357e-06,0.0011547005383792527,0.9998666666666667,1.3333333333330397e-08,0.00011547005383791244,0.0,0.0,0.0,0.0,0.0,0.0,1.0,0.0,0.0,12.855,0.033975000000000095,0.18432308591166788,105.2,0.0,0.0,1.0,0.0,0.0,10,0,0.0,0.0,0.0,0.0,0.0,0.0,0.0
heat_alpha_size,8000,0,5,10,0,60,3600,0,0,500,3,30.937333333333335,0.04182533333333284,0.20451242831019548,1.9906666666666666,0.0007093333333333346,0.026633312473917595,41.257,0.19594975000000017,0.4426621171954973,52.79326666666667,0.11972345333333385,0.3460107705452734,41.20133333333334,0.004809333333333331,0.06934935712271117,10,0,0.0,45.79716666666666,7.350204333333333,2.7111260268260002,53.7638,0.1501590899999983,0.3875036644987997,1.0,0.0,0.0,1.0,0.0,0.0,1.0,0.0,0.0,1.0,0.0,0.0,0.9993333333333333,1.3333333333333357e-06,0.0011547005383792527,0.9998666666666667,1.3333333333330397e-08,0.00011547005383791244,0.0,0.0,0.0,0.0,0.0,0.0,1.0,0.0,0.0,12.548666666666668,0.00011233333333334087,0.010598742063723453,105.2,0.0,0.0,1.0,0.0,0.0,10,0,0.0,0.0,0.0,0.0,0.0,0.0,0.0
heat_alpha_size,8000,0,5,2,0,60,3600,0,0,500,3,13.311333333333334,0.005921333333333333,0.07695020034628457,2.0673333333333335,0.0015213333333333398,0.03900427327016028,90.225,0.12947024999999968,0.35981974653984694,103.30406666666667,1.07457444333333,1.0366168257043342,15.396666666666667,0.003705333333333398,0.06087144924620572,2,0,0.0,91.2195,0.14435724999999747,0.37994374583614016,103.76436666666667,2.1058977433332955,1.4511711626590764,1.0,0.0,0.0,1.0,0.0,0.0,1.0,0.0,0.0,1.0,0.0,0.0,0.9993333333333333,1.3333333333333357e-06,0.0011547005383792527,0.9998666666666667,5.333333333332159e-08,0.0002309401076758249,0.0,0.0,0.0,0.0,0.0,0.0,1.0,0.0,0.0,12.854,7.600000000000457e-05,0.008717797887081609,105.2,0.0,0.0,1.0,0.0,0.0,10,0,0.0,0.0,0.0,0.0,0.0,0.0,0.0
heat_alpha_size,8000,0,5,3,0,60,3600,0,0,500,3,15.333333333333334,0.02974533333333325,0.1724683545852202,2.066,0.004763999999999993,0.06902173570694954,70.87916666666666,8.969982333333359,2.994992877008785,81.21126666666666,0.20628030333333225,0.45418091476121303,18.284666666666666,0.007441333333333247,0.08626316324673729,3,0,0.0,72.28233333333333,2.370717583333321,1.5397134744274084,82.13073333333334,0.21008364333333768,0.458348822768574,1.0,0.0,0.0,1.0,0.0,0.0,1.0,0.0,0.0,1.0,0.0,0.0,0.9993333333333333,1.3333333333333357e-06,0.0011547005383792527,0.9998,3.9999999999991186e-08,0.00019999999999997797,0.0,0.0,0.0,0.0,0.0,0.0,1.0,0.0,0.0,12.731333333333334,0.005058333333333378,0.07112196097783988,105.2,0.0,0.0,1.0,0.0,0.0,10,0,0.0,0.0,0.0,0.0,0.0,0.0,0.0
heat_alpha_size,8000,0,5,4,0,60,3600,0,0,500,3,17.403333333333332,0.0007293333333332923,0.027006172134038033,2.0613333333333332,0.00023333333333333078,0.015275252316519383,63.32383333333333,0.04461858333333383,0.21123111355416804,74.5337,1.6868544700000045,1.298789617297584,21.308666666666667,0.009825333333333497,0.09912281943797552,4,0,0.0,63.651666666666664,0.0418875833333333,0.20466456296421542,75.0425,1.80992725000003,1.3453353671111268,1.0,0.0,0.0,1.0,0.0,0.0,1.0,0.0,0.0,1.0,0.0,0.0,0.9993333333333333,1.3333333333333357e-06,0.0011547005383792527,0.9999333333333333,1.3333333333330397e-08,0.00011547005383791244,0.0,0.0,0.0,0.0,0.0,0.0,1.0,0.0,0.0,12.69373701842546,0.0025376496889808822,0.050375089964990453,105.2,0.0,0.0,1.0,0.0,0.0,10,0,0.0,0.0,0.0,0.0,0.0,0.0,0.0
heat_alpha_size,8000,0,5,5,0,60,3600,0,0,500,3,19.477333333333334,0.06298533333333328,0.2509687895602425,2.0193333333333334,0.0023853333333333252,0.04883987441971289,52.12316666666667,0.03192908333333255,0.17868711014880886,65.48796666666667,0.14614016333333546,0.3822828315963659,24.679333333333332,0.009737333333333128,0.09867792728535155,5,0,0.0,53.021499999999996,0.133651000000001,0.36558309588929433,66.33923333333334,0.10032082333333697,0.31673462604100766,1.0,0.0,0.0,1.0,0.0,0.0,1.0,0.0,0.0,1.0,0.0,0.0,0.9993333333333333,1.3333333333333357e-06,0.0011547005383792527,0.9999333333333333,1.3333333333330397e-08,0.00011547005383791244,0.0,0.0,0.0,0.0,0.0,0.0,1.0,0.0,0.0,12.6195594639866,0.0008659440249825241,0.029426926869493594,105.2,0.0,0.0,1.0,0.0,0.0,10,0,0.0,0.0,0.0,0.0,0.0,0.0,0.0
heat_alpha_size,8000,0,5,6,0,60,3600,0,0,500,3,21.549333333333333,0.0902773333333332,0.30046186668749364,1.9886666666666666,0.0014573333333333359,0.038175035472587784,51.06783333333333,0.0673860833333337,0.25958829583271603,63.9432,0.3579128400000036,0.5982581716951333,27.846666666666668,0.005041333333333294,0.07100234737903596,6,0,0.0,51.81883333333333,0.038078083333333346,0.19513606364107416,64.85556666666666,0.27175108333333176,0.5212974998341463,1.0,0.0,0.0,1.0,0.0,0.0,1.0,0.0,0.0,1.0,0.0,0.0,0.9993333333333333,1.3333333333333357e-06,0.0011547005383792527,0.9997333333333334,5.333333333332159e-08,0.0002309401076758249,0.0,0.0,0.0,0.0,0.0,0.0,1.0,0.0,0.0,12.576666666666666,0.0016303333333333575,0.0403773864103827,105.2,0.0,0.0,1.0,0.0,0.0,10,0,0.0,0.0,0.0,0.0,0.0,0.0,0.0
heat_alpha_size,8000,0,5,8,0,60,3600,0,0,500,3,26.09,0.02430399999999992,0.15589740215924036,1.984,0.00037199999999999576,0.0192873015219858,49.797333333333334,0.02892608333333353,0.17007669838438635,57.865100000000034,10.809736689999959,3.2878164015041897,34.254666666666665,0.06146533333333343,0.24792203075429467,8,0,0.0,50.3185,0.03389474999999955,0.18410526880021535,61.15456666666667,0.1034826133333308,0.3216871357908656,1.0,0.0,0.0,1.0,0.0,0.0,1.0,0.0,0.0,1.0,0.0,0.0,0.9993333333333333,1.3333333333333357e-06,0.0011547005383792527,0.9998,0.0,0.0,0.0,0.0,0.0,0.0,0.0,0.0,1.0,0.0,0.0,12.552,0.00020800000000000392,0.014422205101856093,105.2,0.0,0.0,1.0,0.0,0.0,10,0,0.0,0.0,0.0,0.0,0.0,0.0,0.0
heat_churn_liveness,2000,0,5,3,0,10,60,0,300,750,3,13.880444444444445,0.0007899259259259043,0.028105620895577176,1.5924444444444443,6.637037037037036e-05,0.008146801235477048,63.75716666666667,0.015698583333332752,0.12529398761845179,76.2495,0.006420250000000446,0.080126462545157,16.942666666666668,0.013335111111111252,0.11547775158493194,3,0,0.0,63.91316666666667,0.04000033333333449,0.20000083333160013,76.42846666666667,0.07264441333333262,0.2695262757753548,1.0,0.0,0.0,1.0,0.0,0.0,1.0,0.0,0.0,1.0,0.0,0.0,0.9982222222222222,2.37037037037044e-06,0.0015396007178390247,0.9992,2.1333333333334557e-07,0.00046188021535171385,0.0,0.0,0.0,0.0,0.0,0.0,1.0,0.0,0.0,12.64,0.00024299999999998645,0.01558845726811946,85.23333333333333,0.0033333333333329545,0.05773502691895929,1.0,0.0,0.0,10,0,0.0,0.0,0.0,0.0,32.65,0.004677777777777535,0.06839428176227554
heat_churn_liveness,2000,0,5,3,0,20,60,0,300,750,3,13.899111111111111,0.010347259259259178,0.10172147884915544,1.5951111111111111,0.000471703703703706,0.021718740840658925,62.714333333333336,0.0091855833333336,0.095841448931731,74.9902,0.02039120999999752,0.1427977941006006,16.890666666666668,0.016428444444444638,0.1281734935329635,3,0,0.0,62.84766666666667,0.01856658333333248,0.13625925045050147,75.31203333333333,0.0680539233333294,0.2608714689906303,1.0,0.0,0.0,1.0,0.0,0.0,1.0,0.0,0.0,1.0,0.0,0.0,0.9982222222222222,2.37037037037044e-06,0.0015396007178390247,0.9992888888888889,4.1481481481472344e-08,0.0002036700308869038,0.0,0.0,0.0,0.0,0.0,0.0,1.0,0.0,0.0,12.467,0.0005559999999999877,0.02357965224510293,85.23333333333333,0.0033333333333329545,0.05773502691895929,1.0,0.0,0.0,10,0,0.0,0.0,0.0,0.0,32.528888888888886,0.06513703703703853,0.25521958591973015
heat_churn_liveness,2000,0,5,3,0,40,60,0,300,750,3,13.848888888888888,0.0020130370370370783,0.044866881293857255,1.5924444444444443,0.00021570370370370336,0.014686854792762927,62.673,0.01615575000000022,0.12710527133050076,74.96726666666666,0.26617745333333,0.5159238832747811,16.88711111111111,0.023527703703703755,0.1533874300707322,3,0,0.0,62.87083333333334,0.14733658333333244,0.3838444780550222,74.93916666666667,0.2989459433333341,0.5467594931350841,1.0,0.0,0.0,1.0,0.0,0.0,1.0,0.0,0.0,1.0,0.0,0.0,0.9982222222222222,2.37037037037044e-06,0.0015396007178390247,0.9993777777777778,4.1481481481497014e-08,0.00020367003088696435,0.0,0.0,0.0,0.0,0.0,0.0,1.0,0.0,0.0,12.377333333333333,0.000730333333333322,0.027024680078278854,85.23333333333333,0.0033333333333329545,0.05773502691895929,1.0,0.0,0.0,10,0,0.0,0.0,0.0,0.0,32.5,0.05507777777777733,0.23468655218775816
heat_churn_liveness,2000,0,5,3,0,5,60,0,300,750,3,13.829333333333333,0.0002560000000000005,0.016000000000000014,1.5742222222222222,0.00010192592592592558,0.010095837059200469,65.4355,0.05683825000000189,0.23840773896835205,77.99843333333334,0.3011429633333377,0.5487649436082244,16.89377777777778,0.00485748148148157,0.0696956345941521,3,0,0.0,65.55516666666666,0.0634145833333316,0.25182252348297124,78.56213333333334,0.02060926333333366,0.14355926766786484,1.0,0.0,0.0,1.0,0.0,0.0,1.0,0.0,0.0,1.0,0.0,0.0,0.9982222222222222,2.37037037037044e-06,0.0015396007178390247,0.9991111111111112,1.837037037037175e-07,0.0004286067004885919,0.0,0.0,0.0,0.0,0.0,0.0,1.0,0.0,0.0,12.983666666666666,0.0004823333333333387,0.02196208854670563,85.23333333333333,0.0033333333333329545,0.05773502691895929,1.0,0.0,0.0,10,0,0.0,0.0,0.0,0.0,32.437777777777775,0.0049037037037037365,0.07002645002928348
heat_churn_liveness,2000,0,5,3,0,80,60,0,300,750,3,13.85688888888889,0.01043970370370361,0.10217486825880233,1.5973333333333333,0.00034311111111110925,0.01852325865259969,62.0455,0.011256999999999854,0.1060990103629617,74.34576666666668,0.036206123333332264,0.1902790669867084,16.881333333333334,0.007792000000000174,0.08827230596285662,3,0,0.0,62.08416666666667,0.03906308333333331,0.19764382948458906,74.1483,0.10885557000000616,0.32993267495052103,1.0,0.0,0.0,1.0,0.0,0.0,1.0,0.0,0.0,1.0,0.0,0.0,0.9982222222222222,2.37037037037044e-06,0.0015396007178390247,0.9992444444444445,1.1259259259260726e-07,0.0003355481971231663,0.0,0.0,0.0,0.0,0.0,0.0,1.0,0.0,0.0,12.289666666666667,0.0006943333333333429,0.026350205565295746,85.2,0.0,0.0,1.0,0.0,0.0,10,0,0.0,0.0,0.0,0.0,32.44555555555556,0.004937037037036702,0.07026405223894151
heat_churn_liveness,2000,0,5,3,1,10,60,0,300,750,3,13.85288888888889,0.0024610370370370333,0.049608840311350086,1.5813333333333335,0.00038933333333333403,0.019731531449265007,65.10866666666666,0.06774033333333496,0.2602697318808604,80.8814,3.5295166900000425,1.878700798424284,16.889777777777777,0.0028521481481481657,0.05340550672120026,3.027111111111111,5.39259259259253e-05,0.007343427396381426,65.34833333333333,0.1377655833333298,0.37116786409026553,81.6136,1.1998460700000353,1.095374853646018,1.0,0.0,0.0,1.0,0.0,0.0,1.0,0.0,0.0,1.0,0.0,0.0,1.0,0.0,0.0,0.9928444444444444,1.1792592592592215e-06,0.0010859370420329263,0.006254625080605252,4.0326778828998587e-07,0.0006350336906731688,0.006254625080605252,4.0326778828998587e-07,0.0006350336906731688,1.025018500322421,6.4522846126396375e-06,0.0025401347626926485,12.850999999999999,0.002973000000000039,0.0545252235208627,85.23333333333333,0.0033333333333329545,0.05773502691895929,1.0,0.0,0.0,10,0,0.0,0.14966666666666667,8.333333333333348e-08,0.00028867513459481317,45.57888888888889,0.12898148148148228,0.35913991908653414
heat_churn_liveness,2000,0,5,3,1,20,60,0,300,750,3,13.847555555555555,0.0008112592592592906,0.02848261328002209,1.5817777777777777,0.0010121481481481552,0.03181427585453039,62.94866666666667,0.013101083333333619,0.11445996388839907,1017.9431,0.29688798999999977,0.5448742882537216,16.90088888888889,0.013435259259259414,0.11591056577922228,3.0413333333333337,5.333333333333343e-06,0.0023094010767585054,63.030833333333334,0.14368508333333163,0.37905815297040063,1021.9756333333332,35.23524945333302,5.935928693417149,1.0,0.0,0.0,1.0,0.0,0.0,1.0,0.0,0.0,1.0,0.0,0.0,0.9995555555555555,5.925925925925607e-07,0.0007698003589194804,0.9884000000000001,7.644444444443796e-07,0.000874325136573563,0.010107738968203684,4.576239257022677e-07,0.0006764790652357748,0.010107738968203684,4.576239257022677e-07,0.0006764790652357748,1.0404309558728146,7.321982811235836e-06,0.002705916260943017,12.398,0.0033310000000000718,0.05771481612203293,85.23333333333333,0.0033333333333329545,0.05773502691895929,1.0,0.0,0.0,10,0,0.0,0.14983333333333332,8.333333333333348e-08,0.00028867513459481317,45.730000000000004,0.12084444444444385,0.3476268753195642
heat_churn_liveness,2000,0,5,3,1,40,60,0,300,750,3,13.851111111111111,0.0007010370370370777,0.026477104015301175,1.5915555555555556,0.00026548148148148145,0.016293602470954096,63.23166666666667,0.2320860833333338,0.48175313526051267,1041.3067666666666,0.2118088433334003,0.4602269476393145,16.944,0.000481777777777828,0.021949436844206915,3.066222222222222,5.748148148148283e-05,0.007581654270769858,63.1875,0.38094525000000273,0.6172076230896721,1039.0067999999999,33.17387788000016,5.759676890243077,1.0,0.0,0.0,1.0,0.0,0.0,1.0,0.0,0.0,1.0,0.0,0.0,0.9991111111111111,2.37037037037044e-06,0.0015396007178390247,0.9789777777777777,1.481481481481155e-07,0.0003849001794597081,0.017390992854398477,1.9569512253253484e-06,0.0013989107281472068,0.017390992854398477,1.9569512253253484e-06,0.0013989107281472068,1.069563971417594,3.131121960520465e-05,0.005595642912588745,12.256333333333334,0.0022203333333333376,0.04712041312778717,85.23333333333333,0.0033333333333329545,0.05773502691895929,1.0,0.0,0.0,10,0,0.0,0.15,0.0,0.0,44.99111111111111,0.009537037037036742,0.09765775461803708
heat_churn_liveness,2000,0,5,3,1,5,60,0,300,750,3,13.826222222222222,0.0028343703703704623,0.05323880511779413,1.5542222222222222,0.0003152592592592587,0.017755541649278367,66.15766666666666,0.01455358333333328,0.12063823329829262,79.6329,0.14592652000000159,0.3820032984150812,16.842666666666666,0.005637333333333314,0.07508217720160566,3.018222222222222,0.00014281481481481396,0.011950515253109965,66.42183333333334,0.0021590833333333934,0.046465937344827055,80.74226666666667,1.3496910233333295,1.1617620338663721,1.0,0.0,0.0,1.0,0.0,0.0,1.0,0.0,0.0,1.0,0.0,0.0,0.9995555555555555,5.925925925925607e-07,0.0007698003589194804,0.9945777777777778,3.61481481481466e-07,0.000601233300376373,0.0037447314101220377,2.0882432498351328e-07,0.00045697300246679045,0.0037447314101220377,2.0882432498351328e-07,0.00045697300246679045,1.0149789256404882,3.3411891997363835e-06,0.0018278920098672086,13.171552763819095,0.0027811226736699046,0.052736350591123624,85.23333333333333,0.0033333333333329545,0.05773502691895929,1.0,0.0,0.0,10,0,0.0,0.14966666666666667,8.333333333333348e-08,0.00028867513459481317,45.742222222222225,0.04063703703703662,0.2015863017098052
heat_churn_liveness,2000,0,5,3,1,80,60,0,300,750,3,13.82,0.0015697777777778038,0.03962042122161,1.568,2.1333333333333372e-05,0.004618802153517011,63.686,0.19054074999999643,0.43650973643207136,1045.0253,1.8470393100002378,1.359058243785099,16.971111111111114,0.00021748148148148568,0.014747253353810861,3.1115555555555554,0.0001357037037037054,0.011649193264072212,63.725500000000004,0.022968749999999608,0.15155444566227547,1043.2412666666667,1.6385062633336518,1.28004150844168,1.0,0.0,0.0,1.0,0.0,0.0,1.0,0.0,0.0,1.0,0.0,0.0,0.9995555555555555,5.925925925925607e-07,0.0007698003589194804,0.9684444444444444,1.5881481481481141e-06,0.0012602175003340154,0.026914431296964463,5.574236057035308e-06,0.002360982011163005,0.026914431296964463,5.574236057035308e-06,0.002360982011163005,1.1076577251878579,8.918777691256549e-05,0.00944392804465205,12.260333333333334,8.533333333333349e-05,0.009237604307034021,85.23333333333333,0.0033333333333329545,0.05773502691895929,1.0,0.0,0.0,10,0,0.0,0.15,0.0,0.0,44.65222222222222,0.04529259259259233,0.21282056430850926
heat_churn_liveness,2000,0,5,3,10,10,60,0,300,750,3,13.693333333333333,0.003180444444444466,0.056395429286817796,1.5364444444444445,0.0006139259259259265,0.02477752864847353,1035.512,32.69585099999974,5.7180285938424396,1082.1865,2.1887553699999747,1.4794442774231056,17.116888888888887,0.004573037037037077,0.06762423409575206,3.4164444444444446,4.325925925925842e-05,0.0065771771497549324,1042.0156666666667,0.4135203333332841,0.6430554667626146,1086.8666,76.56522786999975,8.750155876897265,1.0,0.0,0.0,1.0,0.0,0.0,1.0,0.0,0.0,1.0,0.0,0.0,0.9995555555555555,5.925925925925607e-07,0.0007698003589194804,0.861688888888889,7.015703703703681e-05,0.008375979765796763,0.10041179326378255,3.356188546512953e-08,0.00018319903238044006,0.10041179326378255,3.356188546512953e-08,0.00018319903238044006,1.4016471730551303,5.369901674420724e-07,0.0007327961295217603,12.633438860971523,0.0009613416159524545,0.031005509445136595,85.23333333333333,0.0033333333333329545,0.05773502691895929,1.0,0.0,0.0,10,0,0.0,1.5036666666666667,3.3333333333340795e-07,0.0005773502691896904,150.52,0.06681111111110924,0.25847845386242396
heat_churn_liveness,2000,0,5,3,10,20,60,0,300,750,3,13.819111111111111,0.003940148148148124,0.06277059939293335,1.6102222222222222,0.0010245925925925945,0.03200925792005486,1055.493,0.14685474999996856,0.3832163227212126,2036.3694,1.8684127899996898,1.3668989684682953,17.587555555555554,0.0005285925925926372,0.02299114161133886,3.7271111111111113,0.004541037037037024,0.06738721716347265,1055.8666666666666,0.04968133333335432,0.22289309844262634,2041.6573333333333,24.703926363332382,4.970304453786748,1.0,0.0,0.0,1.0,0.0,0.0,1.0,0.0,0.0,1.0,0.0,0.0,0.9995555555555555,5.925925925925607e-07,0.0007698003589194804,0.7898222222222222,4.096592592592615e-05,0.006400462946219292,0.1624634235399179,4.8303552757754216e-05,0.006950075737555255,0.1624634235399179,4.8303552757754216e-05,0.006950075737555255,1.6498536941596718,0.000772856844124071,0.02780030295022108,12.505485762144053,0.0005118285228487044,0.022623627535139107,85.23333333333333,0.0033333333333329545,0.05773502691895929,1.0,0.0,0.0,10,0,0.0,1.507,4.0000000000000074e-06,0.0020000000000000018,148.58444444444444,0.19610370370370328,0.4428359783302428
heat_churn_liveness,2000,0,5,3,10,40,60,0,300,750,3,13.987555555555556,0.003794370370370419,0.06159846077923067,1.6715555555555555,0.00010014814814814917,0.010007404665953564,1077.5013333333334,45.945645583333494,6.778321737962392,2070.060466666667,9.465695773332609,3.076637088337298,18.154666666666667,0.0015804444444444752,0.03975480404233525,4.126666666666667,0.001260444444444451,0.035502738548518355,1091.8666666666668,138.73129908333513,11.778425152936837,2080.8705333333332,173.30494554333586,13.16453362422444,0.9977777777777778,7.703703703703635e-06,0.002775554665954831,0.9977777777777778,7.703703703703635e-06,0.002775554665954831,1.0,0.0,0.0,0.9977777777777778,7.703703703703635e-06,0.002775554665954831,0.9995555555555555,5.925925925925607e-07,0.0007698003589194804,0.706,3.205333333333352e-05,0.005661566332149922,0.23831572593014025,3.094548289736189e-05,0.005562866428143129,0.23831572593014025,3.094548289736189e-05,0.005562866428143129,1.9532629037205609,0.0004951277263577874,0.02225146571257245,12.405,0.00012900000000000978,0.011357816691600978,85.23333333333333,0.0033333333333329545,0.05773502691895929,1.0,0.0,0.0,10,0,0.0,1.51,1.3000000000000467e-05,0.003605551275464054,146.56333333333333,0.16581111111111038,0.40719910499792406
heat_churn_liveness,2000,0,5,3,10,5,60,0,300,750,3,13.648,0.00307377777777779,0.05544166103011155,1.504888888888889,0.00014281481481481396,0.011950515253109965,1013.5260000000001,42.51898224999973,6.520658114791768,1062.0036333333335,25.114166303334386,5.011403626064697,16.963555555555555,7.170370370370528e-05,0.008467803948114604,3.2604444444444445,0.0005730370370370353,0.023938192016880376,1012.545,28.812360249999657,5.367714620767358,1065.6743666666666,25.30508396333447,5.030415883735109,1.0,0.0,0.0,1.0,0.0,0.0,1.0,0.0,0.0,1.0,0.0,0.0,0.9986666666666667,1.7777777777778303e-06,0.001333333333333353,0.9030666666666667,1.3777777777777703e-05,0.003711842908553338,0.06447870329532034,6.264293444494754e-06,0.0025028570563447594,0.06447870329532034,6.264293444494754e-06,0.0025028570563447594,1.2579148131812814,0.0001002286951119161,0.01001142822537904,12.831700167504188,0.00020977056976676352,0.014483458487763326,85.23333333333333,0.0033333333333329545,0.05773502691895929,1.0,0.0,0.0,10,0,0.0,1.5086666666666666,8.033333333333296e-05,0.008962886439832481,152.68555555555557,0.5021148148148092,0.7086006031713558
heat_churn_liveness,2000,0,5,3,10,80,60,0,300,750,3,14.265333333333334,0.0018791111111110832,0.043348715218689965,1.788,0.00017244444444444287,0.013131810402394747,2023.8261666666667,0.4331123333333151,0.6581127056464684,3038.363066666667,36.08387708333197,6.006985690288597,18.804,0.015607111111111004,0.12492842395192139,4.372444444444445,0.008196148148148107,0.09053258058924482,2028.2243333333333,41.293484083333155,6.426000628955241,3042.1767333333332,1.7446849433331715,1.3208652252721211,0.996,7.111111111111321e-06,0.002666666666666706,0.996,7.111111111111321e-06,0.002666666666666706,1.0,0.0,0.0,0.996,7.111111111111321e-06,0.002666666666666706,0.9951111111111111,2.37037037037044e-06,0.0015396007178390247,0.6551111111111111,5.476148148148092e-05,0.0074001000994230424,0.2955616763236877,3.652743144566634e-05,0.006043792803005935,0.2955616763236877,3.652743144566634e-05,0.006043792803005935,2.1822467052947507,0.0005844389031306612,0.024175171212023738,12.269839195979898,0.0013723338552055974,0.0370450247024563,85.2,0.0,0.0,1.0,0.0,0.0,10,0,0.0,1.5116666666666667,1.0333333333333204e-05,0.0032145502536642984,145.58555555555554,0.19800370370370948,0.4449760709338306
heat_churn_liveness,2000,0,5,3,2,10,60,0,300,750,3,13.781777777777778,0.0013943703703703956,0.037341268997858064,1.555111111111111,0.0006050370370370372,0.02459750062581638,65.45566666666667,0.018390583333333852,0.13561188492655743,1031.4032333333334,0.3190401433332639,0.5648363863396761,16.807111111111112,0.0014974814814815638,0.038697305868517044,3.0524444444444443,1.8370370370369877e-05,0.0042860670048857005,65.66316666666667,0.02168033333333328,0.14724243047889857,1031.1842,1.3827624399999645,1.1759091971746647,1.0,0.0,0.0,1.0,0.0,0.0,1.0,0.0,0.0,1.0,0.0,0.0,1.0,0.0,0.0,0.9836,2.2933333333332133e-06,0.0015143755588800333,0.01310647896886824,7.935168650722576e-07,0.0008907956359750859,0.01310647896886824,7.935168650722576e-07,0.0008907956359750859,1.052425915875473,1.26962698411555e-05,0.0035631825439002562,12.832333333333333,0.00010433333333333433,0.010214368964029757,85.23333333333333,0.0033333333333329545,0.05773502691895929,1.0,0.0,0.0,10,0,0.0,0.29983333333333334,8.333333333333348e-08,0.00028867513459481317,57.952222222222225,0.0026925925925925264,0.051890197461491
heat_churn_liveness,2000,0,5,3,2,20,60,0,300,750,3,13.777777777777779,0.00027437037037037783,0.016564129025408426,1.5528888888888888,8.948148148148102e-05,0.009459465179463425,63.5875,0.014400749999999397,0.12000312495930844,1042.9267333333332,0.6921096033333658,0.8319312491626731,16.903111111111112,0.001547259259259269,0.03933521652742322,3.0866666666666664,0.00010133333333333351,0.010066445913694341,64.061,0.1749032499999992,0.41821435891178965,1043.5496666666666,0.1751091433333919,0.4184604441681339,1.0,0.0,0.0,1.0,0.0,0.0,1.0,0.0,0.0,1.0,0.0,0.0,1.0,0.0,0.0,0.9752444444444445,1.001481481481488e-06,0.0010007404665953545,0.020761142447241844,9.330256977038861e-08,0.0003054546934823373,0.020761142447241844,9.330256977038861e-08,0.0003054546934823373,1.0830445697889675,1.4928411163260768e-06,0.0012218187739292913,12.489666666666666,9.733333333332611e-05,0.009865765724632129,85.2,0.0,0.0,1.0,0.0,0.0,10,0,0.0,0.29983333333333334,3.3333333333333394e-07,0.0005773502691896263,57.56,0.0012444444444445492,0.03527668414752936
heat_churn_liveness,2000,0,5,3,2,40,60,0,300,750,3,13.763555555555556,0.0011401481481481464,0.033766079845729005,1.5604444444444445,0.0006708148148148139,0.02590009294992614,65.88516666666666,3.6946430833333297,1.9221454376121827,1051.1545666666666,24.645599063333396,4.964433408087311,16.97422222222222,0.0016005925925926664,0.04000740672166426,3.124888888888889,0.00046459259259259685,0.021554410049746127,69.7735,9.521294249999999,3.085659451397707,1054.1238333333333,0.8521914533335855,0.9231421631220109,1.0,0.0,0.0,1.0,0.0,0.0,1.0,0.0,0.0,1.0,0.0,0.0,0.9973333333333333,1.7777777777778303e-06,0.001333333333333353,0.9580444444444445,1.0245925925926161e-05,0.003200925792005519,0.03448010916507462,5.43920884811041e-06,0.002332211149984154,0.03448010916507462,5.43920884811041e-06,0.002332211149984154,1.1379204366602984,8.702734156976509e-05,0.009328844599936537,12.256683417085426,0.0005056021817630929,0.02248559943081556,85.2,0.0,0.0,1.0,0.0,0.0,10,0,0.0,0.30016666666666664,8.333333333333348e-08,0.00028867513459481317,57.07222222222222,0.050892592592591615,0.22559386647821703
heat_churn_liveness,2000,0,5,3,2,5,60,0,300,750,3,13.823111111111112,0.009088592592592575,0.09533411033094386,1.5675555555555556,0.0007703703703703734,0.02775554665954849,65.56316666666666,0.06367658333333472,0.25234219491265175,392.75553333333335,281210.44023240334,530.292787271714,16.842666666666666,0.01783644444444473,0.13355315213219315,3.042222222222222,3.7925925925923886e-05,0.006158402871355843,66.1405,0.10725024999999945,0.32749083956654335,1006.4720333333333,0.06735810333332364,0.2595343972064659,1.0,0.0,0.0,1.0,0.0,0.0,1.0,0.0,0.0,1.0,0.0,0.0,0.9995555555555555,5.925925925925607e-07,0.0007698003589194804,0.9893777777777778,2.9037037037037547e-07,0.0005388602512436555,0.008061591045793036,1.0930151925077114e-07,0.00033060780276752565,0.008061591045793036,1.0930151925077114e-07,0.00033060780276752565,1.032246364183172,1.7488243080124778e-06,0.0013224312110701553,12.999333333333333,0.0015603333333333808,0.03950105483823667,85.23333333333333,0.0033333333333329545,0.05773502691895929,1.0,0.0,0.0,10,0,0.0,0.2995,0.0,0.0,58.224444444444444,0.011625925925925581,0.10782358705740401
heat_churn_liveness,2000,0,5,3,2,80,60,0,300,750,3,13.861777777777778,0.0016717037037036993,0.04088647335860234,1.6071111111111112,0.0004521481481481507,0.021263775491387946,1005.1666666666666,1.4473723333333897,1.20306788392567,1060.7788666666668,15.288741923333156,3.9100820865210943,17.058222222222224,0.011833481481481776,0.10878180675775603,3.2048888888888887,3.081481481481553e-05,0.005551109331909752,1005.9445,0.6287782499999928,0.7929553896657697,1059.2299666666668,34.46176505333185,5.870414385146235,1.0,0.0,0.0,1.0,0.0,0.0,1.0,0.0,0.0,1.0,0.0,0.0,0.9982222222222222,9.481481481481366e-06,0.003079201435677985,0.9369333333333334,1.377777777777763e-05,0.003711842908553328,0.056692516959390905,5.515826624352737e-06,0.002348579703640636,0.056692516959390905,5.515826624352737e-06,0.002348579703640636,1.2267700678375637,8.825322598964334e-05,0.009394318814562519,12.26428810720268,0.0001297917308485331,0.011392617383574903,85.23333333333333,0.0033333333333329545,0.05773502691895929,1.0,0.0,0.0,10,0,0.0,0.3005,0.0,0.0,56.147777777777776,0.03767037037037013,0.19408856321373016
heat_churn_liveness,2000,0,5,3,20,10,60,0,300,750,3,14.658666666666667,0.009655111111111107,0.09826042494876107,1.7986666666666666,0.0004391111111111088,0.020954978194002227,2051.1865,0.43356899999987303,0.6584595659566903,4027.5345,47.55448669000155,6.895976123073626,20.49288888888889,0.0027063703703703286,0.052022787030015304,5.537333333333334,0.005781333333333343,0.07603507962337741,2068.016666666667,51.00003508333185,7.141430884866971,4046.6091,9.42529900000039,3.070064983025667,0.9502222222222222,0.00011614814814814792,0.010777205024873004,0.9502222222222222,0.00011614814814814792,0.010777205024873004,0.98,3.3777777777777444e-05,0.005811865258054202,0.9695989168958435,4.274371789102005e-05,0.0065378679927802184,0.9742222222222222,2.1925925925925784e-05,0.004682512779045646,0.5026222222222222,5.122370370370369e-05,0.007157073682986901,0.40286443078822465,1.4624258433138327e-05,0.003824167678480943,0.40286443078822465,1.4624258433138327e-05,0.003824167678480943,2.6114577231528986,0.0002339881349302071,0.015296670713923571,12.519333333333334,3.333333333333191e-05,0.005773502691896135,85.23333333333333,0.0033333333333329545,0.05773502691895929,1.0,0.0,0.0,10,0,0.0,3.0549999999999997,0.00022974999999999802,0.015157506391224053,262.34333333333336,1.2303999999999833,1.1092339699089562
heat_churn_liveness,2000,0,5,3,20,20,60,0,300,750,3,15.121333333333334,0.001228444444444432,0.03504917180825293,1.895111111111111,2.9037037037036663e-05,0.005388602512436473,2085.7446666666665,329.3091835833287,18.146878067131237,4060.866433333333,5.929610663332956,2.435079190361775,20.968,0.016311111111111214,0.12771496040445385,5.800888888888889,0.03382992592592593,0.18392913289070312,2713.4166666666665,276656.3298875835,525.9813018421696,4069.3694333333333,178.24164542332937,13.350717037797235,0.9217777777777778,0.0009001481481481488,0.030002469034200317,0.9217777777777778,0.0009001481481481488,0.030002469034200317,0.9755555555555555,0.00023525925925926022,0.015338163490433274,0.9442705690267634,0.0002795406297889716,0.0167194685857228,0.9475555555555555,0.00011792592592592596,0.010859370420329438,0.4613333333333333,0.00017733333333333365,0.013316656236958798,0.4493941339296114,6.556574803818422e-05,0.008097267936667542,0.4493941339296114,6.556574803818422e-05,0.008097267936667542,2.797576535718446,0.001049051968610943,0.03238907174667009,12.467333333333334,0.0012973333333333485,0.03601851375797381,85.23333333333333,0.0033333333333329545,0.05773502691895929,1.0,0.0,0.0,10,0,0.0,3.0476666666666667,0.00010208333333333379,0.010103629710818473,258.3588888888889,2.115003703703709,1.4543052305839064
heat_churn_liveness,2000,0,5,3,20,40,60,0,300,750,3,15.513777777777777,0.004169481481481562,0.06457152221747263,1.9284444444444444,0.0008219259259259269,0.02866925052954693,3029.9066666666668,0.6096530833333237,0.7808028453670771,5046.121733333333,53.13032137333044,7.289054902614635,21.820888888888888,0.04130548148148177,0.20323750018508338,6.219555555555555,0.007829925925925952,0.0884868686638077,3037.248666666667,27.240783083332023,5.219270359287017,5047.801433333333,43.04301233333451,6.560717364231941,0.8653333333333334,0.0001493333333333336,0.012220201853215583,0.8653333333333334,0.0001493333333333336,0.012220201853215583,0.9684444444444444,4.6814814814814615e-05,0.006842135252595831,0.8926352570804497,0.00020383580611069195,0.014277107764203923,0.8853333333333333,0.0004337777777777773,0.0208273324690844,0.41173333333333334,2.609777777777795e-05,0.005108598416178155,0.5048877495384346,1.7662993415071912e-05,0.00420273641989025,0.5048877495384346,1.7662993415071912e-05,0.00420273641989025,3.0195509981537385,0.0002826078946411506,0.016810945679561,12.434530988274707,7.225288081950328e-05,0.008500169458281599,85.23333333333333,0.0033333333333329545,0.05773502691895929,1.0,0.0,0.0,10,0,0.0,3.0643333333333334,0.00011808333333333012,0.010866615541801877,253.31333333333333,2.598711111111149,1.6120518326378805
heat_churn_liveness,2000,0,5,3,20,5,60,0,300,750,3,14.433777777777777,0.000516148148148115,0.022718894078456262,1.7813333333333334,0.0004479999999999955,0.02116601048851662,2038.677,0.12823225000003188,0.3580953085423375,3059.3737,47.726165009998866,6.908412625922026,19.680444444444444,0.006599703703703673,0.08123856044824818,5.168,0.0030240000000000267,0.054990908339470325,2049.8340000000003,1.0114770000000133,1.0057221286220233,3080.0401666666667,122.43855009333436,11.065195438551203,0.9706666666666667,2.1333333333333372e-05,0.004618802153517011,0.9706666666666667,2.1333333333333372e-05,0.004618802153517011,0.9871111111111112,5.392592592592584e-05,0.007343427396381464,0.9833540607449468,7.285162102727218e-06,0.002699103944409555,0.991111111111111,4.148148148148122e-06,0.002036700308869256,0.5551555555555555,4.487703703703705e-05,0.00669903254485579,0.35220063370221355,4.254916374801983e-05,0.006522972002700903,0.35220063370221355,4.254916374801983e-05,0.006522972002700903,2.408802534808854,0.0006807866199683107,0.026091888010803487,12.601666666666667,0.00025233333333331417,0.015885003409924537,85.23333333333333,0.0033333333333329545,0.05773502691895929,1.0,0.0,0.0,10,0,0.0,3.033166666666667,3.333333333333487e-05,0.005773502691896391,262.2577777777778,0.9204481481481435,0.9593998895914797
heat_churn_liveness,2000,0,5,3,20,80,60,0,300,750,3,15.471555555555556,0.012679703703703795,0.11260419043580837,1.888,0.0022453333333333375,0.04738494838377834,3042.4365000000003,1.5763552499999598,1.2555298682229585,5052.844,1.716295209999562,1.310074505514691,22.207555555555555,0.046409481481480816,0.21542859949756163,6.550666666666666,0.041445333333333285,0.2035812696034026,3046.9466666666667,41.09020308333381,6.410164044962797,5082.745366666667,409.0093650033294,20.223979949637247,0.8088888888888889,0.0005161481481481482,0.02271889407845699,0.8088888888888889,0.0005161481481481482,0.02271889407845699,0.9737777777777777,5.392592592592545e-05,0.007343427396381437,0.8301261954639119,0.0003195467592703554,0.017875870867467,0.8057777777777778,0.0005623703703703694,0.023714349461251713,0.37724444444444444,4.411259259259269e-05,0.006641731144256947,0.5426712420100521,0.00012666525970309682,0.011254566171252308,0.5426712420100521,0.00012666525970309682,0.011254566171252308,3.1706849680402085,0.002026644155249549,0.04501826468500923,12.368333333333334,0.002481333333333347,0.049812983581927185,85.2,0.0,0.0,1.0,0.0,0.0,10,0,0.0,3.066333333333333,0.0006000833333333371,0.02449659840331586,245.5511111111111,19.905114814814844,4.461514856505001
heat_churn_liveness,2000,0,5,3,40,10,60,0,300,750,3,13.895555555555555,0.01651970370370378,0.128528999465894,1.2217777777777776,0.0007650370370370362,0.02765930290222507,3871.9005,68252.83259199999,261.25243078677755,5067.913633333333,58.41357292333833,7.642877267321406,22.756888888888888,0.028135703703703944,0.16773700755558965,8.904,0.0013173333333333843,0.03629508690351057,4022.892333333333,0.10390933333326305,0.32234970658163015,5067.6942,96.67775793000355,9.832484829889317,0.27155555555555555,4.148148148148172e-06,0.002036700308869268,0.27155555555555555,4.148148148148172e-06,0.002036700308869268,0.4471111111111111,0.0006477037037037031,0.025450023648391825,0.5850442068781011,0.001729857583844477,0.04159155664127608,0.36133333333333334,4.800000000000008e-05,0.006928203230275515,0.15093333333333334,1.463111111111103e-05,0.00382506354340827,0.6889355812636972,1.5093372386390174e-05,0.0038850189686010766,0.6889355812636972,1.5093372386390174e-05,0.0038850189686010766,3.755742325054789,0.0002414939581822428,0.015540075874404306,12.539490787269681,0.0003876371892965433,0.019688503988280655,85.23333333333333,0.0033333333333329545,0.05773502691895929,1.0,0.0,0.0,10,0,0.0,6.085833333333333,0.00011158333333334139,0.01056330125166093,362.99,10.12221111111108,3.1815422535479674
heat_churn_liveness,2000,0,5,3,40,20,60,0,300,750,3,13.752888888888888,0.020830814814814705,0.14432884262965148,1.1653333333333333,0.0029084444444444422,0.053929995776417806,4022.6625,0.18352974999986638,0.42840372313959457,5073.913,276.30864303999726,16.62253419427968,22.436444444444444,0.009346370370370515,0.09667662783925862,8.956,0.005775999999999964,0.07599999999999976,4022.65,0.05239599999993489,0.22890172563773933,5052.016666666666,8.12892522333188,2.851127009330149,0.252,0.0001617777777777776,0.012719189352225935,0.252,0.0001617777777777776,0.012719189352225935,0.4262222222222222,2.3703703703703415e-06,0.0015396007178389926,0.5746052207541089,0.0004922391710367204,0.022186463689302095,0.3373333333333333,0.00032533333333333286,0.018036999011291563,0.1456888888888889,2.6174814814814847e-05,0.005116132798786095,0.6961193182145142,3.409592804898878e-05,0.0058391718632858185,0.6961193182145142,3.409592804898878e-05,0.0058391718632858185,3.784477272858057,0.0005455348487838204,0.023356687453143274,12.506333333333334,0.0020663333333332864,0.045456939330901794,85.23333333333333,0.0033333333333329545,0.05773502691895929,1.0,0.0,0.0,10,0,0.0,6.106333333333334,0.0002400833333333387,0.015494622723168794,359.7733333333333,23.877344444444173,4.886444969959672
heat_churn_liveness,2000,0,5,3,40,40,60,0,300,750,3,13.551111111111112,0.12723437037037025,0.35669927161457765,1.1195555555555554,0.011901037037037035,0.10909187429427104,4021.9556666666667,1.3580290833331283,1.1653450490447574,5055.608166666667,117.69403694332772,10.84868825910892,22.828444444444443,0.017927703703703855,0.1338943751757476,8.991555555555555,0.000651259259259254,0.025519781724365396,4023.065,0.7094102499999991,0.8422649523754382,5085.044933333334,79.03898546333846,8.890387250471065,0.2351111111111111,0.00048770370370370395,0.022084014664541952,0.2351111111111111,0.00048770370370370395,0.022084014664541952,0.4,0.0002897777777777777,0.017022860446404938,0.5671813285706507,0.0018970587066999298,0.04355523741985491,0.3164444444444444,0.0010565925925925931,0.032505270227958315,0.14075555555555555,6.0610370370370384e-05,0.007785266236319114,0.7027341876063771,5.300928298124443e-06,0.002302374491285995,0.7027341876063771,5.300928298124443e-06,0.002302374491285995,3.8109367504255083,8.481485276999109e-05,0.00920949796514398,12.478,0.00012400000000000467,0.011135528725660253,85.23333333333333,0.0033333333333329545,0.05773502691895929,1.0,0.0,0.0,10,0,0.0,6.102,0.0001367500000000043,0.011694015563526684,355.47444444444443,143.22009259259266,11.96745973849892
heat_churn_liveness,2000,0,5,3,40,5,60,0,300,750,3,13.824,0.023621333333333338,0.1536923333589979,1.2035555555555555,0.002853925925925925,0.05342214827134833,4021.072166666667,1.8025600833338722,1.3425945342261274,5061.643366666667,30.152387253333618,5.491118943651978,22.640888888888888,0.009607703703703504,0.09801889462600312,8.871555555555556,0.0010334814814814811,0.032147806791155774,4022.9203333333335,0.038486083333401484,0.19617870254796133,5076.6109,42.35117493000071,6.507778033246118,0.2688888888888889,0.00010370370370370393,0.010183501544346323,0.2688888888888889,0.00010370370370370393,0.010183501544346323,0.45111111111111113,7.881481481481455e-05,0.008877770824639175,0.5805212065856343,0.0007409540822429065,0.02722047174908816,0.36,0.0001120000000000002,0.010583005244258372,0.15337777777777778,5.287703703703711e-05,0.007271659854327422,0.6906846548913324,2.4148458232572194e-05,0.004914108081083707,0.6906846548913324,2.4148458232572194e-05,0.004914108081083707,3.7627386195653294,0.0003863753317211551,0.019656432324334828,12.577924623115578,0.0006495748339688907,0.02548675801213035,85.23333333333333,0.0033333333333329545,0.05773502691895929,1.0,0.0,0.0,10,0,0.0,6.09,6.474999999999573e-05,0.008046738469715275,362.9477777777778,5.719625925926024,2.39157394322777
heat_churn_liveness,2000,0,5,3,40,80,60,0,300,750,3,13.439555555555556,0.08558281481481463,0.2925454064155078,1.1253333333333333,0.008695111111111114,0.09324757965283127,4022.0840000000003,0.09568425000000799,0.30932870865797113,5048.407066666667,60.90856992332293,7.804394270109816,22.39911111111111,0.01754725925925921,0.13246606833170224,9.035111111111112,0.0005143703703703486,0.022679734794973875,4022.4121666666665,0.15715108333330985,0.396422859246676,5059.2391333333335,308.0480308133389,17.55129712623369,0.22266666666666668,2.1333333333333372e-05,0.004618802153517011,0.22266666666666668,2.1333333333333372e-05,0.004618802153517011,0.39511111111111114,0.00038637037037037025,0.019656306122218647,0.5463627834338874,0.0006544150865089263,0.025581538001240783,0.29644444444444445,0.00016059259259259312,0.012672513270562912,0.13786666666666667,0.0001609244444444446,0.012685599885084055,0.7088416181141157,1.475869584802271e-05,0.003841704810110052,0.7088416181141157,1.475869584802271e-05,0.003841704810110052,3.835366472456463,0.00023613913356836336,0.015366819240440208,12.432333333333334,7.233333333333309e-05,0.008504900548115368,85.2,0.0,0.0,1.0,0.0,0.0,10,0,0.0,6.108833333333333,0.0005760833333333343,0.0240017360483223,349.75444444444446,7.202714814814838,2.68378740119534
heat_churn_liveness,2000,0,5,3,5,10,60,0,300,750,3,13.744444444444444,0.0003028148148148097,0.0174015750670682,1.548888888888889,0.00023525925925925846,0.015338163490433217,69.27733333333333,2.111624083333324,1.4531428296397173,1054.5831666666666,1.1752249233335335,1.0840779138666803,16.883555555555557,0.0022121481481481423,0.04703347901386992,3.1382222222222222,0.0002352592592592619,0.015338163490433328,72.86166666666666,5.058420083333337,2.249093169109127,1055.3718333333334,0.010030743333326047,0.10015359870382116,1.0,0.0,0.0,1.0,0.0,0.0,1.0,0.0,0.0,1.0,0.0,0.0,0.9986666666666667,0.0,0.0,0.9505777777777777,1.2521481481481481e-05,0.0035385705421089857,0.0375240612652036,4.434436177370959e-07,0.0006659156235868745,0.0375240612652036,4.434436177370959e-07,0.0006659156235868745,1.1500962450608145,7.095097883793481e-06,0.002663662494347488,12.744333333333334,0.002424333333333339,0.04923751956926079,85.23333333333333,0.0033333333333329545,0.05773502691895929,1.0,0.0,0.0,10,0,0.0,0.7518333333333334,8.333333333335199e-08,0.0002886751345948452,93.57333333333332,0.21151111111111176,0.45990337149352556
heat_churn_liveness,2000,0,5,3,5,20,60,0,300,750,3,13.78888888888889,0.0124663703703704,0.11165290130744655,1.5613333333333332,0.000796444444444442,0.028221347318022255,1013.2068333333334,36.791409083333285,6.065592228573669,1058.7574333333334,0.3541928433333869,0.5951410281045888,16.972,0.005015111111110958,0.07081744919940959,3.2515555555555555,0.00024237037037037285,0.015568248789455185,1014.7005,41.74204825000004,6.460808637469465,1063.6736,20.972666370000145,4.5795923803325715,0.9995555555555555,5.925925925925607e-07,0.0007698003589194804,0.9995555555555555,5.925925925925607e-07,0.0007698003589194804,1.0,0.0,0.0,0.9995555555555555,5.925925925925607e-07,0.0007698003589194804,1.0,0.0,0.0,0.9186666666666666,7.164444444444569e-06,0.002676647986651321,0.0636618369482442,3.198199961249169e-06,0.0017883511851001662,0.0636618369482442,3.198199961249169e-06,0.0017883511851001662,1.254647347792977,5.1171199379987125e-05,0.007153404740400694,12.540072026800669,0.00022268893041420702,0.014922765508249704,85.26666666666667,0.0033333333333329545,0.05773502691895929,1.0,0.0,0.0,10,0,0.0,0.7516666666666666,8.333333333335199e-08,0.0002886751345948452,92.12,0.20817777777777902,0.45626503019383263
heat_churn_liveness,2000,0,5,3,5,40,60,0,300,750,3,13.821333333333333,0.009552000000000007,0.09773433378296496,1.572,0.00022933333333333375,0.015143755588800743,1038.5565,30.40318225000028,5.513908074134015,1079.1578666666667,0.30813942333337635,0.5551030745126317,17.204,0.0010720000000000055,0.03274141108748988,3.3626666666666667,0.0009031111111111206,0.030051807118892545,1035.4523333333332,34.87841258333328,5.905794830785546,1081.4592,1.7597262900003505,1.3265467537936046,1.0,0.0,0.0,1.0,0.0,0.0,1.0,0.0,0.0,1.0,0.0,0.0,0.9995555555555555,5.925925925925607e-07,0.0007698003589194804,0.8725333333333334,2.1617777777777872e-05,0.004649492206443395,0.10007469338959447,1.0865992038221488e-05,0.0032963604229849456,0.10007469338959447,1.0865992038221488e-05,0.0032963604229849456,1.4002987735583778,0.0001738558726115438,0.013185441691939782,12.301666666666668,6.433333333333367e-05,0.008020806277010665,85.23333333333333,0.0033333333333329545,0.05773502691895929,1.0,0.0,0.0,10,0,0.0,0.7523333333333333,1.3333333333333357e-06,0.0011547005383792527,91.08222222222223,0.009514814814814435,0.09754391223861403
heat_churn_liveness,2000,0,5,3,5,5,60,0,300,750,3,13.675555555555556,0.0019454814814814675,0.044107612511690854,1.4973333333333334,0.001409777777777782,0.037547007574209985,66.236,0.057273249999998714,0.23931830268493615,1044.5863,0.1301326899999622,0.360739088539019,16.788888888888888,0.00206459259259246,0.045437788156912524,3.098222222222222,2.192592592592524e-05,0.004682512779045588,66.9135,0.12476324999999926,0.353218416847139,1046.0649333333333,0.13612282333333484,0.36894826647286855,0.9995555555555555,5.925925925925607e-07,0.0007698003589194804,0.9995555555555555,5.925925925925607e-07,0.0007698003589194804,1.0,0.0,0.0,0.9995555555555555,5.925925925925607e-07,0.0007698003589194804,0.9986666666666667,1.7777777777778303e-06,0.001333333333333353,0.9691111111111111,6.103703703703347e-07,0.0007812620369442859,0.024327306873862028,1.1559755156824371e-06,0.001075163018189538,0.024327306873862028,1.1559755156824371e-06,0.001075163018189538,1.0973092274954481,1.8495608250918994e-05,0.004300652072758152,12.92729648241206,0.0009001330521956734,0.030002217454642804,85.23333333333333,0.0033333333333329545,0.05773502691895929,1.0,0.0,0.0,10,0,0.0,0.751,1.7499999999998922e-06,0.0013228756555322546,94.19,0.03543333333333397,0.18823743871327503
heat_churn_liveness,2000,0,5,3,5,80,60,0,300,750,3,13.928444444444445,0.004661925925925878,0.06827829762029718,1.6382222222222222,3.7925925925925464e-05,0.00615840287135597,1051.02,20.018746749999792,4.47423141444425,2032.5820666666666,54.70162494333327,7.396054687692167,17.37511111111111,0.0015365925925926015,0.039199395309017226,3.552888888888889,0.0008699259259259321,0.02949450670762154,1045.9546666666665,0.4045145833333705,0.6360146093710195,2032.7938333333334,34.096904053333915,5.839255436554725,1.0,0.0,0.0,1.0,0.0,0.0,1.0,0.0,0.0,1.0,0.0,0.0,0.9986666666666667,1.7777777777778303e-06,0.001333333333333353,0.8219111111111111,6.71525925925925e-05,0.008194668546841446,0.14852082342225284,1.7349208254281288e-05,0.004165238078943542,0.14852082342225284,1.7349208254281288e-05,0.004165238078943542,1.5940832936890112,0.00027758733206850137,0.01666095231577419,12.165666666666667,6.433333333333367e-05,0.008020806277010665,85.23333333333333,0.0033333333333329545,0.05773502691895929,1.0,0.0,0.0,10,0,0.0,0.7535,2.5000000000000047e-07,0.0005000000000000004,89.67333333333333,0.07017777777777878,0.26491088648407557
heat_churn_republish,2000,0,5,3,0,10,120,0,300,750,3,13.892888888888889,0.006766814814814819,0.08226065167997892,1.5893333333333333,0.0006204444444444478,0.024908722256359272,64.2385,0.02622474999999997,0.16194057552077543,76.97070000000001,0.07432190999999959,0.2726204504434684,16.81288888888889,0.00724681481481487,0.08512822572340428,3,0,0.0,64.07000000000001,0.03627924999999973,0.1904711264207773,76.68296666666667,0.0003318033333331015,0.018215469616046177,1.0,0.0,0.0,1.0,0.0,0.0,1.0,0.0,0.0,1.0,0.0,0.0,0.9982222222222222,2.37037037037044e-06,0.0015396007178390247,0.9993333333333333,1.7777777777773863e-08,0.00013333333333331865,0.0,0.0,0.0,0.0,0.0,0.0,1.0,0.0,0.0,12.744,0.0012639999999999845,0.03555277766926214,85.23333333333333,0.0033333333333329545,0.05773502691895929,1.0,0.0,0.0,10,0,0.0,0.0,0.0,0.0,14.856666666666667,0.0017333333333333187,0.04163331998932248
heat_churn_republish,2000,0,5,3,0,10,15,0,300,750,3,13.902222222222221,0.003637925925925877,0.06031522134524483,1.6031111111111112,0.0002957037037037021,0.017196037441913822,64.56083333333333,0.04776408333333554,0.21854995615038575,76.9677,0.08806758999999814,0.29676184053883703,16.925333333333334,0.006229333333333117,0.07892612579705859,3,0,0.0,64.30466666666666,0.008054333333333502,0.08974593769822399,77.18493333333333,0.24855282333333364,0.498550722929306,1.0,0.0,0.0,1.0,0.0,0.0,1.0,0.0,0.0,1.0,0.0,0.0,0.9982222222222222,2.37037037037044e-06,0.0015396007178390247,0.9994666666666666,1.7777777777788666e-08,0.00013333333333337416,0.0,0.0,0.0,0.0,0.0,0.0,1.0,0.0,0.0,12.808666666666667,5.2333333333334535e-05,0.007234178138070318,85.23333333333333,0.0033333333333329545,0.05773502691895929,1.0,0.0,0.0,10,0,0.0,0.0,0.0,0.0,132.23666666666668,0.12630000000000957,0.3553871128783507
heat_churn_republish,2000,0,5,3,0,10,30,0,300,750,3,13.849333333333334,0.00115733333333332,0.034019602192461335,1.5906666666666667,0.0002613333333333338,0.016165807537309534,64.126,0.029288250000000855,0.17113810212807917,76.59703333333333,0.014629223333333365,0.12095132629836419,16.932444444444446,0.00035970370370368604,0.01896585626075675,3,0,0.0,64.23233333333333,0.06429908333333165,0.25357263916545025,76.63843333333334,0.0008559033333335851,0.029255825630694225,1.0,0.0,0.0,1.0,0.0,0.0,1.0,0.0,0.0,1.0,0.0,0.0,0.9982222222222222,2.37037037037044e-06,0.0015396007178390247,0.9994222222222222,7.703703703705461e-08,0.00027755546659551604,0.0,0.0,0.0,0.0,0.0,0.0,1.0,0.0,0.0,12.735333333333333,0.0009213333333333483,0.030353473167552807,85.23333333333333,0.0033333333333329545,0.05773502691895929,1.0,0.0,0.0,10,0,0.0,0.0,0.0,0.0,66.43444444444445,0.04638148148148214,0.21536360296364412
heat_churn_republish,2000,0,5,3,0,10,300,0,300,750,3,13.836,0.01267733333333335,0.11259366471224458,1.5817777777777777,0.0022370370370370443,0.047297325897317326,63.96083333333333,0.02970508333333408,0.1723516270109861,76.26523333333334,0.36502226333333837,0.6041707236645436,16.92,0.007329777777777892,0.08561412136895345,3,0,0.0,64.02766666666666,0.012765083333333621,0.11298266828736885,76.36176666666667,0.1504053233333359,0.38782125178145654,1.0,0.0,0.0,1.0,0.0,0.0,1.0,0.0,0.0,1.0,0.0,0.0,0.9982222222222222,2.37037037037044e-06,0.0015396007178390247,0.9993333333333333,1.6000000000000916e-07,0.00040000000000001146,0.0,0.0,0.0,0.0,0.0,0.0,1.0,0.0,0.0,12.682333333333332,0.00026133333333333737,0.016165807537309645,85.23333333333333,0.0033333333333329545,0.05773502691895929,1.0,0.0,0.0,10,0,0.0,0.0,0.0,0.0,3.8855555555555554,0.008281481481481494,0.09100264546419239
heat_churn_republish,2000,0,5,3,0,10,3600,0,300,750,3,13.906222222222222,0.004617481481481516,0.06795205281285854,1.6133333333333333,0.0013671111111111087,0.03697446566363209,63.782666666666664,0.02436633333333281,0.15609719194570032,76.40133333333333,0.0375034633333346,0.19365810939213104,16.921333333333333,0.0037333333333333637,0.061101009266078116,3,0,0.0,63.98716666666667,0.045530333333332104,0.2133783806605817,76.6054,0.12577932999999963,0.3546538171231203,1.0,0.0,0.0,1.0,0.0,0.0,1.0,0.0,0.0,1.0,0.0,0.0,0.9982222222222222,2.37037037037044e-06,0.0015396007178390247,0.9993333333333333,7.111111111112506e-08,0.0002666666666666928,0.0,0.0,0.0,0.0,0.0,0.0,1.0,0.0,0.0,12.650333333333334,0.0013903333333332968,0.037287173844812865,85.23333333333333,0.0033333333333329545,0.05773502691895929,1.0,0.0,0.0,10,0,0.0,0.0,0.0,0.0,0.0,0.0,0.0
heat_churn_republish,2000,0,5,3,0,10,60,0,300,750,3,13.846666666666666,0.0009013333333332959,0.030022213997859915,1.5822222222222222,0.000153481481481482,0.01238876432423678,64.15216666666667,0.2187310833333339,0.4676869501422227,76.63390000000001,0.05719044000000078,0.23914522784283357,16.915555555555557,0.004981925925925778,0.0705827594099705,3,0,0.0,64.1315,0.069402250000002,0.2634430678533827,77.00673333333333,0.33992212333333527,0.5830284069694506,1.0,0.0,0.0,1.0,0.0,0.0,1.0,0.0,0.0,1.0,0.0,0.0,0.9982222222222222,2.37037037037044e-06,0.0015396007178390247,0.9994222222222222,4.1481481481492084e-08,0.00020367003088695226,0.0,0.0,0.0,0.0,0.0,0.0,1.0,0.0,0.0,12.702,0.006349000000000073,0.07968061244744591,85.23333333333333,0.0033333333333329545,0.05773502691895929,1.0,0.0,0.0,10,0,0.0,0.0,0.0,0.0,32.595555555555556,0.012192592592593279,0.11042007332271284
heat_churn_republish,2000,0,5,3,1,10,120,0,300,750,3,13.895555555555555,0.005093925925925859,0.07137174459074024,1.6102222222222222,0.0019277037037036997,0.043905622688941555,63.49783333333333,0.22176758333333144,0.4709220565373122,78.60033333333334,1.3423763033333234,1.158609642344359,16.891555555555556,0.00583170370370366,0.07636559240720693,3.032,0.00012977777777777938,0.011392004993756779,63.518,0.26223475000000046,0.5120886153782375,391.57553333333334,294264.7139819433,542.4617166049078,1.0,0.0,0.0,1.0,0.0,0.0,1.0,0.0,0.0,1.0,0.0,0.0,0.9995555555555555,5.925925925925607e-07,0.0007698003589194804,0.9928444444444444,4.1481481481472344e-08,0.0002036700308869038,0.0065030140562904026,7.172569182666482e-07,0.0008469102185395145,0.0065030140562904026,7.172569182666482e-07,0.0008469102185395145,1.0260120562251616,1.1476110692266603e-05,0.003387640874158092,12.550666666666666,0.0017243333333333416,0.04152509281546932,85.23333333333333,0.0033333333333329545,0.05773502691895929,1.0,0.0,0.0,10,0,0.0,0.1495,0.0,0.0,27.49222222222222,0.022237037037037184,0.14912088062051265
heat_churn_republish,2000,0,5,3,1,10,15,0,300,750,3,13.862222222222222,0.004658370370370352,0.06825225542332174,1.5791111111111111,0.0009250370370370395,0.03041442153053448,63.82816666666667,0.011939083333333685,0.10926611246554754,78.5001,0.0062509300000003435,0.07906282312187153,16.875555555555554,0.0169890370370373,0.13034200028017562,3.022222222222222,5.925925925928569e-07,0.0007698003589196727,63.92266666666667,0.06449408333333367,0.25395685329073847,79.7486,3.2344507300000056,1.7984578755144658,1.0,0.0,0.0,1.0,0.0,0.0,1.0,0.0,0.0,1.0,0.0,0.0,0.9991111111111112,5.925925925925607e-07,0.0007698003589194804,0.9928444444444444,3.792592592592547e-07,0.0006158402871355971,0.0058714422296762755,4.159518470594169e-07,0.0006449432898010622,0.0058714422296762755,4.159518470594169e-07,0.0006449432898010622,1.0234857689187051,6.65522955295106e-06,0.0025797731592043243,12.645,0.0013319999999999517,0.03649657518178866,85.23333333333333,0.0033333333333329545,0.05773502691895929,1.0,0.0,0.0,10,0,0.0,0.1495,0.0,0.0,148.68222222222224,0.567603703703699,0.7533947860874131
heat_churn_republish,2000,0,5,3,1,10,30,0,300,750,3,13.753333333333334,0.0032231111111111284,0.056772450282783535,1.5475555555555556,0.00027792592592592767,0.016671110518676542,63.405166666666666,0.14333633333333332,0.37859785172836535,78.227,2.398554189999991,1.5487266350134201,16.862222222222222,0.0015223703703703998,0.03901756489544676,3.028888888888889,0.00018725925925926182,0.013684270505191784,63.820166666666665,0.08051258333333278,0.2837473935269411,80.27686666666668,1.2990150933333808,1.1397434331170242,1.0,0.0,0.0,1.0,0.0,0.0,1.0,0.0,0.0,1.0,0.0,0.0,1.0,0.0,0.0,0.9928444444444445,2.4237037037036978e-06,0.0015568248789455087,0.006268059680466256,7.734895237387106e-07,0.0008794825317985063,0.006268059680466256,7.734895237387106e-07,0.0008794825317985063,1.025072238721865,1.2375832379819642e-05,0.0035179301271940637,12.581666666666667,0.0008343333333333281,0.028884828774519818,85.26666666666667,0.0033333333333329545,0.05773502691895929,1.0,0.0,0.0,10,0,0.0,0.14983333333333332,8.333333333333348e-08,0.00028867513459481317,80.66666666666667,0.21321111111111707,0.4617478869590169
heat_churn_republish,2000,0,5,3,1,10,300,0,300,750,3,13.829333333333333,0.0031359999999999487,0.05599999999999954,1.5542222222222222,0.0005054814814814835,0.022482915324340914,63.22266666666667,0.08882233333333457,0.29803075903895315,79.23386666666667,7.683294243333346,2.7718755822246686,16.82888888888889,0.020525037037037324,0.14326561707903723,3.045777777777778,0.00022103703703703828,0.014867314385491359,63.222166666666666,0.012375583333333478,0.11124559916389268,112.29056666667361,3540.9151421747642,59.505589167529166,1.0,0.0,0.0,1.0,0.0,0.0,1.0,0.0,0.0,1.0,0.0,0.0,0.9995555555555555,5.925925925925607e-07,0.0007698003589194804,0.9918666666666667,2.3644444444444416e-06,0.0015376750126227718,0.00643988158031984,7.13802800263038e-07,0.0008448685106352573,0.00643988158031984,7.13802800263038e-07,0.0008448685106352573,1.0257595263212793,1.1420844804207986e-05,0.0033794740425409373,12.485333333333333,0.0010443333333333257,0.03231614663497685,85.23333333333333,0.0033333333333329545,0.05773502691895929,1.0,0.0,0.0,10,0,0.0,0.14966666666666667,8.333333333333348e-08,0.00028867513459481317,15.905555555555557,0.008281481481481624,0.0910026454641931
heat_churn_republish,2000,0,5,3,1,10,3600,0,300,750,3,13.860888888888889,0.0034174814814815135,0.05845922922414829,1.5857777777777777,0.0006121481481481457,0.02474162783949645,63.860166666666665,1.3100703333333363,1.1445830390728915,79.25800000000001,1.7732352899999797,1.3316288108928778,16.97911111111111,0.001771259259259245,0.042086331026346846,3.0866666666666664,0.0001493333333333336,0.012220201853215583,63.852833333333336,1.0175450833333408,1.0087343968227418,78.24136666666666,1.9901261633333396,1.4107183146657378,1.0,0.0,0.0,1.0,0.0,0.0,1.0,0.0,0.0,1.0,0.0,0.0,0.9995555555555555,5.925925925925607e-07,0.0007698003589194804,0.9916444444444444,4.325925925925812e-07,0.000657717714975491,0.0059576948337185225,5.6381856070054285e-08,0.0002374486388043829,0.0059576948337185225,5.6381856070054285e-08,0.0002374486388043829,1.023830779334874,9.021096971207499e-07,0.000949794555217469,12.595333333333334,0.036006333333333175,0.18975334867488683,85.23333333333333,0.0033333333333329545,0.05773502691895929,1.0,0.0,0.0,10,0,0.0,0.15,0.0,0.0,12.186666666666667,0.0012111111111111346,0.03480102169636884
heat_churn_republish,2000,0,5,3,1,10,60,0,300,750,3,13.800888888888888,0.0016183703703703423,0.040228974264456985,1.5706666666666667,0.000833777777777775,0.028875210436943573,63.35433333333333,0.028192583333333174,0.1679064719816755,78.1965,0.038903829999999834,0.19724053842960335,16.829333333333334,0.006620444444444313,0.08136611361275843,3.0204444444444443,2.192592592592524e-05,0.004682512779045588,63.615,0.059154249999999464,0.24321646737011757,78.69383333333334,0.8216372933333195,0.9064421069948811,1.0,0.0,0.0,1.0,0.0,0.0,1.0,0.0,0.0,1.0,0.0,0.0,1.0,0.0,0.0,0.9925777777777778,1.1259259259260234e-07,0.00033554819712315896,0.006005131725071566,4.5964503610945223e-07,0.0006779712649585175,0.006005131725071566,4.5964503610945223e-07,0.0006779712649585175,1.0240205269002862,7.354320577751301e-06,0.0027118850598340815,12.536,6.400000000000012e-05,0.008000000000000007,85.23333333333333,0.0033333333333329545,0.05773502691895929,1.0,0.0,0.0,10,0,0.0,0.14966666666666667,8.333333333333348e-08,0.00028867513459481317,45.69444444444444,0.09444814814814789,0.3073241743634039
heat_churn_republish,2000,0,5,3,10,10,120,0,300,750,3,13.75688888888889,0.008185481481481379,0.09047365075800456,1.5622222222222222,0.0017161481481481502,0.041426418480821514,1036.4036666666666,27.68823233333393,5.2619608829156,1084.4479666666666,63.291822343335554,7.955615773988558,17.261777777777777,0.0015543703703703186,0.039425504059812835,3.504,0.0003537777777777762,0.018808981306221138,1038.8121666666666,35.41640533333267,5.951168400686765,1087.3638,56.657813560000854,7.527138470893228,1.0,0.0,0.0,1.0,0.0,0.0,1.0,0.0,0.0,1.0,0.0,0.0,0.9991111111111112,5.925925925925607e-07,0.0007698003589194804,0.856,7.271111111111093e-06,0.002696499788820888,0.10368470717819626,1.4310651210974253e-05,0.003782942136878947,0.10368470717819626,1.4310651210974253e-05,0.003782942136878947,1.4147388287127851,0.00022897041937558832,0.015131768547515797,12.689743718592965,0.00030318024797352714,0.01741207190352507,85.23333333333333,0.0033333333333329545,0.05773502691895929,1.0,0.0,0.0,10,0,0.0,1.5053333333333332,1.0333333333333204e-05,0.0032145502536642984,133.61,0.08834444444444073,0.2972279334861391
heat_churn_republish,2000,0,5,3,10,10,15,0,300,750,3,13.697777777777778,0.0032290370370370346,0.05682461647065499,1.528,0.00012977777777777732,0.011392004993756689,1031.348,0.6256367499999905,0.7909720285825477,1073.4380333333334,3.417551323333405,1.848662035996143,16.982666666666667,0.004876444444444507,0.0698315433342591,3.3235555555555556,0.0005908148148148145,0.024306682513556114,1030.6533333333334,0.030369083333304056,0.1742672755663095,1075.2890666666667,33.04011580333389,5.748053218554426,1.0,0.0,0.0,1.0,0.0,0.0,1.0,0.0,0.0,1.0,0.0,0.0,0.9991111111111112,5.925925925925607e-07,0.0007698003589194804,0.8701333333333333,5.01511111111114e-05,0.007081744919941088,0.08995510092651199,1.7005703963386794e-06,0.0013040591997063168,0.08995510092651199,1.7005703963386794e-06,0.0013040591997063168,1.359820403706048,2.7209126341418853e-05,0.0052162367988252654,12.649333333333333,0.00021733333333333994,0.014742229591664211,85.23333333333333,0.0033333333333329545,0.05773502691895929,1.0,0.0,0.0,10,0,0.0,1.504,0.0,0.0,245.87444444444444,0.1946037037036981,0.441139097908696
heat_churn_republish,2000,0,5,3,10,10,30,0,300,750,3,13.664888888888889,0.003687703703703759,0.06072646625404576,1.5306666666666666,0.0006240000000000011,0.024979991993593614,1035.2343333333333,34.48875058333331,5.872712370219855,1080.6115,37.26516900999986,6.104520375099084,17.148,0.004385777777777811,0.06622520500366769,3.4115555555555557,0.0001677037037037019,0.01295004647496301,1038.9093333333333,35.771186583334476,5.98090182023869,1082.5631333333333,1.7944333633335487,1.3395646170803217,1.0,0.0,0.0,1.0,0.0,0.0,1.0,0.0,0.0,1.0,0.0,0.0,0.9991111111111112,5.925925925925607e-07,0.0007698003589194804,0.862,3.7919999999999996e-05,0.006157921727336261,0.09914760796953119,4.152352052802489e-06,0.002037732085629141,0.09914760796953119,4.152352052802489e-06,0.002037732085629141,1.3965904318781248,6.643763284483929e-05,0.00815092834251653,12.739142378559464,0.0001440608149625748,0.01200253368929139,85.23333333333333,0.0033333333333329545,0.05773502691895929,1.0,0.0,0.0,10,0,0.0,1.504,0.0,0.0,182.4488888888889,0.07149259259258631,0.2673809877171268
heat_churn_republish,2000,0,5,3,10,10,300,0,300,750,3,13.723555555555556,0.0014885925925926247,0.03858228340304167,1.5515555555555556,0.0011241481481481452,0.03352831860007515,1038.8576666666668,26.50944408333442,5.148732279244515,1078.6347,28.53616393000064,5.341925114600601,17.832,0.017761777777777835,0.13327331982725513,4.085333333333334,0.013701333333333357,0.11705269468633926,1039.2981666666667,32.88278058333261,5.734350929558865,1091.1406333333334,180.4817584033334,13.434349943459617,0.9893333333333333,7.644444444444522e-05,0.008743251365736046,0.9893333333333333,7.644444444444522e-05,0.008743251365736046,0.9937777777777778,4.5037037037036885e-05,0.006710963942462877,0.9955196161308763,7.848502396031273e-06,0.0028015178735876865,0.9995555555555555,5.925925925925607e-07,0.0007698003589194804,0.8606222222222223,1.3410370370370348e-05,0.0036620172542425776,0.10275809819210843,1.3338516593251148e-05,0.0036521933948315427,0.10275809819210843,1.3338516593251148e-05,0.0036521933948315427,1.4110323927684338,0.00021341626549201899,0.014608773579326191,12.629666666666667,0.0011693333333333753,0.03419551627528637,85.23333333333333,0.0033333333333329545,0.05773502691895929,1.0,0.0,0.0,10,0,0.0,1.5033333333333334,1.3333333333333357e-06,0.0011547005383792527,124.11444444444444,0.1996037037037025,0.4467703030682573
heat_churn_republish,2000,0,5,3,10,10,3600,0,300,750,3,13.668888888888889,0.007559703703703792,0.08694655659486344,1.5466666666666666,0.000576000000000001,0.02400000000000002,1037.9613333333334,32.33488033333377,5.686376731569389,1078.1615,5.244182590000255,2.290018032680148,18.366666666666667,0.006447999999999858,0.08029943959953804,4.689333333333333,0.022597333333333317,0.15032409432068206,1042.1176666666665,0.08344633333334292,0.28887079003136146,1086.0725666666667,34.008575343332986,5.831687178110035,0.9595555555555556,8.948148148148102e-05,0.009459465179463425,0.9595555555555556,8.948148148148102e-05,0.009459465179463425,0.9768888888888889,1.837037037037047e-05,0.004286067004885769,0.9822414381554941,3.066402880680221e-05,0.005537511066065892,1.0,0.0,0.0,0.8641777777777778,2.206814814814821e-05,0.004697674759724029,0.1013295156670079,2.146718564417023e-06,0.0014651684423359053,0.1013295156670079,2.146718564417023e-06,0.0014651684423359053,1.4053180626680315,3.4347497030671945e-05,0.005860673769343585,12.658988274706866,0.00012407076420629546,0.011138705679130563,85.23333333333333,0.0033333333333329545,0.05773502691895929,1.0,0.0,0.0,10,0,0.0,1.504,0.0,0.0,122.39,0.45901111111111015,0.6775035875263762
heat_churn_republish,2000,0,5,3,10,10,60,0,300,750,3,13.689333333333334,0.0021831111111111274,0.046723774581160796,1.535111111111111,0.00010014814814814613,0.010007404665953411,1035.6748333333333,32.884275083333854,5.734481239252061,1078.0420000000001,11.131518279999524,3.3363930044285137,17.19511111111111,0.003936592592592727,0.0627422711781517,3.434222222222222,0.001316148148148147,0.03627875615492002,1042.5928333333334,0.3319055833334055,0.5761124745511118,1086.8137333333334,57.737253303332544,7.598503359434182,1.0,0.0,0.0,1.0,0.0,0.0,1.0,0.0,0.0,1.0,0.0,0.0,0.9991111111111112,5.925925925925607e-07,0.0007698003589194804,0.8589333333333333,8.551111111110945e-06,0.0029242282932614794,0.10389758911723156,1.410974280321285e-06,0.0011878443838825375,0.10389758911723156,1.410974280321285e-06,0.0011878443838825375,1.4155903564689263,2.2575588485140406e-05,0.0047513775355301335,12.724333333333334,0.0011303333333333274,0.03362043029667121,85.23333333333333,0.0033333333333329545,0.05773502691895929,1.0,0.0,0.0,10,0,0.0,1.5063333333333333,8.333333333333718e-06,0.0028867513459481953,150.7422222222222,0.04347037037037189,0.2084954924461723
heat_churn_republish,2000,0,5,3,2,10,120,0,300,750,3,13.77111111111111,0.007044148148148174,0.08392942361382076,1.5502222222222222,0.001124148148148151,0.033528318600075234,64.82033333333334,0.29846658333332765,0.5463209526764717,1030.5411333333334,0.0065749433333256386,0.08108602427869822,16.876444444444445,0.01212503703703725,0.11011374590412067,3.064,0.00034133333333333395,0.018475208614068043,65.091,0.31268425000000016,0.5591817683007916,1030.9009333333333,0.1660354633334014,0.4074744940893864,1.0,0.0,0.0,1.0,0.0,0.0,1.0,0.0,0.0,1.0,0.0,0.0,0.9995555555555555,5.925925925925607e-07,0.0007698003589194804,0.983688888888889,1.1437037037036887e-06,0.0010694408369347453,0.012568602747729368,3.032382805894624e-08,0.00017413738271533267,0.012568602747729368,3.032382805894624e-08,0.00017413738271533267,1.0502744109909175,4.851812489432049e-07,0.0006965495308613774,12.74756783919598,0.004656183404459413,0.06823623234367071,85.23333333333333,0.0033333333333329545,0.05773502691895929,1.0,0.0,0.0,10,0,0.0,0.30016666666666664,3.3333333333333394e-07,0.0005773502691896263,39.54111111111111,0.09318148148148117,0.3052564192305891
heat_churn_republish,2000,0,5,3,2,10,15,0,300,750,3,13.817777777777778,0.0038939259259259075,0.06240132952049906,1.5693333333333332,0.0005351111111111132,0.02313246876386334,64.8785,0.012222750000000244,0.11055654661755786,1026.2827333333332,36.48439685333361,6.04023152315651,16.80311111111111,0.0031508148148148753,0.056132119279561105,3.0404444444444443,7.703703703704375e-06,0.0027755546659549647,64.92033333333333,0.06004158333333423,0.24503384120021918,1022.6628,62.010874029999805,7.874698345333604,1.0,0.0,0.0,1.0,0.0,0.0,1.0,0.0,0.0,1.0,0.0,0.0,0.9995555555555555,5.925925925925607e-07,0.0007698003589194804,0.9846222222222222,4.5037037037034027e-07,0.0006710963942462664,0.01150576798332871,1.7153407407259552e-07,0.00041416672255577887,0.01150576798332871,1.7153407407259552e-07,0.00041416672255577887,1.0460230719333148,2.744545185161705e-06,0.0016566668902231688,12.719666666666667,0.0012143333333332995,0.03484728588187751,85.23333333333333,0.0033333333333329545,0.05773502691895929,1.0,0.0,0.0,10,0,0.0,0.29983333333333334,8.333333333333348e-08,0.00028867513459481317,162.34444444444443,0.9074925925925771,0.9526240562743401
heat_churn_republish,2000,0,5,3,2,10,30,0,300,750,3,13.789333333333333,0.003932444444444549,0.06270920542029335,1.5622222222222222,0.0016663703703703665,0.04082120001139563,64.92816666666667,0.09838908333333095,0.31367034181339326,1027.0569666666665,32.214601323333234,5.675790810392261,16.859555555555556,0.003998814814814619,0.0632361827976248,3.046666666666667,0.00012977777777777998,0.011392004993756805,65.35466666666667,0.031606583333335256,0.17778240445368956,1030.9700666666668,0.05529452333331214,0.23514787545991594,1.0,0.0,0.0,1.0,0.0,0.0,1.0,0.0,0.0,1.0,0.0,0.0,0.9995555555555555,5.925925925925607e-07,0.0007698003589194804,0.9840444444444445,2.5481481481479814e-07,0.0005047918529600078,0.012382462784840556,2.909079636061067e-07,0.0005393588449317455,0.012382462784840556,2.909079636061067e-07,0.0005393588449317455,1.0495298511393623,4.654527417697548e-06,0.002157435379726945,12.775814070351759,0.00012319918688920715,0.01109951291225012,85.26666666666667,0.0033333333333329545,0.05773502691895929,1.0,0.0,0.0,10,0,0.0,0.30016666666666664,8.333333333333348e-08,0.00028867513459481317,93.0611111111111,0.05173703703703579,0.2274577697882308
heat_churn_republish,2000,0,5,3,2,10,300,0,300,750,3,13.753333333333334,0.0016551111111110781,0.040683056806379216,1.557777777777778,0.0011028148148148156,0.03320865572128471,64.25233333333334,0.13622233333333175,0.369083098140963,1021.5000666666666,184.79931480333477,13.594091172393055,16.879555555555555,0.0011490370370369923,0.03389744882785417,3.108888888888889,7.525925925925808e-05,0.008675209464863548,64.59816666666666,0.09852808333333211,0.31389183381115876,1031.2558,0.38396343000007505,0.6196478273988177,1.0,0.0,0.0,1.0,0.0,0.0,1.0,0.0,0.0,1.0,0.0,0.0,1.0,0.0,0.0,0.986,2.2933333333334055e-06,0.0015143755588800968,0.012449708533344615,4.332128134901994e-08,0.00020813765000359723,0.012449708533344615,4.332128134901994e-08,0.00020813765000359723,1.0497988341333784,6.931405015842663e-07,0.0008325506000143573,12.620333333333333,0.0031163333333333832,0.05582412859448308,85.23333333333333,0.0033333333333329545,0.05773502691895929,1.0,0.0,0.0,10,0,0.0,0.30033333333333334,8.333333333333348e-08,0.00028867513459481317,28.035555555555554,0.0059703703703704765,0.07726817178095051
heat_churn_republish,2000,0,5,3,2,10,3600,0,300,750,3,13.806222222222223,0.006045037037037141,0.07774983625087027,1.5635555555555556,0.0005517037037037031,0.023488373798620097,63.729,0.10944675000000136,0.33082737190263045,1026.5013333333334,48.00669765333439,6.928686574909735,17.00888888888889,0.00964503703703704,0.09820914945684563,3.1733333333333333,0.0007591111111111044,0.02755197109302898,63.9885,0.018949000000000812,0.13765536676788453,1031.9474666666667,0.796260583333314,0.8923343450373935,1.0,0.0,0.0,1.0,0.0,0.0,1.0,0.0,0.0,1.0,0.0,0.0,0.9991111111111111,2.37037037037044e-06,0.0015396007178390247,0.9840888888888889,1.0370370370370306e-06,0.001018350154434628,0.012766683049120446,1.2420440235136385e-07,0.0003524264495626908,0.012766683049120446,1.2420440235136385e-07,0.0003524264495626908,1.0510667321964817,1.9872704376219016e-06,0.0014097057982507917,12.507,0.000919000000000008,0.03031501278244837,85.23333333333333,0.0033333333333329545,0.05773502691895929,1.0,0.0,0.0,10,0,0.0,0.29983333333333334,3.3333333333333394e-07,0.0005773502691896263,24.483333333333334,0.016133333333333687,0.12701705922171905
heat_churn_republish,2000,0,5,3,2,10,60,0,300,750,3,13.764000000000001,0.00011911111111110619,0.010913803695829708,1.5742222222222222,0.0003419259259259269,0.018491239166857555,65.22516666666667,0.08350633333333411,0.2889746240300939,1027.5864,50.54084043999956,7.109208144371605,16.830222222222222,0.007460148148148001,0.08637214914628442,3.048,4.9777777777777474e-05,0.007055336829505553,65.68866666666666,0.4618743333333394,0.6796133704786416,1027.2777666666666,45.412251823333065,6.73886131503929,1.0,0.0,0.0,1.0,0.0,0.0,1.0,0.0,0.0,1.0,0.0,0.0,1.0,0.0,0.0,0.9835111111111111,6.103703703704333e-07,0.000781262036944349,0.012987892707378993,1.159473586388166e-07,0.0003405104383698341,0.012987892707378993,1.159473586388166e-07,0.0003405104383698341,1.051951570829516,1.8551577382211064e-06,0.0013620417534793514,12.871666666666668,0.00585433333333333,0.07651361534611556,85.23333333333333,0.0033333333333329545,0.05773502691895929,1.0,0.0,0.0,10,0,0.0,0.3,2.5000000000000047e-07,0.0005000000000000004,58.028888888888886,0.002181481481481508,0.04670633234885296
heat_churn_republish,2000,0,5,3,20,10,120,0,300,750,3,14.722222222222223,0.026548148148148175,0.16293602470954105,1.8173333333333332,0.0011217777777777797,0.03349295116554795,2056.806,30.715509250000633,5.542157454457662,4026.776766666667,37.9237313433345,6.158224690877599,20.93022222222222,0.04523792592592596,0.2126920918274254,5.936444444444445,0.0024468148148148513,0.049465288989501026,2070.5591666666664,49.028781583331664,7.002055525581874,4041.512366666667,69.41595620333364,8.331623863529463,0.8982222222222223,0.00025303703703703816,0.015907137927265173,0.8982222222222223,0.00025303703703703816,0.015907137927265173,0.9324444444444444,0.0004521481481481481,0.021263775491387884,0.9628929843426575,2.3937155460058497e-05,0.004892561237231323,0.9804444444444445,1.1259259259259049e-05,0.003355481971231413,0.5004444444444445,7.5685925925926e-05,0.008699765854661033,0.4041691717803263,5.289830441884762e-05,0.007273122054444543,0.4041691717803263,5.289830441884762e-05,0.007273122054444543,2.616676687121305,0.0008463728707015546,0.02909248821777805,12.528333333333332,1.6333333333337137e-05,0.004041451884327851,85.23333333333333,0.0033333333333329545,0.05773502691895929,1.0,0.0,0.0,10,0,0.0,3.039,2.275000000000054e-05,0.0047696960070847845,249.92888888888888,0.6624148148148271,0.8138886992794697
heat_churn_republish,2000,0,5,3,20,10,15,0,300,750,3,14.521777777777778,0.01103881481481487,0.10506576423752349,1.7884444444444445,0.000789925925925925,0.028105620895577544,2048.624,0.1420322499998906,0.3768716625058066,3392.2495666666664,296384.67554089316,544.4122294189332,19.230666666666668,0.022805333333333226,0.15101434810418918,4.632888888888889,0.007822814814814822,0.08844667780541461,2044.8518333333334,15.500235083333603,3.937033792505927,3080.9955333333337,145.51903333332942,12.063127013064623,0.9817777777777777,3.7925925925925464e-05,0.00615840287135597,0.9817777777777777,3.7925925925925464e-05,0.00615840287135597,0.9986666666666667,5.333333333333343e-06,0.0023094010767585054,0.98308255243195,1.5198043998095585e-05,0.0038984668779015663,0.9746666666666667,1.2444444444444516e-05,0.0035276684147527975,0.5337333333333333,5.157333333333373e-05,0.007181457605064151,0.35627637945349144,1.0268738833085358e-05,0.003204487296446244,0.35627637945349144,1.0268738833085358e-05,0.003204487296446244,2.4251055178139658,0.00016429982132936245,0.012817949185784848,12.57020770519263,0.00029424500223056225,0.017153571121797415,85.23333333333333,0.0033333333333329545,0.05773502691895929,1.0,0.0,0.0,10,0,0.0,3.0431666666666666,4.933333333333194e-05,0.007023769168568394,331.77555555555557,5.051514814814843,2.24755752202582
heat_churn_republish,2000,0,5,3,20,10,30,0,300,750,3,14.715111111111112,0.0026174814814814893,0.051161327987861,1.8404444444444443,7.703703703703882e-06,0.002775554665954876,2050.5743333333335,0.2491755833333823,0.4991749025475763,3718.1416,277539.95211292006,526.8206071452787,19.82488888888889,0.02824237037037075,0.16805466482776,5.06,0.002721777777777795,0.0521706601240371,2052.8406666666665,3.1285853333331803,1.7687807476714519,4025.8105,40.13914768000062,6.335546360022994,0.9782222222222222,7.703703703703536e-06,0.0027755546659548134,0.9782222222222222,7.703703703703536e-06,0.0027755546659548134,0.9982222222222222,4.148148148148172e-06,0.002036700308869268,0.9799702783839705,2.1100755644409273e-05,0.00459355588236491,0.9791111111111112,5.392592592592629e-05,0.007343427396381494,0.5166666666666666,7.0933333333334735e-06,0.0026633312473917834,0.3820059715430074,2.3279284213397454e-05,0.004824861056382604,0.3820059715430074,2.3279284213397454e-05,0.004824861056382604,2.5280238861720297,0.0003724685474143574,0.019299444225530368,12.586,0.000669000000000001,0.025865034312755143,85.23333333333333,0.0033333333333329545,0.05773502691895929,1.0,0.0,0.0,10,0,0.0,3.0448333333333335,0.0001510833333333353,0.012291596044994942,283.92555555555555,2.2633037037037376,1.5044280320785497
heat_churn_republish,2000,0,5,3,20,10,300,0,300,750,3,14.738222222222223,0.005422814814814819,0.0736397638155828,1.8297777777777777,0.0004663703703703702,0.021595609979122382,2057.6993333333335,15.254468083333538,3.9056968755055146,4028.573733333333,33.6747046433315,5.802991008379343,22.128,0.06507377777777783,0.25509562477192316,7.255111111111111,0.026190814814814754,0.16183576494339796,2063.7161666666666,3.989514333333223,1.997376863121535,4041.4611666666665,25.154164543333753,5.015392760625408,0.6422222222222222,0.001664592592592592,0.04079941902273355,0.6422222222222222,0.001664592592592592,0.04079941902273355,0.7368888888888889,0.0011472592592592585,0.03387121579245803,0.871074404799925,0.00022295836426447214,0.014931790390454594,0.9693333333333334,2.844444444444469e-05,0.005333333333333357,0.5005333333333333,6.615111111111107e-05,0.008133333333333331,0.4057985003665062,2.1894577595497266e-05,0.004679164198390271,0.4057985003665062,2.1894577595497266e-05,0.004679164198390271,2.623194001466025,0.0003503132415279524,0.018716656793560982,12.510666666666667,9.23333333333352e-05,0.009609023536933147,85.23333333333333,0.0033333333333329545,0.05773502691895929,1.0,0.0,0.0,10,0,0.0,3.045,0.00014174999999999876,0.011905880899790606,246.11777777777777,0.5548037037037162,0.7448514641884758
heat_churn_republish,2000,0,5,3,20,10,3600,0,300,750,3,14.692444444444444,0.021202370370370118,0.14561033744336327,1.8115555555555556,0.0012112592592592585,0.034803150134136686,2053.7815,55.77379900000155,7.468185790404625,3720.4992666666667,285287.7509429631,534.1233480601303,22.320888888888888,0.003389037037037034,0.058215436415413345,7.591555555555556,0.002852148148148193,0.053405506721200514,2060.656,43.898356000001975,6.625583446006998,4040.2976,26.783155569999096,5.175244493741247,0.5640000000000001,0.0006773333333333346,0.026025628394590872,0.5640000000000001,0.0006773333333333346,0.026025628394590872,0.7146666666666667,0.0001493333333333336,0.012220201853215583,0.7894846040031629,0.0018368884107756562,0.04285893618343386,0.9795555555555555,2.1925925925925784e-05,0.004682512779045646,0.5094222222222222,0.00016413037037036978,0.012811337571478232,0.39736100682003517,0.00015980124198831014,0.01264125159896401,0.39736100682003517,0.00015980124198831014,0.01264125159896401,2.5894440272801407,0.0025568198718129514,0.050565006395855934,12.513666666666666,2.433333333333656e-05,0.0049328828623165745,85.23333333333333,0.0033333333333329545,0.05773502691895929,1.0,0.0,0.0,10,0,0.0,3.0396666666666667,3.0083333333330925e-05,0.005484827557301225,245.5011111111111,0.12784814814815518,0.3575585940068497
heat_churn_republish,2000,0,5,3,20,10,60,0,300,750,3,14.700000000000001,0.004485333333333307,0.06697263122599639,1.8373333333333333,0.0005191111111111086,0.022784009987513364,2050.955,0.25832325000007533,0.5082551032700757,4023.9567666666667,1.947862893333003,1.3956585876685612,20.121777777777776,0.017140148148148245,0.13092038858844043,5.374222222222222,0.001163259259259267,0.03410658674302175,2060.695166666667,0.35749558333326886,0.5979093437413977,4040.364466666667,42.729563093336594,6.536785379170452,0.9626666666666667,1.600000000000003e-05,0.0040000000000000036,0.9626666666666667,1.600000000000003e-05,0.0040000000000000036,0.9915555555555555,4.5037037037037577e-05,0.006710963942462929,0.9699745071799778,3.619047594255283e-06,0.0019023794559065452,0.9706666666666667,1.600000000000003e-05,0.0040000000000000036,0.5054666666666667,5.42577777777782e-05,0.0073659879023643664,0.39465416201714987,1.1205115149931283e-05,0.003347404240591698,0.39465416201714987,1.1205115149931283e-05,0.003347404240591698,2.5786166480685995,0.00017928184239890052,0.013389616962366792,12.552534338358459,0.00010026861274545549,0.010013421630264826,85.23333333333333,0.0033333333333329545,0.05773502691895929,1.0,0.0,0.0,10,0,0.0,3.0348333333333333,0.00010308333333333395,0.010152996273678718,260.6644444444444,0.4235592592592868,0.6508143047439007
heat_churn_republish,2000,0,5,3,40,10,120,0,300,750,3,13.670666666666666,0.025025777777777782,0.15819537849690105,1.1573333333333333,0.004828444444444454,0.06948700917757544,3718.3696666666665,278632.94637858326,527.8569374163641,5063.9948,49.04217470999258,7.003011831347465,22.883555555555557,0.07410014814814828,0.2722134238940987,9.135555555555555,0.002240592592592612,0.04733489825269103,4023.204,1.4648852500002072,1.2103244399747561,5070.8364,271.96567099000646,16.49138171864342,0.20933333333333334,5.333333333333343e-06,0.0023094010767585054,0.20933333333333334,5.333333333333343e-06,0.0023094010767585054,0.31155555555555553,0.00012325925925925964,0.011102218663819392,0.6608377633014605,0.0002672060416400836,0.01634643819430042,0.3391111111111111,0.0011099259259259267,0.033315550812284746,0.14302222222222222,5.207703703703708e-05,0.0072164421314825965,0.6982912123197192,6.339539937662879e-05,0.007962122793365396,0.6982912123197192,6.339539937662879e-05,0.007962122793365396,3.793164849278877,0.0010143263900260606,0.031848491173461585,12.525333333333334,0.00010233333333334424,0.010115993936996219,85.23333333333333,0.0033333333333329545,0.05773502691895929,1.0,0.0,0.0,10,0,0.0,6.1455,0.00020799999999999327,0.014422205101855724,358.9533333333333,81.19337777777803,9.010736805488108
heat_churn_republish,2000,0,5,3,40,10,15,0,300,750,3,13.794666666666666,0.012641777777777873,0.11243566061431699,1.212,0.00016177777777777618,0.01271918935222588,4022.124333333333,0.9875910833334636,0.9937761736595739,5063.808066666667,195.65966634333026,13.98783994558596,22.027555555555555,0.04461214814814789,0.21121588043551054,8.320444444444444,0.0004877037037037155,0.022084014664542212,4022.8635,0.5802542500000593,0.7617442155999999,5053.7853000000005,23.671545010000756,4.865341201806997,0.44666666666666666,0.00032177777777777787,0.01793816539609828,0.44666666666666666,0.00032177777777777787,0.01793816539609828,0.904,0.00014044444444444385,0.011850925889754093,0.48283643331042664,0.00038902377886318934,0.019723685732215196,0.36044444444444446,7.703703703703758e-06,0.0027755546659548533,0.15493333333333334,1.9733333333333315e-06,0.0014047538337136978,0.6824470843331653,8.411445693791858e-06,0.0029002492468392883,0.6824470843331653,8.411445693791858e-06,0.0029002492468392883,3.729788337332661,0.00013458313110066973,0.011600996987357153,12.575053601340034,0.00021342067961247892,0.014608924656266762,85.23333333333333,0.0033333333333329545,0.05773502691895929,1.0,0.0,0.0,10,0,0.0,6.089,0.0001042500000000008,0.010210288928331108,408.7288888888889,29.28522592592589,5.411582571293345
heat_churn_republish,2000,0,5,3,40,10,30,0,300,750,3,13.713777777777779,0.0018228148148147938,0.04269443540808092,1.2057777777777778,0.0009499259259259233,0.030820868351263617,4022.4900000000002,0.018006250000001636,0.13418736900320252,5056.756533333333,4.564858083333504,2.1365528505828038,22.444888888888887,0.011396148148148006,0.10675274304741779,8.617333333333333,0.004940444444444365,0.07028829521651785,4023.5041666666666,0.46753808333316466,0.6837675652830899,5062.837166666666,24.536199243333467,4.953402794376151,0.3457777777777778,0.0001730370370370371,0.013154354299509995,0.3457777777777778,0.0001730370370370371,0.013154354299509995,0.6822222222222222,0.0003810370370370364,0.019520170005331315,0.48462661454691075,1.8899395528958317e-05,0.004347343502526378,0.348,0.00030044444444444465,0.01733333333333334,0.1508,1.313777777777776e-05,0.0036246072584181807,0.6879775321207239,2.4534142744186425e-05,0.0049531952055402,0.6879775321207239,2.4534142744186425e-05,0.0049531952055402,3.7519101284828955,0.0003925462839069828,0.0198127808221608,12.534309882747069,0.00010856948898595971,0.010419668372168076,85.23333333333333,0.0033333333333329545,0.05773502691895929,1.0,0.0,0.0,10,0,0.0,6.0765,0.0005182500000000175,0.022765104875664806,372.4622222222222,22.76833703703702,4.771617863684918
heat_churn_republish,2000,0,5,3,40,10,300,0,300,750,3,13.780444444444445,0.0596343703703704,0.24420149543024997,1.1893333333333334,0.00434311111111112,0.06590228456670619,4022.9401666666668,0.22789758333338173,0.4773861993537117,5065.002666666666,266.3633656033411,16.320642315893732,23.08088888888889,0.03028681481481458,0.1740310742793211,9.235111111111111,0.0018245925925926534,0.04271525011740717,4023.67,0.08940900000001295,0.29901337762717733,5071.8662,412.6005764400045,20.312571881472923,0.1728888888888889,0.00015881481481481476,0.012602175003340287,0.1728888888888889,0.00015881481481481476,0.012602175003340287,0.25155555555555553,1.8370370370370334e-05,0.0042860670048857534,0.6877304695160854,0.003317352911335115,0.05759646613582395,0.3426666666666667,0.00020800000000000037,0.01442220510185597,0.14537777777777777,1.8014814814814991e-06,0.0013421927884925842,0.6951937326462336,1.9153059473073465e-06,0.0013839457891504806,0.6951937326462336,1.9153059473073465e-06,0.0013839457891504806,3.7807749305849345,3.0644895156917544e-05,0.005535783156601922,12.532874371859297,0.000478469457841971,0.021873944725219797,85.23333333333333,0.0033333333333329545,0.05773502691895929,1.0,0.0,0.0,10,0,0.0,6.106,0.00019674999999999375,0.014026760139105315,357.1144444444444,10.79844814814807,3.2860992298085083
heat_churn_republish,2000,0,5,3,40,10,3600,0,300,750,3,13.780444444444445,0.0431152592592591,0.20764214230078418,1.2115555555555555,0.0002779259259259239,0.01667111051867643,4021.2876666666666,1.0119145833336292,1.0059396519342645,5056.3938,91.48936323000383,9.565007225820786,23.128888888888888,0.05370548148148208,0.2317444313926056,9.218222222222222,0.001927703703703725,0.043905622688941846,3710.7928333333334,292445.70901408314,540.7824969561082,5119.927000000007,4674.744136441698,68.37210057063992,0.1751111111111111,1.6592592592592614e-05,0.0040734006177385275,0.1751111111111111,1.6592592592592614e-05,0.0040734006177385275,0.24355555555555555,0.0001961481481481485,0.014005290005856662,0.720121435834765,0.0010176147287603021,0.031900074118413925,0.3568888888888889,0.0005623703703703701,0.023714349461251727,0.14973333333333333,2.359111111111106e-05,0.00485706816002319,0.6892671617824284,4.6865883840548295e-05,0.006845866186287042,0.6892671617824284,4.6865883840548295e-05,0.006845866186287042,3.7570686471297137,0.0007498541414487727,0.02738346474514817,12.483716917922948,0.0004974269925843293,0.022303071371098854,85.23333333333333,0.0033333333333329545,0.05773502691895929,1.0,0.0,0.0,10,0,0.0,6.1075,0.00012699999999999777,0.011269427669584546,358.2655555555556,34.88509259259231,5.906360350722965
heat_churn_republish,2000,0,5,3,40,10,60,0,300,750,3,13.714222222222222,0.032606814814814776,0.18057357175072652,1.1857777777777778,0.0018085925925925886,0.042527550982775726,3701.4428333333335,310625.64184433327,557.3379960529636,5056.760333333334,104.85595681333848,10.239919765961963,22.958666666666666,0.09950577777777668,0.31544536417227104,8.901777777777777,0.004064592592592639,0.0637541574533978,4024.0550000000003,0.4385347500000826,0.6622195632870435,5397.223166666667,313011.5687194536,559.4743682417038,0.26,0.00023644444444444453,0.015376750126227731,0.26,0.00023644444444444453,0.015376750126227731,0.42533333333333334,0.00011377777777777759,0.010666666666666658,0.5964072346408923,0.00024425052187582115,0.015628516304365594,0.368,0.0009013333333333333,0.03002221399786054,0.15044444444444444,0.0001075437037037036,0.010370328042241653,0.691359220818482,3.4805530417734416e-05,0.005899621209682399,0.691359220818482,3.4805530417734416e-05,0.005899621209682399,3.765436883273928,0.0005568884866837507,0.023598484838729596,12.521450586264656,0.0001348274370175809,0.011611521735654672,85.23333333333333,0.0033333333333329545,0.05773502691895929,1.0,0.0,0.0,10,0,0.0,6.073666666666667,3.8083333333330645e-05,0.006171169527190989,362.7788888888889,29.083448148148133,5.392907207448329
heat_churn_republish,2000,0,5,3,5,10,120,0,300,750,3,13.677333333333333,0.0031004444444444434,0.05568163471418959,1.5253333333333334,0.0001991111111111099,0.014110673659011107,67.58433333333333,2.8503563333333384,1.6882998351398777,1054.7564333333335,2.078836253333517,1.4418169971718038,16.88222222222222,0.005291259259259278,0.07274104246750439,3.168,1.2444444444443479e-05,0.0035276684147526505,72.22183333333334,11.957600083333318,3.4579762988391516,1056.0713666666666,2.217012663333226,1.4889636205539831,1.0,0.0,0.0,1.0,0.0,0.0,1.0,0.0,0.0,1.0,0.0,0.0,1.0,0.0,0.0,0.9509333333333333,1.4400000000000826e-06,0.0012000000000000344,0.03861623339734525,2.9819365131270994e-06,0.0017268284550374712,0.03861623339734525,2.9819365131270994e-06,0.0017268284550374712,1.154464933589381,4.771098421003355e-05,0.006907313820149881,12.722026800670017,0.05628467049653616,0.23724390507774096,85.23333333333333,0.0033333333333329545,0.05773502691895929,1.0,0.0,0.0,10,0,0.0,0.7513333333333333,5.833333333333714e-07,0.0007637626158259982,74.92333333333333,0.03241111111110966,0.180030861551873
heat_churn_republish,2000,0,5,3,5,10,15,0,300,750,3,13.72711111111111,0.0046334814814815144,0.06806968107374614,1.5324444444444445,0.00013214814814814746,0.011495570805668915,65.79833333333333,0.20300908333333278,0.4505652930856224,1051.6294,6.724420209999537,2.5931487057242855,16.86577777777778,0.0003863703703704179,0.019656306122219858,3.128,4.977777777777629e-05,0.007055336829505469,66.74066666666667,0.4963270833333314,0.7045048497585602,1051.9805333333334,17.771381223332234,4.215611607267946,0.9995555555555555,5.925925925925607e-07,0.0007698003589194804,0.9995555555555555,5.925925925925607e-07,0.0007698003589194804,1.0,0.0,0.0,0.9995555555555555,5.925925925925607e-07,0.0007698003589194804,0.9986666666666667,1.7777777777778303e-06,0.001333333333333353,0.9550222222222222,7.703703703705461e-08,0.00027755546659551604,0.03485629202112148,9.940746725451684e-07,0.0009970329345338439,0.03485629202112148,9.940746725451684e-07,0.0009970329345338439,1.139425168084486,1.5905194760722765e-05,0.003988131738135385,12.520666666666667,0.0007563333333333258,0.0275015151097776,85.23333333333333,0.0033333333333329545,0.05773502691895929,1.0,0.0,0.0,10,0,0.0,0.7515,7.500000000000569e-07,0.0008660254037844714,196.44222222222223,0.801759259259264,0.895410106743979
heat_churn_republish,2000,0,5,3,5,10,30,0,300,750,3,13.718666666666667,0.0009404444444444007,0.030666666666665954,1.5577777777777777,0.0006797037037037033,0.026071127779666595,66.2445,0.734209749999995,0.8568604028661816,1055.0830666666668,0.06356001333330466,0.25211111306982215,16.912888888888887,0.0015934814814815047,0.0399184353586348,3.1302222222222222,2.9037037037037943e-05,0.005388602512436592,69.32116666666666,7.18662433333333,2.680788006041009,1054.3315666666667,0.4283909633333151,0.6545158235927647,1.0,0.0,0.0,1.0,0.0,0.0,1.0,0.0,0.0,1.0,0.0,0.0,0.9995555555555555,5.925925925925607e-07,0.0007698003589194804,0.9515111111111111,1.1614814814814625e-06,0.0010777205024872926,0.036928792345886835,6.420406991780476e-07,0.0008012744218918058,0.036928792345886835,6.420406991780476e-07,0.0008012744218918058,1.1477151693835472,1.0272651186848609e-05,0.0032050976875671994,12.476666666666667,0.00022633333333332877,0.015044378795195525,85.23333333333333,0.0033333333333329545,0.05773502691895929,1.0,0.0,0.0,10,0,0.0,0.7516666666666667,3.3333333333333394e-07,0.0005773502691896263,128.6588888888889,0.18224814814815637,0.4269053152025123
heat_churn_republish,2000,0,5,3,5,10,300,0,300,750,3,13.668888888888889,0.01939970370370389,0.1392828191260641,1.5262222222222221,0.001486814814814818,0.03855923773643377,69.254,10.366354750000006,3.2196823989331627,1054.8921666666668,0.5480379233333065,0.7402958350101035,16.980444444444444,0.007637925925925942,0.08739522827892804,3.2973333333333334,0.001121777777777771,0.03349295116554782,71.88433333333333,7.285100333333343,2.6990925018111818,1055.3764333333334,1.0437549433336357,1.0216432563931677,0.9995555555555555,5.925925925925607e-07,0.0007698003589194804,0.9995555555555555,5.925925925925607e-07,0.0007698003589194804,1.0,0.0,0.0,0.9995555555555555,5.925925925925607e-07,0.0007698003589194804,0.9995555555555555,5.925925925925607e-07,0.0007698003589194804,0.9509777777777778,8.397037037037255e-06,0.002897764144480578,0.03808665906645724,1.4004915484573144e-06,0.0011834236555254903,0.03808665906645724,1.4004915484573144e-06,0.0011834236555254903,1.152346636265829,2.2407864775317562e-05,0.0047336946221020176,12.848,0.004719000000000084,0.068694977982383,85.23333333333333,0.0033333333333329545,0.05773502691895929,1.0,0.0,0.0,10,0,0.0,0.7516666666666666,8.333333333335199e-08,0.0002886751345948452,63.918888888888894,0.08122592592592687,0.28500162442682125
heat_churn_republish,2000,0,5,3,5,10,3600,0,300,750,3,13.660444444444444,0.004309925925925993,0.06565002609234816,1.528,0.00016177777777777916,0.012719189352225995,68.10933333333334,1.1131583333333328,1.0550631892608768,1050.4322,17.14089138999905,4.140155962038031,17.324,0.008625777777777887,0.0928750654254299,3.5844444444444443,0.002720592592592606,0.05215930015435988,73.74566666666666,0.1793685833333352,0.4235192833075434,1055.4787,1.228489479999749,1.1083724464275304,1.0,0.0,0.0,1.0,0.0,0.0,1.0,0.0,0.0,1.0,0.0,0.0,0.9995555555555555,5.925925925925607e-07,0.0007698003589194804,0.9507555555555556,1.716148148148139e-05,0.004142641848082138,0.037470181206637435,1.6553307469332914e-06,0.0012865965750511275,0.037470181206637435,1.6553307469332914e-06,0.0012865965750511275,1.1498807248265497,2.6485291950932788e-05,0.005146386300204522,12.816,0.002898999999999995,0.053842362503887166,85.23333333333333,0.0033333333333329545,0.05773502691895929,1.0,0.0,0.0,10,0,0.0,0.7513333333333333,8.333333333331498e-08,0.0002886751345947811,61.07222222222222,0.038048148148148254,0.19505934519563078
heat_churn_republish,2000,0,5,3,5,10,60,0,300,750,3,13.699111111111112,0.0009197037037037253,0.030326617083079432,1.5124444444444445,0.0018245925925925931,0.04271525011740647,66.38433333333333,4.840430583333323,2.2000978576720907,1054.2357333333334,1.067282943333232,1.0330938695652163,16.859111111111112,0.004153481481481391,0.06444750950565421,3.1502222222222223,2.9037037037036168e-05,0.005388602512436427,69.60966666666667,15.704721083333308,3.9629182534255367,1055.3230333333333,3.2481088033332326,1.8022510378227647,1.0,0.0,0.0,1.0,0.0,0.0,1.0,0.0,0.0,1.0,0.0,0.0,0.9995555555555555,5.925925925925607e-07,0.0007698003589194804,0.9513333333333334,5.511111111110785e-07,0.0007423685817106476,0.036907579459299504,4.558774897765321e-07,0.0006751870035601485,0.036907579459299504,4.558774897765321e-07,0.0006751870035601485,1.147630317837198,7.294039836424643e-06,0.0027007480142406184,12.610666666666667,0.030760333333333435,0.17538624043331744,85.23333333333333,0.0033333333333329545,0.05773502691895929,1.0,0.0,0.0,10,0,0.0,0.7516666666666666,8.333333333335199e-08,0.0002886751345948452,93.55555555555556,0.08240370370370542,0.2870604530472726
heat_latency_loss,2000,0,0,3,0,60,3600,0,0,300,3,13.795555555555556,0.005892592592592619,0.07676322421962628,1.5922222222222222,1.4814814814814512e-05,0.003849001794597466,3.2718333333333334,0.004214083333333332,0.06491597132704194,3.9523333333333337,0.0021450133333333517,0.04631428865191985,16.858888888888888,0.005359259259259135,0.07320696182235086,3,0,0.0,3.8951666666666664,0.0050335833333333396,0.07094775072779502,4.5347333333333335,0.010951623333333214,0.10465000398152507,1.0,0.0,0.0,1.0,0.0,0.0,1.0,0.0,0.0,1.0,0.0,0.0,0.9988888888888889,3.703703703703628e-06,0.001924500897298733,0.9992222222222222,3.703703703702888e-08,0.00019245008972985404,0.0,0.0,0.0,0.0,0.0,0.0,1.0,0.0,0.0,0.6,6.300000000000011e-05,0.00793725393319378,85.2,0.0,0.0,1.0,0.0,0.0,10,0,0.0,0.0,0.0,0.0,0.0,0.0,0.0
heat_latency_loss,2000,0,10,3,0,60,3600,0,0,300,3,13.884444444444444,0.001837037037037035,0.04286067004885755,1.5855555555555556,0.0020703703703703665,0.04550132273209612,111.99216666666666,0.02799008333333391,0.1673023709734381,134.05096666666665,0.015376143333336121,0.12400057795565358,16.87,0.032577777777778254,0.18049315160907978,3,0,0.0,111.9355,0.16686075000000122,0.4084859238700903,134.64010000000002,0.056576590000004076,0.23785834019433516,1.0,0.0,0.0,1.0,0.0,0.0,1.0,0.0,0.0,1.0,0.0,0.0,0.9988888888888889,3.703703703703628e-06,0.001924500897298733,0.9997777777777778,3.703703703702888e-08,0.00019245008972985404,0.0,0.0,0.0,0.0,0.0,0.0,1.0,0.0,0.0,22.29363149078727,0.001248628502647214,0.035335937834550454,85.23333333333333,0.0033333333333329545,0.05773502691895929,1.0,0.0,0.0,10,0,0.0,0.0,0.0,0.0,0.0,0.0,0.0
heat_latency_loss,2000,0,100,3,0,60,3600,0,0,300,3,13.812222222222223,0.004959259259259144,0.07042200834440285,1.5855555555555556,0.00022592592592592624,0.015030832509409658,1012.451,0.04366825000001182,0.20896949538153128,1214.5278,0.056118489999982465,0.23689341485145268,16.90222222222222,0.008781481481481708,0.09370955917878233,3,0,0.0,1012.5653333333333,0.08742008333331536,0.29566887447500345,1215.3048000000001,0.3336917499998944,0.5776605837339903,1.0,0.0,0.0,1.0,0.0,0.0,1.0,0.0,0.0,1.0,0.0,0.0,0.9988888888888889,3.703703703703628e-06,0.001924500897298733,0.9997777777777778,3.703703703702888e-08,0.00019245008972985404,0.0,0.0,0.0,0.0,0.0,0.0,1.9884537810662408,2.994234346822608e-06,0.0017303856063960448,202.36463819095476,0.0018611515113257607,0.04314106525487938,85.2,0.0,0.0,1.0,0.0,0.0,10,0,0.0,0.0,0.0,0.0,0.0,0.0,0.0
heat_latency_loss,2000,0,150,3,0,60,3600,0,0,300,3,13.816666666666666,0.012399999999999863,0.11135528725659982,1.5711111111111111,0.0007814814814814818,0.02795499027868695,1512.5875,0.01529199999999301,0.12366082645685743,1815.2801333333332,0.19703145333344366,0.443882251654021,16.892222222222223,0.0039148148148147556,0.06256848100133769,3,0,0.0,1512.9848333333334,0.12512408333331337,0.35372882739934186,1815.2417333333333,0.17318576333333308,0.4161559363187471,1.0,0.0,0.0,1.0,0.0,0.0,1.0,0.0,0.0,1.0,0.0,0.0,0.9988888888888889,3.703703703703628e-06,0.001924500897298733,0.9997777777777778,3.703703703702888e-08,0.00019245008972985404,0.0,0.0,0.0,0.0,0.0,0.0,2.0,0.0,0.0,302.40433333333334,0.0013363333333336082,0.03655589327774125,85.2,0.0,0.0,1.0,0.0,0.0,10,0,0.0,0.0,0.0,0.0,0.0,0.0,0.0
heat_latency_loss,2000,0,200,3,0,60,3600,0,0,300,3,13.853333333333333,0.02484444444444437,0.15762120556715828,1.5877777777777777,0.0016259259259259265,0.04032277180360902,2014.3506666666667,0.2435200833333457,0.49347754086011425,2417.1353,1.3108323099995831,1.1449158528029835,16.906666666666666,0.001877777777777832,0.04333333333333396,3,0,0.0,2014.6009999999999,0.02900099999999245,0.17029679973502865,2417.588366666667,0.7892478533331894,0.8883962254158836,1.0,0.0,0.0,1.0,0.0,0.0,1.0,0.0,0.0,1.0,0.0,0.0,0.9988888888888889,3.703703703703628e-06,0.001924500897298733,0.999,3.3333333333333394e-07,0.0005773502691896263,0.0,0.0,0.0,0.0,0.0,0.0,2.9083671296737155,3.525766289441848e-05,0.005937816340576599,402.75435845896146,0.0016590236694369847,0.04073111426706842,85.23333333333333,0.0033333333333329545,0.05773502691895929,1.0,0.0,0.0,10,0,0.0,0.0,0.0,0.0,0.0,0.0,0.0
heat_latency_loss,2000,0,25,3,0,60,3600,0,0,300,3,13.827777777777778,0.008192592592592644,0.09051294157518384,1.58,4.4444444444445016e-05,0.00666666666666671,262.3295,0.0008257500000006808,0.02873586609101387,314.57373333333334,0.0034279033333350513,0.05854829914980495,16.94,0.0004111111111110738,0.020275875100993147,3,0,0.0,262.67516666666666,0.00045058333333413564,0.021226948281232883,314.9497666666667,0.0081410233333346,0.09022761957036549,1.0,0.0,0.0,1.0,0.0,0.0,1.0,0.0,0.0,1.0,0.0,0.0,0.9988888888888889,3.703703703703628e-06,0.001924500897298733,0.9991111111111111,7.037037037037337e-07,0.000838870492807879,0.0,0.0,0.0,0.0,0.0,0.0,1.0,0.0,0.0,52.343666666666664,0.000466333333333315,0.021594752448993598,85.2,0.0,0.0,1.0,0.0,0.0,10,0,0.0,0.0,0.0,0.0,0.0,0.0,0.0
heat_latency_loss,2000,0,300,3,0,60,3600,0,0,300,3,13.841111111111111,0.0006370370370369994,0.02523959264800047,1.5855555555555556,0.0003370370370370363,0.018358568490953655,3013.1351666666665,0.05865508333332119,0.24218811559059042,3615.7325666666666,0.04940620333327751,0.22227506232881256,16.963333333333335,0.02007777777777735,0.14169607537888038,3,0,0.0,3013.274,0.08527674999999407,0.29202183137565946,3615.7966,0.11659423000010567,0.34145897264547853,1.0,0.0,0.0,1.0,0.0,0.0,1.0,0.0,0.0,1.0,0.0,0.0,0.9988888888888889,3.703703703703628e-06,0.001924500897298733,0.9992222222222222,4.814814814814618e-07,0.0006938886664886967,0.0,0.0,0.0,0.0,0.0,0.0,3.268583109247735,0.00013363158063180516,0.011559912656755031,602.4653333333333,0.00027433333333358467,0.016563010998414045,85.23333333333333,0.0033333333333329545,0.05773502691895929,1.0,0.0,0.0,10,0,0.0,0.0,0.0,0.0,0.0,0.0,0.0
heat_latency_loss,2000,0,400,3,0,60,3600,0,0,300,3,13.877777777777778,0.018225925925926006,0.1350034293117253,1.6055555555555556,0.0013481481481481452,0.03671713698190731,4012.893666666667,0.20562058333325886,0.4534540586798831,4815.680133333333,0.5662439033324255,0.7524917961894505,16.892222222222223,0.038292592592592684,0.19568493195080883,3,0,0.0,4013.0711666666666,0.04076608333329373,0.20190612505145486,4815.462866666667,0.0050253233333721736,0.07088951497486898,1.0,0.0,0.0,1.0,0.0,0.0,1.0,0.0,0.0,1.0,0.0,0.0,0.9988888888888889,3.703703703703628e-06,0.001924500897298733,0.9992222222222222,2.592592592592515e-07,0.0005091750772173079,0.0,0.0,0.0,0.0,0.0,0.0,4.035029045491855,6.058201932437153e-05,0.007783445209184139,802.4486515912898,0.003755214573707089,0.06127980559456018,85.23333333333333,0.0033333333333329545,0.05773502691895929,1.0,0.0,0.0,10,0,0.0,0.0,0.0,0.0,0.0,0.0,0.0
heat_latency_loss,2000,0,50,3,0,60,3600,0,0,300,3,13.906666666666666,0.011744444444444403,0.10837178804672554,1.5888888888888888,2.5925925925926135e-05,0.005091750772173176,512.296,0.03444775000000327,0.18560105064358678,615.0516,0.03230704000001784,0.17974159229298556,16.783333333333335,0.0013777777777778059,0.03711842908553386,3,0,0.0,512.4486666666667,0.03987308333333547,0.19968245624825298,614.9375333333334,0.1504244033333291,0.38784584996275145,1.0,0.0,0.0,1.0,0.0,0.0,1.0,0.0,0.0,1.0,0.0,0.0,0.9988888888888889,3.703703703703628e-06,0.001924500897298733,0.9997777777777778,3.703703703702888e-08,0.00019245008972985404,0.0,0.0,0.0,0.0,0.0,0.0,1.0,0.0,0.0,102.34098659966499,0.00044039752363165494,0.020985650421934864,85.2,0.0,0.0,1.0,0.0,0.0,10,0,0.0,0.0,0.0,0.0,0.0,0.0,0.0
heat_latency_loss,2000,0,500,3,0,60,3600,0,0,300,3,13.99,0.01560000000000008,0.1248999599679683,1.6088888888888888,0.00033703703703703386,0.018358568490953586,5012.998166666666,0.05975633333340261,0.24445108576850832,6015.657233333333,0.07990306333345984,0.282671299097485,16.903333333333332,0.018077777777777602,0.13445362686732404,3,0,0.0,5012.9946666666665,0.008489083333305239,0.09213622161400607,6015.575566666667,0.06057601333328316,0.24612194809338553,1.0,0.0,0.0,1.0,0.0,0.0,1.0,0.0,0.0,1.0,0.0,0.0,0.9988888888888889,3.703703703703628e-06,0.001924500897298733,0.9992222222222222,3.703703703702888e-08,0.00019245008972985404,0.001791882286600129,1.8086714888668502e-06,0.0013448685768010383,0.001791882286600129,1.8086714888668502e-06,0.0013448685768010383,5.0,0.0,0.0,1002.428,0.0001269999999999054,0.011269427669580447,85.2,0.0,0.0,1.0,0.0,0.0,10,0,0.0,0.0,0.0,0.0,0.0,0.0,0.0
heat_latency_loss,2000,0,600,3,0,60,3600,0,0,300,3,10,0,0.0,0,0,0.0,4022.6708333333336,0.06136658333329299,0.24772279534449992,4024.705,0.01931643000001617,0.13898356017895128,18.918888888888887,0.04482592592592629,0.21172134027047507,8.918888888888889,0.04482592592592589,0.21172134027047412,4023.900166666667,0.12172758333346434,0.34889480267476664,4026.8974333333335,0.2583443633336247,0.5082758732554838,0.15444444444444444,0.0009148148148148148,0.03024590575292489,0.15444444444444444,0.0009148148148148148,0.03024590575292489,1.0,0.0,0.0,0.15444444444444444,0.0009148148148148148,0.03024590575292489,0.03222222222222222,3.703703703703705e-06,0.0019245008972987529,0.03311111111111111,1.6592592592592594e-05,0.004073400617738525,1.0,0.0,0.0,1.0,0.0,0.0,5.0,0.0,0.0,nan,0.0,0.0,85.23333333333333,0.0033333333333329545,0.05773502691895929,1.0,0.0,0.0,10,0,0.0,0.0,0.0,0.0,0.0,0.0,0.0
heat_latency_loss,2000,0.1,0,3,0,60,3600,0,0,300,3,13.59,0.020011111111111275,0.1414606344928202,1.6377777777777778,0.0012481481481481423,0.035329140212410244,270.2535,12991.294020249998,113.9793578690896,603.8700333333333,0.11086564333335794,0.33296492808306094,16.697777777777777,0.022737037037037024,0.15078805336311304,3,0,0.0,336.44216666666665,12846.725376333332,113.3433958214299,603.7684333333334,0.1407613733333493,0.3751817870490908,1.0,0.0,0.0,1.0,0.0,0.0,1.0,0.0,0.0,1.0,0.0,0.0,0.9988888888888889,3.703703703703628e-06,0.001924500897298733,0.9993333333333333,4.4444444444442056e-07,0.0006666666666666488,0.00016225012853357255,1.974552610999429e-08,0.0001405187749377082,0.00016225012853357255,1.974552610999429e-08,0.0001405187749377082,1.2366651965555842,3.313451160404622e-05,0.005756258472657931,0.11366666666666667,0.00034233333333333365,0.018502252115170564,85.23333333333333,0.0033333333333329545,0.05773502691895929,1.0,0.0,0.0,10,0,0.0,0.0,0.0,0.0,0.0,0.0,0.0
heat_latency_loss,2000,0.1,10,3,0,60,3600,0,0,300,3,13.636666666666667,0.004211111111111208,0.06489307444644003,1.6333333333333333,0.0003444444444444441,0.018559214542766732,413.2473333333333,128.32599308333315,11.32810633262829,663.2299666666667,192.34617516333265,13.868892355315642,16.72888888888889,0.005670370370370544,0.07530186166603416,3,0,0.0,438.81183333333337,161.3188145833334,12.701134381752418,677.2503333333333,160.9748900133333,12.68758802977671,1.0,0.0,0.0,1.0,0.0,0.0,1.0,0.0,0.0,1.0,0.0,0.0,0.9988888888888889,3.703703703703628e-06,0.001924500897298733,0.9993333333333333,1.1111111111112364e-07,0.00033333333333335213,8.101432893317922e-05,4.922496571322728e-09,7.01605057801234e-05,8.101432893317922e-05,4.922496571322728e-09,7.01605057801234e-05,1.2372962875892253,3.190493530383095e-05,0.005648445388231256,22.438552763819096,0.0002869920204034877,0.01694083883411585,85.23333333333333,0.0033333333333329545,0.05773502691895929,1.0,0.0,0.0,10,0,0.0,0.0,0.0,0.0,0.0,0.0,0.0
heat_latency_loss,2000,0.1,100,3,0,60,3600,0,0,300,3,13.837777777777777,0.023448148148147975,0.1531278816811229,1.6155555555555556,0.001959259259259259,0.044263520637871305,1213.7775,0.1691872500000406,0.41132377757678995,1614.0469333333333,1.3604549733333782,1.166385430864677,16.83888888888889,0.013703703703703843,0.11706281947614214,3,0,0.0,1214.1996666666666,0.4950055833333501,0.7035663318645585,1549.1742666666667,12930.382070343338,113.71183786371293,1.0,0.0,0.0,1.0,0.0,0.0,1.0,0.0,0.0,1.0,0.0,0.0,0.9988888888888889,3.703703703703628e-06,0.001924500897298733,0.9988888888888889,3.703703703702888e-08,0.00019245008972985404,0.0014052735047547316,3.850071825849225e-07,0.0006204894701644199,0.0014052735047547316,3.850071825849225e-07,0.0006204894701644199,2.2178839149999066,9.643030979977915e-06,0.0031053230073501076,202.50166666666667,0.00019633333333355033,0.014011899704663544,85.23333333333333,0.0033333333333329545,0.05773502691895929,1.0,0.0,0.0,10,0,0.0,0.0,0.0,0.0,0.0,0.0,0.0
heat_latency_loss,2000,0.1,150,3,0,60,3600,0,0,300,3,13.828888888888889,0.011337037037036934,0.10647552318273404,1.6088888888888888,0.003048148148148154,0.05521003666135492,1714.3908333333334,1.2634903333331897,1.124050858873027,2115.7995666666666,2.467422413333254,1.5708031109382403,16.90888888888889,0.003470370370370354,0.058909849519162366,3,0,0.0,1747.218,3145.121708249999,56.0813846855621,2082.5947,3314.3253979900005,57.570178026387936,1.0,0.0,0.0,1.0,0.0,0.0,1.0,0.0,0.0,1.0,0.0,0.0,0.9988888888888889,3.703703703703628e-06,0.001924500897298733,0.9995555555555555,1.4814814814816485e-07,0.0003849001794597722,0.0014006246949422989,1.2824160110150266e-07,0.0003581083650258713,0.0014006246949422989,1.2824160110150266e-07,0.0003581083650258713,2.2348216102402843,5.394794270605857e-05,0.007344926324072868,302.49600000000004,0.0005470000000002215,0.023388031127057732,85.23333333333333,0.0033333333333329545,0.05773502691895929,1.0,0.0,0.0,10,0,0.0,0.0,0.0,0.0,0.0,0.0,0.0
heat_latency_loss,2000,0.1,200,3,0,60,3600,0,0,300,3,13.762222222222222,0.00204814814814809,0.04525647078759114,1.5633333333333332,0.00021111111111111124,0.014529663145135582,2214.802833333333,0.10272233333341103,0.3205032501136471,2618.0297,2.5357249599992904,1.5923959809040245,16.85,0.008011111111111045,0.08950481054731664,3,0,0.0,2216.1438333333335,0.7616635833329759,0.8727333976266611,2618.4020333333333,0.6750659233331708,0.8216239549411707,1.0,0.0,0.0,1.0,0.0,0.0,1.0,0.0,0.0,1.0,0.0,0.0,0.9988888888888889,3.703703703703628e-06,0.001924500897298733,0.9995555555555555,1.4814814814816485e-07,0.0003849001794597722,0.007846165359719747,8.682192380668017e-08,0.00029465560202833436,0.007846165359719747,8.682192380668017e-08,0.00029465560202833436,3.1714444093939607,0.00010201668814201147,0.010100331090712397,402.87590619765496,0.001153332929302473,0.033960755723370956,85.23333333333333,0.0033333333333329545,0.05773502691895929,1.0,0.0,0.0,10,0,0.0,0.0,0.0,0.0,0.0,0.0,0.0
heat_latency_loss,2000,0.1,25,3,0,60,3600,0,0,300,3,13.636666666666667,1.1111111111114584e-05,0.0033333333333338544,1.6788888888888889,0.0002925925925925945,0.01710533813148967,529.6221666666667,599.5835563333314,24.486395331557716,783.0179666666667,613.6647196233337,24.772257055491202,16.747777777777777,0.006825925925925952,0.08261916197787261,3,0,0.0,529.6858333333333,617.5568585833317,24.850691309968255,812.8939333333334,0.7207360433333515,0.8489617443285365,1.0,0.0,0.0,1.0,0.0,0.0,1.0,0.0,0.0,1.0,0.0,0.0,0.9988888888888889,3.703703703703628e-06,0.001924500897298733,0.9993333333333333,1.1111111111112364e-07,0.00033333333333335213,0.00024344880884757462,5.824879299402535e-13,7.632089687236737e-07,0.00024344880884757462,5.824879299402535e-13,7.632089687236737e-07,1.2352095255666482,9.556640584047959e-06,0.003091381662630475,52.41835845896147,3.246085536561522e-05,0.005697442879539489,85.23333333333333,0.0033333333333329545,0.05773502691895929,1.0,0.0,0.0,10,0,0.0,0.0,0.0,0.0,0.0,0.0,0.0
heat_latency_loss,2000,0.1,300,3,0,60,3600,0,0,300,3,13.894444444444444,0.0016259259259258935,0.04032277180360861,1.5844444444444443,0.0013370370370370402,0.03656551704867634,3213.203666666667,0.012139083333325277,0.11017750829150784,3814.7822,0.3103725099997829,0.5571108597036885,16.883333333333333,0.0072333333333331785,0.08504900548115292,3,0,0.0,3213.503333333333,0.022676333333362737,0.15058663065944047,3815.0120333333334,0.37887033333311,0.6155244376408706,1.0,0.0,0.0,1.0,0.0,0.0,1.0,0.0,0.0,1.0,0.0,0.0,0.9988888888888889,3.703703703703628e-06,0.001924500897298733,0.9994444444444445,4.814814814814618e-07,0.0006938886664886967,0.012800628995674152,7.551676465477849e-06,0.0027480313800023917,0.012800628995674152,7.551676465477849e-06,0.0027480313800023917,3.446894756315118,0.0001005637847616481,0.010028149618032636,602.525,0.000283000000000372,0.016822603841271776,85.23333333333333,0.0033333333333329545,0.05773502691895929,1.0,0.0,0.0,10,0,0.0,0.0,0.0,0.0,0.0,0.0,0.0
heat_latency_loss,2000,0.1,400,3,0,60,3600,0,0,300,3,13.894444444444444,0.003570370370370318,0.05975257626554957,1.5899999999999999,0.000933333333333335,0.03055050463303896,4213.229166666667,0.4488610833335966,0.6699709570821683,4948.901933333334,12926.954049663358,113.69676358482398,16.924444444444443,0.017337037037037314,0.1316701827941213,3,0,0.0,4213.344333333333,0.4893535833336728,0.6995381214298995,4883.212233333334,13125.947361013334,114.56852692172198,1.0,0.0,0.0,1.0,0.0,0.0,1.0,0.0,0.0,1.0,0.0,0.0,0.9988888888888889,3.703703703703628e-06,0.001924500897298733,0.9994444444444445,1.4814814814816485e-07,0.0003849001794597722,0.04010583909177604,4.522920498135136e-06,0.002126715895021038,0.04010583909177604,4.522920498135136e-06,0.002126715895021038,4.204724118635625,9.030243179639511e-06,0.003005036302549357,802.522,0.0009310000000011033,0.030512292604802795,85.23333333333333,0.0033333333333329545,0.05773502691895929,1.0,0.0,0.0,10,0,0.0,0.0,0.0,0.0,0.0,0.0,0.0
heat_latency_loss,2000,0.1,50,3,0,60,3600,0,0,300,3,13.751111111111111,0.0006370370370370309,0.025239592648001095,1.6533333333333333,0.0027444444444444417,0.05238744548500568,746.5821666666667,2885.0618150833293,53.71277143364816,1016.4863333333333,3.7471601633331164,1.9357582915573721,16.616666666666667,0.004311111111111227,0.06565905201197492,3,0,0.0,763.2248333333333,2167.551206333334,46.55696732319808,1020.4783666666673,99.94971825335551,9.997485596556542,1.0,0.0,0.0,1.0,0.0,0.0,1.0,0.0,0.0,1.0,0.0,0.0,0.9988888888888889,3.703703703703628e-06,0.001924500897298733,0.9996666666666667,1.1111111111112364e-07,0.00033333333333335213,0.000365196905905783,1.4637763085822654e-08,0.00012098662358220703,0.000365196905905783,1.4637763085822654e-08,0.00012098662358220703,1.2383183258856323,2.9259838436739787e-05,0.005409236400522701,102.40299999999999,0.0005970000000000452,0.024433583445742157,85.2,0.0,0.0,1.0,0.0,0.0,10,0,0.0,0.0,0.0,0.0,0.0,0.0,0.0
heat_latency_loss,2000,0.1,500,3,0,60,3600,0,0,300,3,14.094444444444445,0.00027037037037036803,0.01644294287438742,1.69,0.0007444444444444485,0.027284509239574907,5015.161166666667,0.006900083333387664,0.08306674023571446,6017.6767666666665,0.4225717733342555,0.6500552079125707,16.967777777777776,0.004459259259259217,0.0667776853391851,3,0,0.0,5014.9845000000005,0.04949200000007314,0.2224679752235659,6017.050433333333,0.19957502333351873,0.44673820447049156,1.0,0.0,0.0,1.0,0.0,0.0,1.0,0.0,0.0,1.0,0.0,0.0,0.9988888888888889,3.703703703703628e-06,0.001924500897298733,0.9992222222222222,2.592592592592515e-07,0.0005091750772173079,0.18771419436198836,8.241275994426213e-06,0.0028707622671385056,0.18771419436198836,8.241275994426213e-06,0.0028707622671385056,5.0,0.0,0.0,1002.3320770519263,0.00012448012255500927,0.011157066037046177,85.23333333333333,0.0033333333333329545,0.05773502691895929,1.0,0.0,0.0,10,0,0.0,0.0,0.0,0.0,0.0,0.0,0.0
heat_latency_loss,2000,0.1,600,3,0,60,3600,0,0,300,3,10,0,0.0,0,0,0.0,4022.581833333333,0.006340083333324412,0.07962464023984292,4024.6662,0.03423924999999562,0.1850385095054422,18.664444444444445,0.038981481481481096,0.19743728493240859,8.664444444444445,0.03898148148148131,0.19743728493240914,4023.9708333333333,0.05844508333332437,0.2417541795570955,4027.2847333333334,0.19186282333313903,0.4380214872961588,0.19111111111111112,0.0007814814814814812,0.027954990278686937,0.19111111111111112,0.0007814814814814812,0.027954990278686937,1.0,0.0,0.0,0.19111111111111112,0.0007814814814814812,0.027954990278686937,0.035555555555555556,0.00018148148148148152,0.01347150628109127,0.03966666666666667,9.644444444444441e-05,0.009820613241770821,1.0,0.0,0.0,1.0,0.0,0.0,5.0,0.0,0.0,nan,0.0,0.0,85.23333333333333,0.0033333333333329545,0.05773502691895929,1.0,0.0,0.0,10,0,0.0,0.0,0.0,0.0,0.0,0.0,0.0
heat_latency_loss,2000,0.2,0,3,0,60,3600,0,0,300,3,13.498888888888889,0.0038481481481481257,0.0620334437875903,1.7122222222222223,0.002414814814814811,0.049140765305546584,604.0283333333333,0.02303558333333131,0.1517747783175166,1006.9918,0.10520523000000256,0.32435355709472735,16.49222222222222,0.0003370370370370753,0.018358568490954717,3,0,0.0,604.7331666666666,0.01882358333332995,0.13719906462264947,1073.2579,13107.94922672999,114.48995251431451,1.0,0.0,0.0,1.0,0.0,0.0,1.0,0.0,0.0,1.0,0.0,0.0,0.9988888888888889,3.703703703703628e-06,0.001924500897298733,0.9991111111111112,2.5925925925926383e-07,0.00050917507721732,0.00712137100209932,4.865793983820056e-07,0.0006975524341452802,0.00712137100209932,4.865793983820056e-07,0.0006975524341452802,1.5559441385572752,0.00011454518883162775,0.010702578606654928,0.13266666666666665,0.00014933333333333324,0.01222020185321557,85.23333333333333,0.0033333333333329545,0.05773502691895929,1.0,0.0,0.0,10,0,0.0,0.0,0.0,0.0,0.0,0.0,0.0
heat_latency_loss,2000,0.2,10,3,0,60,3600,0,0,300,3,13.60888888888889,0.022048148148148178,0.14848618840871422,1.7222222222222223,0.006581481481481491,0.08112633038343033,715.2330000000001,0.6040750000000369,0.7772226193311906,1140.8975333333335,6.1940293033350375,2.4887806860659776,16.48,0.0013000000000000156,0.036055512754640105,3,0,0.0,708.0868333333334,164.17184058333336,12.81295596587038,1175.4999666666668,4645.490183023339,68.15783288091941,1.0,0.0,0.0,1.0,0.0,0.0,1.0,0.0,0.0,1.0,0.0,0.0,0.9988888888888889,3.703703703703628e-06,0.001924500897298733,0.9995555555555555,2.5925925925926383e-07,0.00050917507721732,0.005902856217191961,2.5052476320793087e-06,0.0015827974071495406,0.005902856217191961,2.5052476320793087e-06,0.0015827974071495406,1.5531743568086407,9.936291273747905e-05,0.009968094739591867,22.661666666666665,0.0005693333333333441,0.023860706890897934,85.23333333333333,0.0033333333333329545,0.05773502691895929,1.0,0.0,0.0,10,0,0.0,0.0,0.0,0.0,0.0,0.0,0.0
heat_latency_loss,2000,0.2,100,3,0,60,3600,0,0,300,3,13.68,0.008399999999999961,0.09165151389911659,1.6311111111111112,0.001137037037037033,0.03371997978998553,1613.9266666666667,0.07434858333333315,0.2726693663273034,2018.0377666666668,2.8327421733329627,1.6830752132132902,16.862222222222222,0.003125925925925861,0.055909980557373305,3,0,0.0,1614.4641666666666,0.67990158333325,0.8245614490947597,2018.3715666666667,0.3951795033335031,0.6286330434629595,1.0,0.0,0.0,1.0,0.0,0.0,1.0,0.0,0.0,1.0,0.0,0.0,0.9988888888888889,3.703703703703628e-06,0.001924500897298733,0.9995555555555555,3.7037037037053553e-08,0.00019245008972991817,0.016301716292230727,1.3635931523753943e-06,0.001167729914139136,0.016301716292230727,1.3635931523753943e-06,0.001167729914139136,2.5327921218384355,1.9894277881329946e-05,0.004460300200808231,202.75045226130655,0.00026803573142052415,0.01637179682931975,85.23333333333333,0.0033333333333329545,0.05773502691895929,1.0,0.0,0.0,10,0,0.0,0.0,0.0,0.0,0.0,0.0,0.0
heat_latency_loss,2000,0.2,150,3,0,60,3600,0,0,300,3,13.765555555555556,0.0005814814814814659,0.024113927126900463,1.6400000000000001,0.0005777777777777779,0.024037008503093264,2015.7338333333335,0.945481333333337,0.9723586443968794,2516.1955,0.7527819699999295,0.8676300882288082,16.714444444444446,0.012548148148147989,0.11201851698780871,3,0,0.0,2016.2111666666667,2.0857853333332383,1.4442248209102482,2517.2130333333334,0.5165688133332528,0.718727217609889,1.0,0.0,0.0,1.0,0.0,0.0,1.0,0.0,0.0,1.0,0.0,0.0,0.9988888888888889,3.703703703703628e-06,0.001924500897298733,0.9996666666666667,1.1111111111112364e-07,0.00033333333333335213,0.016134937972341702,1.4373593273799736e-06,0.001198899214855016,0.016134937972341702,1.4373593273799736e-06,0.001198899214855016,2.5391915810078003,0.00015179356543363627,0.01232045313426565,302.7609229480737,0.00012863590145038387,0.01134177682069189,85.23333333333333,0.0033333333333329545,0.05773502691895929,1.0,0.0,0.0,10,0,0.0,0.0,0.0,0.0,0.0,0.0,0.0
heat_latency_loss,2000,0.2,200,3,0,60,3600,0,0,300,3,13.744444444444444,0.012559259259259258,0.11206810098890432,1.5944444444444443,0.0016925925925925871,0.04114113018127464,2614.3559999999998,0.22874574999989436,0.4782737187008025,3020.1286,6.532891960000076,2.5559522609000496,16.865555555555556,0.009448148148148107,0.09720158511129387,3,0,0.0,2549.590333333333,13046.339964083352,114.22057592256901,3019.8732999999997,0.38460436000005094,0.620164784553308,1.0,0.0,0.0,1.0,0.0,0.0,1.0,0.0,0.0,1.0,0.0,0.0,0.9988888888888889,3.703703703703628e-06,0.001924500897298733,0.9995555555555555,3.7037037037053553e-08,0.00019245008972991817,0.04764247003715388,1.6300483657705358e-06,0.0012767334748374603,0.04764247003715388,1.6300483657705358e-06,0.0012767334748374603,3.4336249680859527,0.00010442935698137236,0.01021906830299966,403.01815075376885,0.0008689978283365629,0.02947876911162613,85.23333333333333,0.0033333333333329545,0.05773502691895929,1.0,0.0,0.0,10,0,0.0,0.0,0.0,0.0,0.0,0.0,0.0
heat_latency_loss,2000,0.2,25,3,0,60,3600,0,0,300,3,13.56,0.0187444444444445,0.13691035185275255,1.6777777777777778,0.0029481481481481516,0.05429685210164722,865.4503333333333,1.1063590833333041,1.0518360534481141,1299.7245333333333,2952.786638963318,54.339549491722124,16.56888888888889,0.009970370370370242,0.09985174194960368,3,0,0.0,865.3318333333334,0.2729490833333287,0.5224452921917554,1284.5184666666667,1010.3298924633245,31.78568691193136,1.0,0.0,0.0,1.0,0.0,0.0,1.0,0.0,0.0,1.0,0.0,0.0,0.9988888888888889,3.703703703703628e-06,0.001924500897298733,0.9994444444444445,2.5925925925926383e-07,0.00050917507721732,0.006386710025705108,9.06739626192874e-07,0.0009522287677826552,0.006386710025705108,9.06739626192874e-07,0.0009522287677826552,1.5499750148473177,0.00010289455027903051,0.010143695099865261,52.694,0.0010989999999999579,0.033151168908500915,85.23333333333333,0.0033333333333329545,0.05773502691895929,1.0,0.0,0.0,10,0,0.0,0.0,0.0,0.0,0.0,0.0,0.0
heat_latency_loss,2000,0.2,300,3,0,60,3600,0,0,300,3,13.852222222222222,0.0015148148148147911,0.03892062197363746,1.6055555555555556,0.00018148148148148393,0.01347150628109136,3416.54,0.17417099999993962,0.4173379925191806,4018.7351333333336,0.17830570333338377,0.4222625999699521,16.905555555555555,0.0030037037037036127,0.054806055356170384,3,0,0.0,3416.2501666666667,0.1615823333334087,0.40197305050638493,4085.6284,13007.972125240003,114.05249723368622,1.0,0.0,0.0,1.0,0.0,0.0,1.0,0.0,0.0,1.0,0.0,0.0,0.9988888888888889,3.703703703703628e-06,0.001924500897298733,0.9998888888888889,3.703703703702888e-08,0.00019245008972985404,0.06468565676708532,2.7321551529510476e-06,0.001652923214475206,0.06468565676708532,2.7321551529510476e-06,0.001652923214475206,3.6732469035253272,0.00010958691906303857,0.010468377097861853,602.7360301507538,0.00042872132016634126,0.020705586689740072,85.23333333333333,0.0033333333333329545,0.05773502691895929,1.0,0.0,0.0,10,0,0.0,0.0,0.0,0.0,0.0,0.0,0.0
heat_latency_loss,2000,0.2,400,3,0,60,3600,0,0,300,3,13.886666666666667,0.006011111111111184,0.07753135566408718,1.6222222222222222,0.0009592592592592594,0.0309719108105919,4414.7355,0.013474749999999716,0.11608079083121253,5216.282366666666,0.16422033333307234,0.40524108051019747,17.02888888888889,0.001970370370370331,0.04438885412319551,3,0,0.0,4415.215833333334,0.1666285833334738,0.4082016454320999,5217.346766666667,0.10837642333369277,0.3292057462039397,1.0,0.0,0.0,1.0,0.0,0.0,1.0,0.0,0.0,1.0,0.0,0.0,0.9988888888888889,3.703703703703628e-06,0.001924500897298733,0.9993333333333333,4.4444444444442056e-07,0.0006666666666666488,0.1317833914598952,1.538930710233708e-06,0.0012405364606627683,0.1317833914598952,1.538930710233708e-06,0.0012405364606627683,4.365225996556185,1.9383760319539953e-05,0.004402699208387958,802.5907638190954,0.0009430768919980377,0.030709557014031278,85.23333333333333,0.0033333333333329545,0.05773502691895929,1.0,0.0,0.0,10,0,0.0,0.0,0.0,0.0,0.0,0.0,0.0
heat_latency_loss,2000,0.2,50,3,0,60,3600,0,0,300,3,13.540000000000001,0.02101111111111116,0.14495209936772616,1.69,0.0024333333333333377,0.04932882862316252,1111.6928333333333,3.7281270833330744,1.9308358509549886,1515.3007333333333,2.4004695433330956,1.5493448755306534,16.62,0.0070777777777778356,0.08412952976082676,3,0,0.0,1114.3988333333334,0.6860253333333308,0.8282664627602223,1549.7186,3073.2348252700017,55.43676420273825,1.0,0.0,0.0,1.0,0.0,0.0,1.0,0.0,0.0,1.0,0.0,0.0,0.9988888888888889,3.703703703703628e-06,0.001924500897298733,0.9995555555555555,3.7037037037053553e-08,0.00019245008972991817,0.006544432105371715,6.42935323591494e-07,0.0008018324785087557,0.006544432105371715,6.42935323591494e-07,0.0008018324785087557,1.5513643985832473,9.632929948500025e-05,0.009814749079064643,102.69145728643217,0.0004970645185726132,0.022294943789402413,85.23333333333333,0.0033333333333329545,0.05773502691895929,1.0,0.0,0.0,10,0,0.0,0.0,0.0,0.0,0.0,0.0,0.0
heat_latency_loss,2000,0.2,500,3,0,60,3600,0,0,300,3,14.432222222222222,0.029581481481481486,0.1719926785694132,1.771111111111111,0.005748148148148133,0.0758165427076976,5018.244,0.7049312499997469,0.8396018401598146,6023.703566666667,4.694980503332658,2.1667903690326527,17.76222222222222,0.010737037037036762,0.10361967495141433,3,0,0.0,5019.814666666666,0.35070758333328816,0.5922056934320103,6025.37,0.026418089999971864,0.16253642668636425,1.0,0.0,0.0,1.0,0.0,0.0,1.0,0.0,0.0,1.0,0.0,0.0,0.9977777777777778,3.703703703703628e-06,0.001924500897298733,0.9987777777777778,2.592592592592515e-07,0.0005091750772173079,0.35349306288763876,6.296060672662462e-07,0.0007934772002182837,0.35349306288763876,6.296060672662462e-07,0.0007934772002182837,5.0,0.0,0.0,1002.299093802345,0.0002727449896048669,0.016514992873291435,85.23333333333333,0.0033333333333329545,0.05773502691895929,1.0,0.0,0.0,10,0,0.0,0.0,0.0,0.0,0.0,0.0,0.0
heat_latency_loss,2000,0.2,600,3,0,60,3600,0,0,300,3,10,0,0.0,0,0,0.0,4022.570666666667,0.017377583333346967,0.13182406204235617,4024.9493666666667,0.020641863333330172,0.14367276475842655,18.774444444444445,0.008281481481481457,0.09100264546419218,8.774444444444445,0.008281481481481603,0.09100264546419298,4023.7875,0.05580775000000466,0.2362366398338849,4027.319,0.011808130000027206,0.10866521982689405,0.17555555555555555,0.00018148148148148155,0.013471506281091271,0.17555555555555555,0.00018148148148148155,0.013471506281091271,1.0,0.0,0.0,0.17555555555555555,0.00018148148148148155,0.013471506281091271,0.04888888888888889,0.00013703703703703702,0.011706281947614153,0.04022222222222222,7.337037037037038e-05,0.008565650609870239,1.0,0.0,0.0,1.0,0.0,0.0,5.0,0.0,0.0,nan,0.0,0.0,85.23333333333333,0.0033333333333329545,0.05773502691895929,1.0,0.0,0.0,10,0,0.0,0.0,0.0,0.0,0.0,0.0,0.0
heat_latency_loss,2000,0.3,0,3,0,60,3600,0,0,300,3,13.452222222222222,0.0017814814814815134,0.04220759980716166,1.7044444444444444,0.0006037037037037028,0.024570382652773292,1073.2096666666666,13251.195959083332,115.11383912928684,1609.2152666666666,0.4285854533332714,0.6546643822091373,16.448888888888888,0.005970370370370311,0.07726817178094944,3,0,0.0,1007.9263333333333,1.422155083333353,1.1925414388327782,1609.5366000000001,0.1772096400000672,0.42096275369688846,1.0,0.0,0.0,1.0,0.0,0.0,1.0,0.0,0.0,1.0,0.0,0.0,0.9988888888888889,3.703703703703628e-06,0.001924500897298733,0.9998888888888889,3.703703703702888e-08,0.00019245008972985404,0.03308259339340858,2.8434043939540614e-06,0.0016862397201922571,0.03308259339340858,2.8434043939540614e-06,0.0016862397201922571,1.9697932293064768,0.0001460987900071269,0.012087133241886882,67.48435510887772,13190.33006832389,114.84916224476298,85.2,0.0,0.0,1.0,0.0,0.0,10,0,0.0,0.0,0.0,0.0,0.0,0.0,0.0
heat_latency_loss,2000,0.3,10,3,0,60,3600,0,0,300,3,13.37888888888889,0.017025925925925816,0.13048343161461465,1.6811111111111112,0.0009148148148148139,0.030245905752924872,1194.9635,3149.514966999999,56.12053961786183,1711.7023666666666,1118.4362209733317,33.44302948258922,16.436666666666667,0.004311111111111038,0.06565905201197347,3,0,0.0,1195.5375000000001,1084.8475942500047,32.937024672092114,1706.1722333333332,1192.5970363433403,34.53399826755281,1.0,0.0,0.0,1.0,0.0,0.0,1.0,0.0,0.0,1.0,0.0,0.0,0.9988888888888889,3.703703703703628e-06,0.001924500897298733,0.9996666666666667,0.0,0.0,0.03451887440465364,1.3281368559923258e-06,0.0011524482010018175,0.03451887440465364,1.3281368559923258e-06,0.0011524482010018175,1.9764131055878653,0.00031895525721400443,0.017859318498027982,89.9490217755444,13186.27980898842,114.83152793979718,85.23333333333333,0.0033333333333329545,0.05773502691895929,1.0,0.0,0.0,10,0,0.0,0.0,0.0,0.0,0.0,0.0,0.0
heat_latency_loss,2000,0.3,100,3,0,60,3600,0,0,300,3,13.672222222222222,0.00330370370370371,0.05747785402834478,1.6655555555555555,0.002114814814814816,0.04598711574794418,2016.5368333333333,0.9849653333334465,0.9924541970959901,2619.1003666666666,0.20237589333323774,0.449862082568911,16.683333333333334,0.0076333333333334814,0.0873689494805419,3,0,0.0,2015.473,1.1726872500000278,1.0829068519498932,2486.8748666666665,13071.418564143352,114.3303046621645,1.0,0.0,0.0,1.0,0.0,0.0,1.0,0.0,0.0,1.0,0.0,0.0,0.9988888888888889,3.703703703703628e-06,0.001924500897298733,0.9996666666666667,1.1111111111112364e-07,0.00033333333333335213,0.0667003205312993,5.0940067825130395e-06,0.002256990647413728,0.0667003205312993,5.0940067825130395e-06,0.002256990647413728,2.8877658430703708,9.704191079564143e-05,0.009850985270298674,203.41841708542714,0.00047729575010701543,0.02184709935224847,85.2,0.0,0.0,1.0,0.0,0.0,10,0,0.0,0.0,0.0,0.0,0.0,0.0,0.0
heat_latency_loss,2000,0.3,150,3,0,60,3600,0,0,300,3,13.732222222222221,0.032848148148148355,0.1812405808535946,1.66,0.0013777777777777749,0.03711842908553344,2449.8095,3245.084367999997,56.965641995855684,3020.2237666666665,0.4659114133334298,0.6825770383871917,16.67888888888889,0.02544814814814817,0.1595247571637336,3,0,0.0,2417.2106666666664,0.6632190833333825,0.8143826393860459,3018.7864333333337,0.49353404333360373,0.7025197814535927,1.0,0.0,0.0,1.0,0.0,0.0,1.0,0.0,0.0,1.0,0.0,0.0,0.9988888888888889,3.703703703703628e-06,0.001924500897298733,0.9994444444444445,3.7037037037053553e-08,0.00019245008972991817,0.06745481964452667,3.1723264199274976e-06,0.0017811025854586528,0.06745481964452667,3.1723264199274976e-06,0.0017811025854586528,2.8980997015473435,0.00041152162876477005,0.020285995878062534,303.46443216080405,0.0019020615388512464,0.04361263049680959,85.2,0.0,0.0,1.0,0.0,0.0,10,0,0.0,0.0,0.0,0.0,0.0,0.0,0.0
heat_latency_loss,2000,0.3,200,3,0,60,3600,0,0,300,3,13.787777777777778,0.026859259259259173,0.1638879472665979,1.6188888888888888,0.004914814814814823,0.07010574024154387,2920.054166666667,9896.353912583318,99.48041974470814,3504.5184000000013,10539.408229869865,102.66162004308067,16.933333333333334,0.014077777777777809,0.11864981153705137,3,0,0.0,2951.255,12896.76514899999,113.56392538566105,3489.0686333333333,13161.428126943298,114.72326759181547,1.0,0.0,0.0,1.0,0.0,0.0,1.0,0.0,0.0,1.0,0.0,0.0,0.9988888888888889,3.703703703703628e-06,0.001924500897298733,0.9996666666666667,1.1111111111112364e-07,0.00033333333333335213,0.12668432781372801,5.874133252963933e-06,0.0024236611258515355,0.12668432781372801,5.874133252963933e-06,0.0024236611258515355,3.694594286199376,2.613726166875847e-05,0.005112461410001885,403.4329296482412,0.0011441283805963115,0.033824966823284716,85.23333333333333,0.0033333333333329545,0.05773502691895929,1.0,0.0,0.0,10,0,0.0,0.0,0.0,0.0,0.0,0.0,0.0
heat_latency_loss,2000,0.3,25,3,0,60,3600,0,0,300,3,13.483333333333333,0.0038111111111110946,0.06173419725817365,1.711111111111111,0.0006259259259259215,0.025018511664883693,1333.4345,645.8839457500011,25.414246905033426,1854.7026666666673,721.6358735833225,26.863281139565256,16.47888888888889,0.008192592592592557,0.09051294157518336,3,0,0.0,1347.9078333333334,877.1990263333348,29.61754592016926,1843.3805666666672,513.0981390533111,22.651669674735043,1.0,0.0,0.0,1.0,0.0,0.0,1.0,0.0,0.0,1.0,0.0,0.0,0.9988888888888889,3.703703703703628e-06,0.001924500897298733,0.9994444444444445,2.5925925925926383e-07,0.00050917507721732,0.03506967046352128,3.7594406337437964e-06,0.0019389277020414651,0.03506967046352128,3.7594406337437964e-06,0.0019389277020414651,1.9752182597880765,0.00062295234831904,0.02495901336830124,119.98039530988275,13134.565191695068,114.60613068983294,85.2,0.0,0.0,1.0,0.0,0.0,10,0,0.0,0.0,0.0,0.0,0.0,0.0,0.0
heat_latency_loss,2000,0.3,300,3,0,60,3600,0,0,300,3,13.918888888888889,0.01495925925925936,0.12230805067230595,1.6233333333333333,0.0011444444444444434,0.033829638550307385,3816.1105000000002,1.6571492499998681,1.2873030917386425,4486.8224666666665,13034.559714543293,114.16899629296604,16.993333333333332,0.035677777777778086,0.18888562088676333,3,0,0.0,3816.6986666666667,2.2326763333334023,1.4942142862833974,4486.415033333334,13042.4147867734,114.20339218593027,1.0,0.0,0.0,1.0,0.0,0.0,1.0,0.0,0.0,1.0,0.0,0.0,0.9988888888888889,3.703703703703628e-06,0.001924500897298733,0.9994444444444445,3.7037037037053553e-08,0.00019245008972991817,0.15934226286381348,1.733910419842514e-05,0.004164024999735849,0.15934226286381348,1.733910419842514e-05,0.004164024999735849,3.913220367589042,1.5058787741157838e-06,0.0012271425239619822,602.9951842546063,6.492367196057101e-05,0.00805752269376705,85.23333333333333,0.0033333333333329545,0.05773502691895929,1.0,0.0,0.0,10,0,0.0,0.0,0.0,0.0,0.0,0.0,0.0
heat_latency_loss,2000,0.3,400,3,0,60,3600,0,0,300,3,14.183333333333334,0.006533333333333362,0.08082903768654778,1.6733333333333333,0.0007111111111111084,0.026666666666666616,4615.950833333333,1.9090375833333233,1.3816792621058345,5493.838966666668,11787.327302403055,108.56945842364259,17.28111111111111,0.04658148148148131,0.21582743449682504,3,0,0.0,4616.131,5.097988000000253,2.2578724498961966,5487.941766666667,12761.383724363362,112.96629463854855,1.0,0.0,0.0,1.0,0.0,0.0,1.0,0.0,0.0,1.0,0.0,0.0,0.9977777777777778,3.703703703703628e-06,0.001924500897298733,0.9994444444444445,2.5925925925926383e-07,0.00050917507721732,0.2601652443708914,6.518784739762206e-06,0.0025531910895509186,0.2601652443708914,6.518784739762206e-06,0.0025531910895509186,4.516260713050902,1.0167101911601795e-05,0.0031885893294059985,802.7005058626465,0.0011070993493406411,0.03327310249045978,85.23333333333333,0.0033333333333329545,0.05773502691895929,1.0,0.0,0.0,10,0,0.0,0.0,0.0,0.0,0.0,0.0,0.0
heat_latency_loss,2000,0.3,50,3,0,60,3600,0,0,300,3,13.377777777777778,0.013848148148148269,0.11767815493178106,1.6777777777777778,0.0032925925925925952,0.05738111703855717,1581.343,3341.831002750003,57.80857205250795,2089.054533333334,2410.2349368232103,49.09414361024348,16.545555555555556,0.005848148148148106,0.07647318581142089,3,0,0.0,1520.0533333333333,13.500336583333455,3.674280417079439,2087.7305666666666,3279.209142093316,57.26437934783993,1.0,0.0,0.0,1.0,0.0,0.0,1.0,0.0,0.0,1.0,0.0,0.0,0.9988888888888889,3.703703703703628e-06,0.001924500897298733,0.9991111111111112,9.259259259259687e-07,0.0009622504486493986,0.03614986658939108,1.7340091622579986e-05,0.004164143564117355,0.03614986658939108,1.7340091622579986e-05,0.004164143564117355,1.9822855942317295,0.0008349749224144526,0.028895932627524806,169.90467671691792,13107.813534118057,114.48935991662307,85.23333333333333,0.0033333333333329545,0.05773502691895929,1.0,0.0,0.0,10,0,0.0,0.0,0.0,0.0,0.0,0.0,0.0
heat_latency_loss,2000,0.3,500,3,0,60,3600,0,0,300,3,16.0,0.047211111111111086,0.2172811798364301,2.013333333333333,0.001477777777777769,0.0384418753155692,5356.009666666667,328031.75246858335,572.7405629677222,7399.2566666666735,299251.97067625757,547.0392770873565,18.83,0.059511111111110626,0.24394899284709218,3.0077777777777777,0.00018148148148148296,0.013471506281091323,5356.7115,324863.18558725005,569.9677057406411,7032.067633333333,11.26091172333288,3.3557281956876186,0.9988888888888889,3.703703703703628e-06,0.001924500897298733,0.9988888888888889,3.703703703703628e-06,0.001924500897298733,1.0,0.0,0.0,0.9988888888888889,3.703703703703628e-06,0.001924500897298733,0.9933333333333333,0.0,0.0,0.9913333333333333,3.4444444444445367e-06,0.001855921454276699,0.5158591054447728,5.919376213988379e-05,0.007693748250357805,0.5158591054447728,5.919376213988379e-05,0.007693748250357805,5.0,0.0,0.0,1002.283716917923,0.00026704945161439,0.016341647763135455,85.23333333333333,0.0033333333333329545,0.05773502691895929,1.0,0.0,0.0,10,0,0.0,0.0,0.0,0.0,0.0,0.0,0.0
heat_latency_loss,2000,0.3,600,3,0,60,3600,0,0,300,3,10,0,0.0,0,0,0.0,4022.7045,0.022096749999943925,0.14864975613819192,4024.794966666667,0.11292421333334307,0.3360419815043101,18.833333333333332,0.04137777777777812,0.20341528403189893,8.833333333333334,0.0413777777777777,0.2034152840318979,4023.893833333333,0.05726608333331427,0.23930332913128113,4027.1528,0.05901399000000143,0.24292795228215594,0.16666666666666666,0.0008444444444444445,0.029059326290271158,0.16666666666666666,0.0008444444444444445,0.029059326290271158,1.0,0.0,0.0,0.16666666666666666,0.0008444444444444445,0.029059326290271158,0.035555555555555556,2.5925925925925935e-05,0.005091750772173156,0.03722222222222222,9.070370370370367e-05,0.009523849206266533,1.0,0.0,0.0,1.0,0.0,0.0,5.0,0.0,0.0,nan,0.0,0.0,85.23333333333333,0.0033333333333329545,0.05773502691895929,1.0,0.0,0.0,10,0,0.0,0.0,0.0,0.0,0.0,0.0,0.0
heat_latency_loss,2000,0.4,0,3,0,60,3600,0,0,300,3,13.374444444444444,0.00869259259259268,0.09323407420354793,1.7144444444444444,0.0014814814814814808,0.03849001794597504,1643.8455,3357.119418249992,57.94065427875312,2280.028033333333,12987.140857903358,113.96113748951156,16.525555555555556,0.0025148148148148907,0.05014792931731968,3,0,0.0,1610.4058333333332,1.2219063333331979,1.10539872142734,2352.7857666666678,10381.79895110275,101.89111320965509,1.0,0.0,0.0,1.0,0.0,0.0,1.0,0.0,0.0,1.0,0.0,0.0,0.9988888888888889,3.703703703703628e-06,0.001924500897298733,0.9994444444444445,1.4814814814816485e-07,0.0003849001794597722,0.10542215115183531,1.750104295724602e-05,0.004183424788046992,0.10542215115183531,1.750104295724602e-05,0.004183424788046992,2.476390734479695,0.00019490187603767305,0.01396072620022587,201.07682077051925,6.409636962045611e-05,0.008006020835624655,85.23333333333333,0.0033333333333329545,0.05773502691895929,1.0,0.0,0.0,10,0,0.0,0.0,0.0,0.0,0.0,0.0,0.0
heat_latency_loss,2000,0.4,10,3,0,60,3600,0,0,300,3,13.502222222222223,0.011714814814814905,0.10823499810511804,1.748888888888889,0.0009592592592592616,0.030971910810591936,1748.2996666666666,767.8230425833345,27.709620036791094,2369.331666666667,3263.605016583311,57.127970527433504,16.486666666666668,0.0016444444444445323,0.040551750201989215,3,0,0.0,1725.8133333333333,505.0607460833342,22.473556596216234,2435.3795999999998,9272.688097890015,96.29479787553436,1.0,0.0,0.0,1.0,0.0,0.0,1.0,0.0,0.0,1.0,0.0,0.0,0.9988888888888889,3.703703703703628e-06,0.001924500897298733,0.9995555555555555,1.4814814814816485e-07,0.0003849001794597722,0.10947232809762433,5.518542342145873e-06,0.002349157794220276,0.10947232809762433,5.518542342145873e-06,0.002349157794220276,2.47135132039666,1.1272489630443212e-05,0.003357452848580783,223.09392462311558,0.00045986182167151175,0.021444389048688513,85.23333333333333,0.0033333333333329545,0.05773502691895929,1.0,0.0,0.0,10,0,0.0,0.0,0.0,0.0,0.0,0.0,0.0
heat_latency_loss,2000,0.4,100,3,0,60,3600,0,0,300,3,13.606666666666667,0.005544444444444378,0.07446102634562847,1.681111111111111,0.00040370370370370457,0.02009237924447238,2485.2701666666667,13097.946237583345,114.44625916814994,3221.5442666666668,13.234685743333513,3.6379507615323097,16.66,0.013433333333333389,0.11590225767142498,3,0,0.0,2419.7108333333335,3.9236530833335754,1.9808213153471403,3155.142333333333,12938.426772843317,113.74720556059088,1.0,0.0,0.0,1.0,0.0,0.0,1.0,0.0,0.0,1.0,0.0,0.0,0.9988888888888889,3.703703703703628e-06,0.001924500897298733,0.9994444444444445,1.4814814814816485e-07,0.0003849001794597722,0.16413549673182468,6.4327805574936704e-06,0.0025362926797776455,0.16413549673182468,6.4327805574936704e-06,0.0025362926797776455,3.2980685941665278,0.0004974602001006084,0.022303815819285464,402.94442881072024,0.0023782746984482707,0.048767557847899975,85.23333333333333,0.0033333333333329545,0.05773502691895929,1.0,0.0,0.0,10,0,0.0,0.0,0.0,0.0,0.0,0.0,0.0
heat_latency_loss,2000,0.4,150,3,0,60,3600,0,0,300,3,13.79,0.030011111111111072,0.17323715280248367,1.7077777777777778,0.0018925925925925887,0.04350393766767083,2917.6876666666667,1.1797615833332682,1.086168303410327,3555.6172,3278.343845069988,57.25682356776342,16.767777777777777,0.002681481481481404,0.051783023101026115,3,0,0.0,2919.038666666667,0.6547203333335676,0.8091479057215483,3595.3930333333337,3939.706482103407,62.76708119789709,1.0,0.0,0.0,1.0,0.0,0.0,1.0,0.0,0.0,1.0,0.0,0.0,0.9988888888888889,3.703703703703628e-06,0.001924500897298733,0.9996666666666667,1.1111111111112364e-07,0.00033333333333335213,0.1669736974901736,5.587345277544483e-06,0.002363756602855819,0.1669736974901736,5.587345277544483e-06,0.002363756602855819,3.303658199589879,0.0003754149157948212,0.01937562684908081,502.91951423785594,0.002486878976119023,0.04986861714664868,85.23333333333333,0.0033333333333329545,0.05773502691895929,1.0,0.0,0.0,10,0,0.0,0.0,0.0,0.0,0.0,0.0,0.0
heat_latency_loss,2000,0.4,200,3,0,60,3600,0,0,300,3,14.007777777777777,0.02447037037037056,0.15643008141137868,1.7144444444444444,0.001225925925925928,0.03501322501464165,3385.945166666667,3181.7610330833477,56.40710091011014,4031.6391000000012,139.39166089006505,11.806424559961625,16.96666666666667,0.00123333333333334,0.035118845842842555,3,0,0.0,3418.1123333333335,0.905761333332992,0.9517149433170585,4164.945933333335,10396.228658202841,101.96189807081291,1.0,0.0,0.0,1.0,0.0,0.0,1.0,0.0,0.0,1.0,0.0,0.0,0.9988888888888889,3.703703703703628e-06,0.001924500897298733,0.9991111111111111,1.481481481481155e-07,0.0003849001794597081,0.2545207644601035,3.626514474314582e-06,0.0019043409553739534,0.2545207644601035,3.626514474314582e-06,0.0019043409553739534,3.970305286052445,6.986976917294077e-05,0.008358813861603856,602.5568810720267,0.008621965539588352,0.0928545396821736,85.23333333333333,0.0033333333333329545,0.05773502691895929,1.0,0.0,0.0,10,0,0.0,0.0,0.0,0.0,0.0,0.0,0.0
heat_latency_loss,2000,0.4,25,3,0,60,3600,0,0,300,3,13.353333333333333,0.006744444444444351,0.08212456663169888,1.6922222222222223,0.0011592592592592588,0.03404789654676569,1869.3381666666667,9.610816583332834,3.100131704191426,2522.9281666666666,26.33866005333236,5.132120424671693,16.366666666666667,0.006077777777777759,0.07796010375684322,3,0,0.0,1864.7646666666667,26.244584083333283,5.12294681636783,2485.2435666666665,3112.1258982033523,55.786431129830774,1.0,0.0,0.0,1.0,0.0,0.0,1.0,0.0,0.0,1.0,0.0,0.0,0.9988888888888889,3.703703703703628e-06,0.001924500897298733,0.9997777777777778,1.4814814814816485e-07,0.0003849001794597722,0.1064166426317628,2.5125531494905495e-06,0.0015851035138092873,0.1064166426317628,2.5125531494905495e-06,0.0015851035138092873,2.4796975068459663,0.00013259987055575835,0.01151520171580847,253.12484422110552,0.0003329746218528752,0.018247592220697918,85.23333333333333,0.0033333333333329545,0.05773502691895929,1.0,0.0,0.0,10,0,0.0,0.0,0.0,0.0,0.0,0.0,0.0
heat_latency_loss,2000,0.4,300,3,0,60,3600,0,0,300,3,14.285555555555556,0.0039592592592592535,0.06292264504341226,1.738888888888889,7.037037037036992e-05,0.008388704928078583,4185.5081666666665,3247.9112405833052,56.99044867855758,5023.6115666666665,3.7827688633326315,1.9449341539837877,17.293333333333333,0.041477777777777745,0.2036609382718683,3,0,0.0,4152.4415,13133.141292250046,114.59991837802524,5091.0468,13405.356122609961,115.78150164257657,1.0,0.0,0.0,1.0,0.0,0.0,1.0,0.0,0.0,1.0,0.0,0.0,0.9988888888888889,3.703703703703628e-06,0.001924500897298733,0.9995555555555555,1.4814814814816485e-07,0.0003849001794597722,0.28817973030071914,2.829650707062717e-05,0.0053194461244219,0.28817973030071914,2.829650707062717e-05,0.0053194461244219,4.1564349170950665,0.00014902070715723246,0.012207403784475733,670.1087721943048,13114.351185313071,114.5179077057954,85.23333333333333,0.0033333333333329545,0.05773502691895929,1.0,0.0,0.0,10,0,0.0,0.0,0.0,0.0,0.0,0.0,0.0
heat_latency_loss,2000,0.4,400,3,0,60,3600,0,0,300,3,15.027777777777779,0.009714814814814876,0.09856376014953405,1.8855555555555557,0.00040370370370370457,0.02009237924447238,4821.195,0.476856249999715,0.6905477898014843,6166.978200000001,85639.30022958893,292.6419317691655,17.862222222222222,0.01530370370370365,0.12370813919748228,3,0,0.0,4820.407333333334,1.432164333332984,1.1967306853812114,5970.380933333335,15137.726116493714,123.03546690484706,1.0,0.0,0.0,1.0,0.0,0.0,1.0,0.0,0.0,1.0,0.0,0.0,0.9966666666666667,0.0,0.0,0.9965555555555555,1.9259259259259705e-06,0.001387777332977438,0.41437406683464684,3.238037544154996e-05,0.005690375685449068,0.41437406683464684,3.238037544154996e-05,0.005690375685449068,4.640037778806982,1.3826341279456505e-05,0.0037183788509855347,802.7854120603015,0.000309800838362116,0.017601160142505266,85.23333333333333,0.0033333333333329545,0.05773502691895929,1.0,0.0,0.0,10,0,0.0,0.0,0.0,0.0,0.0,0.0,0.0
heat_latency_loss,2000,0.4,50,3,0,60,3600,0,0,300,3,13.464444444444444,0.0019703703703703506,0.04438885412319573,1.7033333333333334,0.001011111111111109,0.03179797338056482,2083.7221666666665,3372.256340333318,58.071131729399916,2689.8213333333333,3334.209824053334,57.74261705234128,16.5,0.0010333333333332655,0.032145502536642126,3,0,0.0,2116.0625,0.6273032499997518,0.7920247786526328,2720.486533333333,4.662979123334095,2.1593932303621997,1.0,0.0,0.0,1.0,0.0,0.0,1.0,0.0,0.0,1.0,0.0,0.0,0.9988888888888889,3.703703703703628e-06,0.001924500897298733,0.9992222222222222,4.814814814814618e-07,0.0006938886664886967,0.10771281160427884,1.5284164023649402e-06,0.00123629139055683,0.10771281160427884,1.5284164023649402e-06,0.00123629139055683,2.4813953164543925,0.0001682601700907555,0.012971513793337903,303.1163132328308,0.0015181588932946376,0.0389635585296651,85.23333333333333,0.0033333333333329545,0.05773502691895929,1.0,0.0,0.0,10,0,0.0,0.0,0.0,0.0,0.0,0.0,0.0
heat_latency_loss,2000,0.4,500,3,0,60,3600,0,0,300,3,17.503333333333334,0.19737777777777776,0.44427218884123026,2.1555555555555554,0.017670370370370413,0.13292994534855723,6024.1105,4.428975249999672,2.104513067196227,8703.9521,330480.52082017,574.8743522024356,20.784444444444443,0.003392592592592619,0.05824596632036092,3.178888888888889,0.006714814814814831,0.08194397363329918,6024.681666666666,0.1450363333332202,0.38083636030875545,8372.706133333333,330372.1485674642,574.780087135475,0.9744444444444444,0.00013703703703703683,0.011706281947614146,0.9744444444444444,0.00013703703703703683,0.011706281947614146,1.0,0.0,0.0,0.9744444444444444,0.00013703703703703683,0.011706281947614146,0.9366666666666666,0.0003444444444444437,0.01855921454276672,0.9354444444444444,0.00018381481481481504,0.013557832231400972,0.6386216770200138,5.858570390776358e-06,0.002420448386307041,0.6386216770200138,5.858570390776358e-06,0.002420448386307041,5.0,0.0,0.0,1002.2568894472362,7.050074492890674e-07,0.0008396472171627007,85.2,0.0,0.0,1.0,0.0,0.0,10,0,0.0,0.0,0.0,0.0,0.0,0.0,0.0
heat_latency_loss,2000,0.4,600,3,0,60,3600,0,0,300,3,10,0,0.0,0,0,0.0,4022.545166666667,0.009340333333366351,0.09664539995967915,4024.9115666666667,0.11127856333309932,0.33358441710172754,18.912222222222223,0.02629259259259272,0.1621499077785514,8.912222222222223,0.02629259259259242,0.16214990777855046,4023.9501666666665,0.25885358333329134,0.5087765554084537,4027.4801333333335,1.3400724033336127,1.1576149633334967,0.15555555555555556,0.0005481481481481481,0.023412563895228305,0.15555555555555556,0.0005481481481481481,0.023412563895228305,1.0,0.0,0.0,0.15555555555555556,0.0005481481481481481,0.023412563895228305,0.04777777777777778,0.00011481481481481477,0.010715167512214392,0.041555555555555554,4.2481481481481484e-05,0.006517781944916651,1.0,0.0,0.0,1.0,0.0,0.0,5.0,0.0,0.0,nan,0.0,0.0,85.23333333333333,0.0033333333333329545,0.05773502691895929,1.0,0.0,0.0,10,0,0.0,0.0,0.0,0.0,0.0,0.0,0.0
heat_latency_loss,2000,0.5,0,3,0,60,3600,0,0,300,3,13.522222222222222,0.0006703703703703371,0.025891511550512787,1.7233333333333332,3.3333333333333396e-05,0.005773502691896263,2346.287333333333,12972.356930583372,113.89625512098004,3084.6007666666665,13307.607532723292,115.3586040688916,16.702222222222222,0.011792592592592917,0.10859370420329587,3,0,0.0,2280.7413333333334,13149.971035083372,114.67332311868952,3151.1702,13243.621200119982,115.08093326055355,1.0,0.0,0.0,1.0,0.0,0.0,1.0,0.0,0.0,1.0,0.0,0.0,0.9988888888888889,3.703703703703628e-06,0.001924500897298733,0.9993333333333333,0.0,0.0,0.23695863287531438,3.4601138971600816e-06,0.0018601381392681785,0.23695863287531438,3.4601138971600816e-06,0.0018601381392681785,3.0471198877852683,0.00016346721595488558,0.012785429830666061,201.46826130653267,0.00026621153506234656,0.016315990164937785,85.23333333333333,0.0033333333333329545,0.05773502691895929,1.0,0.0,0.0,10,0,0.0,0.0,0.0,0.0,0.0,0.0,0.0
heat_latency_loss,2000,0.5,10,3,0,60,3600,0,0,300,3,13.562222222222223,0.0236037037037037,0.1536349690132546,1.7277777777777779,0.0010037037037037009,0.031681283176407185,2465.9535,170.65174574999696,13.06337420998101,3211.293466666667,5500.882233643296,74.16793265046084,16.547777777777778,0.005081481481481523,0.07128451081042447,3,0,0.0,2459.6486666666665,479.1339430833341,21.88912842219475,3194.6641333333337,9705.765272423334,98.51784240645617,1.0,0.0,0.0,1.0,0.0,0.0,1.0,0.0,0.0,1.0,0.0,0.0,0.9988888888888889,3.703703703703628e-06,0.001924500897298733,0.9993333333333333,4.4444444444442056e-07,0.0006666666666666488,0.244005883152937,5.2671062057938016e-05,0.007257483176552186,0.244005883152937,5.2671062057938016e-05,0.007257483176552186,3.0679322387394588,0.0003941138261330521,0.019852300273093093,223.67061306532665,0.0026142267366980948,0.051129509450982366,85.23333333333333,0.0033333333333329545,0.05773502691895929,1.0,0.0,0.0,10,0,0.0,0.0,0.0,0.0,0.0,0.0,0.0
heat_latency_loss,2000,0.5,100,3,0,60,3600,0,0,300,3,13.947777777777778,0.025225925925925707,0.15882671666292705,1.7744444444444445,0.004159259259259261,0.06449231938191757,3055.434333333333,3212.4731123333318,56.67868305044968,3959.9673666666667,13254.360911213307,115.1275853616904,17.053333333333335,0.052011111111110744,0.22805944644129686,3,0,0.0,3087.7166666666667,12645.956489083339,112.45424175674006,3959.534,53103.201591369776,230.4413191929125,1.0,0.0,0.0,1.0,0.0,0.0,1.0,0.0,0.0,1.0,0.0,0.0,0.9988888888888889,3.703703703703628e-06,0.001924500897298733,0.9996666666666667,1.1111111111112364e-07,0.00033333333333335213,0.31230760859428003,3.7679548551989005e-05,0.006138366928751409,0.31230760859428003,3.7679548551989005e-05,0.006138366928751409,3.715767293854429,0.00020555536025365097,0.014337201967387185,403.3123266331658,0.0016987785409480671,0.041216241227798385,85.23333333333333,0.0033333333333329545,0.05773502691895929,1.0,0.0,0.0,10,0,0.0,0.0,0.0,0.0,0.0,0.0,0.0
heat_latency_loss,2000,0.5,150,3,0,60,3600,0,0,300,3,14.132222222222222,0.014114814814814837,0.1188057861167327,1.7844444444444445,0.003792592592592594,0.06158402871356009,3421.2791666666667,0.9835190833331763,0.9917253063894136,4327.096333333334,4.597213843334549,2.1441114344489067,17.16777777777778,0.018603703703703615,0.13639539473055393,3,0,0.0,3438.0551666666665,857.0705645833308,29.275767531925286,4292.3402,3179.1930243099655,56.38433314591887,1.0,0.0,0.0,1.0,0.0,0.0,1.0,0.0,0.0,1.0,0.0,0.0,0.9988888888888889,3.703703703703628e-06,0.001924500897298733,0.9994444444444445,3.7037037037053553e-08,0.00019245008972991817,0.31175531341488844,1.4246722554832798e-05,0.0037744830844544525,0.31175531341488844,1.4246722554832798e-05,0.0037744830844544525,3.7276672844462246,0.0006906422229872499,0.026280072735577614,503.295581239531,0.002145278056948516,0.04631714646811174,85.23333333333333,0.0033333333333329545,0.05773502691895929,1.0,0.0,0.0,10,0,0.0,0.0,0.0,0.0,0.0,0.0,0.0
heat_latency_loss,2000,0.5,200,3,0,60,3600,0,0,300,3,14.62888888888889,0.02011481481481505,0.14182670698713642,1.828888888888889,0.0026703703703703724,0.051675626463259954,3823.0075,0.5628197499998977,0.7502131363818536,4904.674366666668,16316.862406003878,127.73747455623146,17.737777777777776,0.01299259259259266,0.11398505425095283,3,0,0.0,3823.3191666666667,0.4091925833333645,0.6396816265403943,4962.25,13475.522995410074,116.08412034128558,1.0,0.0,0.0,1.0,0.0,0.0,1.0,0.0,0.0,1.0,0.0,0.0,0.9977777777777778,3.703703703703628e-06,0.001924500897298733,0.9994444444444445,3.7037037037053553e-08,0.00019245008972991817,0.4061258940413252,3.5136216844813506e-06,0.0018744657064031207,0.4061258940413252,3.5136216844813506e-06,0.0018744657064031207,4.2210425887184675,3.836802918583813e-06,0.0019587758724733703,603.0216147403685,0.004377698778644645,0.06616418048041285,85.23333333333333,0.0033333333333329545,0.05773502691895929,1.0,0.0,0.0,10,0,0.0,0.0,0.0,0.0,0.0,0.0,0.0
heat_latency_loss,2000,0.5,25,3,0,60,3600,0,0,300,3,13.64,0.0036333333333333916,0.060277137733417564,1.7733333333333334,0.00021111111111111347,0.01452966314513566,2537.364666666667,820.557035083333,28.645366729775567,3391.7355333333335,3526.5050888433234,59.38438421709299,16.58555555555556,0.0006259259259259164,0.025018511664883593,3,0,0.0,2522.641,2318.0400030000146,48.146027904698585,3292.5616666666665,3338.4979288033255,57.779736316491835,1.0,0.0,0.0,1.0,0.0,0.0,1.0,0.0,0.0,1.0,0.0,0.0,0.9988888888888889,3.703703703703628e-06,0.001924500897298733,0.9997777777777778,1.4814814814816485e-07,0.0003849001794597722,0.2382576291507261,5.788949519224067e-07,0.0007608514650852731,0.2382576291507261,5.788949519224067e-07,0.0007608514650852731,3.0556901658176807,0.00027307129918538323,0.016524869112503834,253.67946398659967,0.004900309091520726,0.07000220776176082,85.2,0.0,0.0,1.0,0.0,0.0,10,0,0.0,0.0,0.0,0.0,0.0,0.0,0.0
heat_latency_loss,2000,0.5,300,3,0,60,3600,0,0,300,3,15.026666666666667,0.0012444444444444308,0.03527668414752768,1.8733333333333333,4.444444444444354e-05,0.006666666666666599,4588.4130000000005,3136.4748970000064,56.004239991272144,5829.178366666666,0.9807045633324556,0.9903052879453161,18.164444444444445,0.01107037037037046,0.10521582756586796,3,0,0.0,4622.025333333333,0.1402425833334737,0.37448976399025075,5835.701766666668,35854.51686520238,189.35288977251543,1.0,0.0,0.0,1.0,0.0,0.0,1.0,0.0,0.0,1.0,0.0,0.0,0.9955555555555555,1.4814814814815006e-05,0.00384900179459753,0.9946666666666667,4.333333333333341e-06,0.0020816659994661343,0.443017673932078,2.202801746174228e-05,0.004693401480988206,0.443017673932078,2.202801746174228e-05,0.004693401480988206,4.384882407223743,4.742748206364645e-06,0.002177785160745808,802.7683098827471,0.00032474190887369817,0.018020596795714012,85.23333333333333,0.0033333333333329545,0.05773502691895929,1.0,0.0,0.0,10,0,0.0,0.0,0.0,0.0,0.0,0.0,0.0
heat_latency_loss,2000,0.5,400,3,0,60,3600,0,0,300,3,16.592222222222222,0.037070370370370274,0.19253667279344544,2.0855555555555556,0.0002703703703703661,0.01644294287438736,5355.6855,14141.683134249959,118.91880900114144,7572.190433333335,10583.618082742834,102.87671302458509,19.813333333333333,0.03364444444444454,0.18342421989596833,3.077777777777778,0.004537037037037039,0.06735753140545636,5489.042666666666,13769.365223083354,117.3429385309715,7708.932500000002,12409.645867359644,111.39859006001667,0.9888888888888888,9.259259259259317e-05,0.009622504486493794,0.9888888888888888,9.259259259259317e-05,0.009622504486493794,1.0,0.0,0.0,0.9888888888888888,9.259259259259317e-05,0.009622504486493794,0.98,3.333333333333265e-05,0.005773502691896198,0.9733333333333334,8.777777777777842e-06,0.0029627314724385407,0.5640262544017437,5.332584351315447e-05,0.007302454622464591,0.5640262544017437,5.332584351315447e-05,0.007302454622464591,4.7503888521901585,2.3781155869485414e-05,0.004876592649533628,802.9353701842546,0.0022978418305885768,0.0479358094808941,85.23333333333333,0.0033333333333329545,0.05773502691895929,1.0,0.0,0.0,10,0,0.0,0.0,0.0,0.0,0.0,0.0,0.0
heat_latency_loss,2000,0.5,50,3,0,60,3600,0,0,300,3,13.687777777777779,0.0012703703703704024,0.035642255405212535,1.79,0.0017444444444444502,0.041766546953805626,2688.2231666666667,2998.476508583333,54.75834647415253,3525.3157333333334,9706.061724543339,98.51934695552615,16.744444444444444,0.004492592592592478,0.0670268050304688,3,0,0.0,2751.9341666666664,3246.2808573333436,56.97614287869392,3491.451866666667,2931.7333741233306,54.14548341388532,1.0,0.0,0.0,1.0,0.0,0.0,1.0,0.0,0.0,1.0,0.0,0.0,0.9988888888888889,3.703703703703628e-06,0.001924500897298733,0.9996666666666667,0.0,0.0,0.23682576148313936,5.260490876358054e-06,0.002293576001870889,0.23682576148313936,5.260490876358054e-06,0.002293576001870889,3.055709815444884,0.00012113029928681782,0.011005921101244449,303.6868040201005,0.002483451907781197,0.04983424432838524,85.23333333333333,0.0033333333333329545,0.05773502691895929,1.0,0.0,0.0,10,0,0.0,0.0,0.0,0.0,0.0,0.0,0.0
heat_latency_loss,2000,0.5,500,3,0,60,3600,0,0,300,3,17.994444444444444,0.018892592592592402,0.13745032772821025,2.0,0.0004777777777777806,0.021858128414340067,6027.659333333334,1.2765205833335784,1.129832104046251,9710.388866666666,332246.0683007444,576.4079009700894,22.4,0.12023333333333265,0.346746785613555,3.887777777777778,0.015714814814814845,0.12535874446888357,6033.405666666667,6.13560158333321,2.4770146514167433,9376.561133333333,330013.8057237635,574.4682808682857,0.8733333333333334,0.0003111111111111107,0.017638342073763927,0.8733333333333334,0.0003111111111111107,0.017638342073763927,1.0,0.0,0.0,0.8733333333333334,0.0003111111111111107,0.017638342073763927,0.7377777777777778,0.00022592592592592464,0.015030832509409606,0.7271111111111112,5.7481481481481205e-05,0.007581654270769751,0.7484016059424708,1.4926104638454052e-05,0.003863431717845425,0.7484016059424708,1.4926104638454052e-05,0.003863431717845425,5.0,0.0,0.0,1002.241,0.00011200000000106956,0.010583005244308894,85.2,0.0,0.0,1.0,0.0,0.0,10,0,0.0,0.0,0.0,0.0,0.0,0.0,0.0
heat_latency_loss,2000,0.5,600,3,0,60,3600,0,0,300,3,10,0,0.0,0,0,0.0,4022.545,0.014431749999981968,0.12013221882568376,4024.5266666666666,0.01228449333328967,0.11083543356386381,18.669999999999998,0.014699999999999621,0.12124355652981984,8.67,0.01470000000000012,0.1212435565298219,4023.934,0.04443074999998293,0.21078602894874918,4027.0100333333335,0.20244192333341193,0.4499354657430462,0.19,0.0003,0.017320508075688773,0.19,0.0003,0.017320508075688773,1.0,0.0,0.0,0.19,0.0003,0.017320508075688773,0.04,0.0003111111111111112,0.01763834207376394,0.03377777777777778,4.292592592592594e-05,0.006551787994580253,1.0,0.0,0.0,1.0,0.0,0.0,5.0,0.0,0.0,nan,0.0,0.0,85.23333333333333,0.0033333333333329545,0.05773502691895929,1.0,0.0,0.0,10,0,0.0,0.0,0.0,0.0,0.0,0.0,0.0
heat_latency_loss,2000,0.6,0,3,0,60,3600,0,0,300,3,14.383333333333333,0.07453333333333312,0.27300793639257653,1.8855555555555557,0.005137037037037045,0.07167312632386734,3084.7215,13188.724141750014,114.8421705722685,4290.350733333334,13376.698282543375,115.6576771448544,17.435555555555556,0.03938148148148127,0.19844767945602504,3,0,0.0,3085.2058333333334,13226.747996583312,115.00759973403197,4364.407266666668,51033.075267892746,225.90501381751744,1.0,0.0,0.0,1.0,0.0,0.0,1.0,0.0,0.0,1.0,0.0,0.0,0.9966666666666667,1.1111111111111254e-05,0.003333333333333355,0.998,3.4444444444445e-06,0.001855921454276689,0.41354048706190333,0.0001035298926868643,0.01017496401403289,0.41354048706190333,0.0001035298926868643,0.01017496401403289,3.622541880977464,0.0007568760508816916,0.02751138038851725,202.53310050251255,0.3444407103608392,0.5868907141545513,85.2,0.0,0.0,1.0,0.0,0.0,10,0,0.0,0.0,0.0,0.0,0.0,0.0,0.0
heat_latency_loss,2000,0.6,10,3,0,60,3600,0,0,300,3,14.30111111111111,0.006714814814814769,0.0819439736332988,1.8744444444444444,0.0007370370370370393,0.027148426050823633,3195.6276666666668,9390.943104083348,96.90687851790165,4300.218800000001,5621.650120360031,74.9776641431302,17.31222222222222,0.0006703703703702996,0.025891511550512065,3,0,0.0,3198.311666666667,8252.774552583343,90.84478274828633,4363.760666666668,14986.803551543335,122.42060100956593,1.0,0.0,0.0,1.0,0.0,0.0,1.0,0.0,0.0,1.0,0.0,0.0,0.9988888888888889,3.703703703703628e-06,0.001924500897298733,0.999,1.1111111111108664e-07,0.0003333333333332966,0.41825426834278484,3.4157304283456598e-06,0.0018481694804172207,0.41825426834278484,3.4157304283456598e-06,0.0018481694804172207,3.626920644366028,8.330582040838468e-05,0.009127202222389108,224.69710217755443,0.0007734229522822992,0.0278104827768649,85.23333333333333,0.0033333333333329545,0.05773502691895929,1.0,0.0,0.0,10,0,0.0,0.0,0.0,0.0,0.0,0.0,0.0
heat_latency_loss,2000,0.6,100,3,0,60,3600,0,0,300,3,15.238888888888889,0.010503703703703814,0.10248757828978014,1.96,0.00021111111111110975,0.014529663145135532,3825.1075,2.61627699999966,1.6174909582435568,5374.683500000002,14642.512050810445,121.00624798253371,18.128888888888888,0.07949259259259307,0.2819443076080684,3.0233333333333334,0.0005444444444444488,0.023333333333333428,3759.349166666667,13061.475362333309,114.28681184779506,5365.7051,53428.982291230044,231.1471009795062,0.9966666666666667,1.1111111111111254e-05,0.003333333333333355,0.9966666666666667,1.1111111111111254e-05,0.003333333333333355,1.0,0.0,0.0,0.9966666666666667,1.1111111111111254e-05,0.003333333333333355,0.9933333333333333,3.3333333333333396e-05,0.005773502691896263,0.9935555555555555,6.259259259259274e-06,0.0025018511664883815,0.49685908974198506,9.295013050881285e-05,0.009641064801608422,0.49685908974198506,9.295013050881285e-05,0.009641064801608422,4.135773208173151,0.00029971338690086406,0.017312232291095915,403.67764489112227,0.009934486157757924,0.09967189251618494,85.23333333333333,0.0033333333333329545,0.05773502691895929,1.0,0.0,0.0,10,0,0.0,0.0,0.0,0.0,0.0,0.0,0.0
heat_latency_loss,2000,0.6,150,3,0,60,3600,0,0,300,3,15.402222222222223,0.018670370370370323,0.13663956370821126,1.9822222222222223,0.0014703703703703701,0.0383454087260831,4091.2476666666666,13214.499564583362,114.95433686722464,5733.7055,10832.277364360025,104.07822713882105,18.38888888888889,0.002692592592592507,0.0518901974614908,3.0155555555555558,0.00018148148148148296,0.013471506281091323,4090.506,3245.0708572499825,56.965523408900424,5798.480233333334,23134.60721134329,152.1006482936325,0.9977777777777778,3.703703703703628e-06,0.001924500897298733,0.9977777777777778,3.703703703703628e-06,0.001924500897298733,1.0,0.0,0.0,0.9977777777777778,3.703703703703628e-06,0.001924500897298733,0.99,1.1111111111110885e-05,0.0033333333333332993,0.9908888888888889,7.814814814814721e-06,0.0027954990278686773,0.5005080938283027,8.126877099499844e-07,0.0009014919355989739,0.5005080938283027,8.126877099499844e-07,0.0009014919355989739,4.1414035768520705,5.867041552446643e-05,0.007659661580283194,503.61252931323287,0.0005838943797719802,0.02416390655030722,85.23333333333333,0.0033333333333329545,0.05773502691895929,1.0,0.0,0.0,10,0,0.0,0.0,0.0,0.0,0.0,0.0,0.0
heat_latency_loss,2000,0.6,200,3,0,60,3600,0,0,300,3,16.233333333333334,0.01847777777777768,0.13593299002735754,2.0155555555555553,0.0004925925925925919,0.022194427061597962,4625.496166666667,0.01896508333334457,0.13771377321584277,6517.872833333336,10748.489444362745,103.67492196458478,19.78111111111111,0.048014814814814864,0.21912283042808403,3.101111111111111,0.0012703703703703807,0.035642255405212236,4693.415333333333,13268.582033583343,115.18933124896309,6846.053966666668,144.00483141339635,12.000201307202989,0.9855555555555555,2.5925925925926013e-05,0.005091750772173164,0.9855555555555555,2.5925925925926013e-05,0.005091750772173164,1.0,0.0,0.0,0.9855555555555555,2.5925925925926013e-05,0.005091750772173164,0.9666666666666667,0.00014444444444444409,0.012018504251546616,0.9638888888888889,9.181481481481502e-05,0.009582004738822404,0.5793981876469846,1.2931385981946107e-05,0.0035960236347869164,0.5793981876469846,1.2931385981946107e-05,0.0035960236347869164,4.4849631439378355,7.123858648768628e-05,0.008440295402868687,603.2947470686768,0.0032820094021150633,0.057288824408562124,85.23333333333333,0.0033333333333329545,0.05773502691895929,1.0,0.0,0.0,10,0,0.0,0.0,0.0,0.0,0.0,0.0,0.0
heat_latency_loss,2000,0.6,25,3,0,60,3600,0,0,300,3,14.402222222222223,0.04047037037037023,0.20117248909920618,1.9033333333333333,0.0014777777777777847,0.03844187531556941,3289.5988333333335,2985.0728730833284,54.635820421069255,4545.316966666666,121963.6532480131,349.232949831503,17.23,0.0174777777777779,0.1322035467670134,3.0155555555555558,0.00018148148148148296,0.013471506281091323,3259.7651666666666,791.6667475833286,28.13657313148367,4428.819233333334,6898.5484412632195,83.05750081276958,0.9977777777777778,3.703703703703628e-06,0.001924500897298733,0.9977777777777778,3.703703703703628e-06,0.001924500897298733,1.0,0.0,0.0,0.9977777777777778,3.703703703703628e-06,0.001924500897298733,0.9977777777777778,3.703703703703628e-06,0.001924500897298733,0.9977777777777778,4.48148148148158e-06,0.002116950987028651,0.42313037098420847,1.9667484479525003e-05,0.0044348037701261375,0.42313037098420847,1.9667484479525003e-05,0.0044348037701261375,3.6560581646752,0.0002634966691314699,0.016232580482827427,387.2884405360134,13100.998087798704,114.45959150634211,85.23333333333333,0.0033333333333329545,0.05773502691895929,1.0,0.0,0.0,10,0,0.0,0.0,0.0,0.0,0.0,0.0,0.0
heat_latency_loss,2000,0.6,300,3,0,60,3600,0,0,300,3,17.09,0.17667777777777852,0.42033055774922967,2.1455555555555557,0.00549259259259258,0.0741120273140101,5293.740833333333,51738.51979508341,227.4610291788099,7505.220499999999,94490.03335441012,307.3923118010763,20.515555555555554,0.0003592592592592216,0.018954135676923427,3.1244444444444444,0.013248148148148162,0.11510060012071249,5392.263666666667,3221.28005908333,56.75632175435024,7775.107466666666,13790.042244503291,117.43101057430823,0.9822222222222222,0.00027037037037036906,0.01644294287438745,0.9822222222222222,0.00027037037037036906,0.01644294287438745,1.0,0.0,0.0,0.9822222222222222,0.00027037037037036906,0.01644294287438745,0.9622222222222222,7.037037037036992e-05,0.008388704928078583,0.9595555555555556,0.00011848148148148262,0.010884919911578708,0.6096564439090465,8.046899862874186e-06,0.0028367058118307204,0.6096564439090465,8.046899862874186e-06,0.0028367058118307204,4.590268223940882,3.1980786926648046e-05,0.005655155782703784,802.9774740368509,0.0007152268966278029,0.026743726304084905,85.23333333333333,0.0033333333333329545,0.05773502691895929,1.0,0.0,0.0,10,0,0.0,0.0,0.0,0.0,0.0,0.0,0.0
heat_latency_loss,2000,0.6,400,3,0,60,3600,0,0,300,3,18.488888888888887,0.06268148148148148,0.25036269986058524,2.1822222222222223,0.0032481481481481528,0.05699252712547631,5896.4685,13173.85105675003,114.77739784796496,8927.782100000004,14653.842099790401,121.05305489656344,21.753333333333334,0.06341111111111127,0.25181562920341394,3.458888888888889,0.00018148148148148296,0.013471506281091323,5897.516666666666,3478.328678583333,58.977357338077915,8852.154166666669,36951.43871170255,192.22757011340113,0.9344444444444444,3.703703703703628e-06,0.001924500897298733,0.9344444444444444,3.703703703703628e-06,0.001924500897298733,1.0,0.0,0.0,0.9344444444444444,3.703703703703628e-06,0.001924500897298733,0.84,0.0003444444444444437,0.01855921454276672,0.8452222222222222,0.00010059259259259274,0.010029585863463792,0.7054839316500853,2.6726815955968964e-05,0.005169798444424015,0.7054839316500853,2.6726815955968964e-05,0.005169798444424015,4.843145134939625,1.0278799617484047e-05,0.0032060567084011547,803.2057353433836,0.005386642593215327,0.07339375036891987,85.2,0.0,0.0,1.0,0.0,0.0,10,0,0.0,0.0,0.0,0.0,0.0,0.0,0.0
heat_latency_loss,2000,0.6,50,3,0,60,3600,0,0,300,3,14.464444444444444,0.031181481481481574,0.1765827893127798,1.9111111111111112,0.000992592592592596,0.031505437508350775,3424.6936666666666,9578.279161333332,97.86868325124912,4630.417366666667,10287.217315663329,101.42592033431754,17.314444444444444,0.028181481481481696,0.16787340909590684,3,0,0.0,3440.5253333333335,841.6375315833272,29.01098984149502,4529.687199999999,29754.687719009962,172.4954715898651,1.0,0.0,0.0,1.0,0.0,0.0,1.0,0.0,0.0,1.0,0.0,0.0,0.9988888888888889,3.703703703703628e-06,0.001924500897298733,0.9987777777777778,1.8148148148148715e-06,0.001347150628109148,0.41708342645897106,1.6407153186760007e-05,0.004050574426764679,0.41708342645897106,1.6407153186760007e-05,0.004050574426764679,3.6305592156426063,0.00035328430083391733,0.01879585860858496,370.8169698492462,13212.07828121898,114.94380488403444,85.23333333333333,0.0033333333333329545,0.05773502691895929,1.0,0.0,0.0,10,0,0.0,0.0,0.0,0.0,0.0,0.0,0.0
heat_latency_loss,2000,0.6,500,3,0,60,3600,0,0,300,3,16.641111111111112,0.12543703703703774,0.35417091500720066,1.4855555555555555,0.0045037037037037025,0.06710963942462887,5028.745666666667,1.8225653333343168,1.350024197314373,9377.541133333334,336975.5410886533,580.4959440759714,22.182222222222222,0.06813703703703744,0.2610307204852284,5.343333333333334,0.03567777777777773,0.1888856208867624,5362.6925,332732.4385732497,576.8296443259914,9045.0628,1.8642006299972655,1.3653573268552324,0.6655555555555556,0.0007370370370370379,0.02714842605082361,0.6655555555555556,0.0007370370370370379,0.02714842605082361,1.0,0.0,0.0,0.6655555555555556,0.0007370370370370379,0.02714842605082361,0.43777777777777777,0.0008037037037037046,0.028349668493717957,0.43622222222222223,0.00048637037037037003,0.0220538062558455,0.8394212271358076,1.6793958568573784e-05,0.004098043260944641,0.8394212271358076,1.6793958568573784e-05,0.004098043260944641,5.0,0.0,0.0,1002.2517922948074,0.000766682188160383,0.02768902649354764,85.23333333333333,0.0033333333333329545,0.05773502691895929,1.0,0.0,0.0,10,0,0.0,0.0,0.0,0.0,0.0,0.0,0.0
heat_latency_loss,2000,0.6,600,3,0,60,3600,0,0,300,3,10,0,0.0,0,0,0.0,4022.511,0.00919375000000232,0.09588404455383763,4024.5729,0.017568070000020076,0.13254459626865245,18.80222222222222,0.008892592592592665,0.09430054396763926,8.802222222222223,0.008892592592592665,0.09430054396763926,4023.7915,0.08767074999999044,0.2960924686647576,4026.8548,0.05661803999996475,0.23794545593468422,0.1711111111111111,0.0001814814814814812,0.013471506281091257,0.1711111111111111,0.0001814814814814812,0.013471506281091257,1.0,0.0,0.0,0.1711111111111111,0.0001814814814814812,0.013471506281091257,0.04,0.0003,0.017320508075688773,0.03844444444444445,0.0001285925925925926,0.011339867397487177,1.0,0.0,0.0,1.0,0.0,0.0,5.0,0.0,0.0,nan,0.0,0.0,85.23333333333333,0.0033333333333329545,0.05773502691895929,1.0,0.0,0.0,10,0,0.0,0.0,0.0,0.0,0.0,0.0,0.0
heat_latency_loss,2000,0.7,0,3,0,60,3600,0,0,300,3,16.494444444444444,0.008237037037037181,0.09075812380738807,2.1755555555555555,0.0012259259259259205,0.03501322501464155,4157.6985,13228.97296075004,115.0172724452725,6436.315033333333,39675.852043343184,199.18798167395337,19.441111111111113,0.08733703703703646,0.2955284030969552,3.1555555555555554,0.003448148148148152,0.05872093449655031,4091.7516666666666,13222.967272583335,114.9911617150785,6168.4411666666665,93733.65549212362,306.1595262148862,0.9777777777777777,7.037037037037078e-05,0.008388704928078635,0.9777777777777777,7.037037037037078e-05,0.008388704928078635,1.0,0.0,0.0,0.9777777777777777,7.037037037037078e-05,0.008388704928078635,0.9655555555555556,7.037037037037078e-05,0.008388704928078635,0.9621111111111111,9.781481481481527e-05,0.009890137249543874,0.6229890566228388,4.955766670990636e-05,0.007039720641467697,0.6229890566228388,4.955766670990636e-05,0.007039720641467697,4.171654333767965,0.0002945733956596115,0.01716314061177649,401.89865494137354,0.0007536427447108339,0.027452554429612447,85.2,0.0,0.0,1.0,0.0,0.0,10,0,0.0,0.0,0.0,0.0,0.0,0.0,0.0
heat_latency_loss,2000,0.7,10,3,0,60,3600,0,0,300,3,16.674444444444443,0.014959259259258922,0.12230805067230416,2.2455555555555553,0.0021814814814814726,0.046706332348852575,4390.311833333333,9253.227776333346,96.19369925485424,6492.483266666668,30748.916992373204,175.35369112845387,19.682222222222222,0.08091481481481552,0.28445529493193744,3.178888888888889,0.006714814814814831,0.08194397363329918,4278.5841666666665,1441.3185940833139,37.964701949091,6373.356966666667,69017.23268330285,262.71131053554365,0.9744444444444444,0.00013703703703703683,0.011706281947614146,0.9744444444444444,0.00013703703703703683,0.011706281947614146,1.0,0.0,0.0,0.9744444444444444,0.00013703703703703683,0.011706281947614146,0.9477777777777777,0.0002703703703703711,0.016442942874387512,0.9434444444444444,0.00012159259259259172,0.011026903127922713,0.6289323665029206,9.548163966341544e-06,0.0030900103505233675,0.6289323665029206,9.548163966341544e-06,0.0030900103505233675,4.181235090318325,9.697321568842814e-05,0.009847497940514035,423.8407336683417,0.00010125807429051788,0.01006270710547206,85.2,0.0,0.0,1.0,0.0,0.0,10,0,0.0,0.0,0.0,0.0,0.0,0.0,0.0
heat_latency_loss,2000,0.7,100,3,0,60,3600,0,0,300,3,17.522222222222222,0.06262592592592552,0.25025172512077815,2.1855555555555553,0.00493703703703704,0.07026405223894391,5027.121166666667,3.428061583333943,1.85150252047734,7451.283500000001,45291.447216390945,212.8178733480601,20.857777777777777,0.038514814814814946,0.19625191671628317,3.3266666666666667,0.0,0.0,5027.728833333334,0.3584403333332029,0.5986988669884076,7251.6825333333345,40752.573138813255,201.87266565539093,0.9533333333333334,0.0,0.0,0.9533333333333334,0.0,0.0,1.0,0.0,0.0,0.9533333333333334,0.0,0.0,0.8722222222222222,4.8148148148148026e-05,0.0069388866648871,0.8785555555555555,9.581481481481515e-05,0.009788504217438697,0.6831804412914547,2.116105846728292e-06,0.0014546841054772998,0.6831804412914547,2.116105846728292e-06,0.0014546841054772998,4.485031056213823,7.41658434642864e-05,0.008611959327835124,404.0574606365159,0.016284587417831318,0.12761107874252658,85.23333333333333,0.0033333333333329545,0.05773502691895929,1.0,0.0,0.0,10,0,0.0,0.0,0.0,0.0,0.0,0.0,0.0
heat_latency_loss,2000,0.7,150,3,0,60,3600,0,0,300,3,17.90111111111111,0.029514814814814813,0.1717987625532117,2.2066666666666666,0.001011111111111109,0.03179797338056482,5297.668833333333,3107.0815270833573,55.741201342304755,7849.4496333333345,71646.61924572369,267.6688611806082,21.076666666666668,0.48203333333333287,0.6942862041934384,3.3966666666666665,0.0016333333333333258,0.04041451884327371,5229.215333333334,71785.7225660835,267.92857735986934,7744.270233333334,190441.73552690327,436.3963055834722,0.9433333333333332,3.3333333333333396e-05,0.005773502691896263,0.9433333333333332,3.3333333333333396e-05,0.005773502691896263,1.0,0.0,0.0,0.9433333333333332,3.3333333333333396e-05,0.005773502691896263,0.8744444444444445,0.00011481481481481518,0.010715167512214411,0.8712222222222222,9.603703703703731e-05,0.009799848827254291,0.684796439414663,6.131779085318536e-06,0.0024762429374595974,0.684796439414663,6.131779085318536e-06,0.0024762429374595974,4.492242040023841,4.057047867886828e-05,0.006369495951711429,503.99070854271355,0.0026736712961789233,0.051707555503803536,85.23333333333333,0.0033333333333329545,0.05773502691895929,1.0,0.0,0.0,10,0,0.0,0.0,0.0,0.0,0.0,0.0,0.0
heat_latency_loss,2000,0.7,200,3,0,60,3600,0,0,300,3,18.46,0.03000000000000014,0.17320508075688815,2.188888888888889,0.0028259259259259205,0.05315943872846966,5665.3315,23477.340119249904,153.2231709606935,8386.763766666669,51544.242612053036,227.03357155287196,22.4,0.009211111111111019,0.09597453365925264,3.8555555555555556,0.007803703703703677,0.08833857426800411,5532.012,9903.384813249915,99.51575158360568,8597.98216666667,86619.63837144227,294.3121444511631,0.8777777777777778,0.0001592592592592602,0.012619796324000645,0.8777777777777778,0.0001592592592592602,0.012619796324000645,1.0,0.0,0.0,0.8777777777777778,0.0001592592592592602,0.012619796324000645,0.7644444444444445,0.0008925925925925935,0.02987628813277502,0.7505555555555555,0.0009592592592592617,0.030971910810591936,0.7416372743016506,3.079321772381773e-05,0.005549163695893079,0.7416372743016506,3.079321772381773e-05,0.005549163695893079,4.691498762662274,0.00010968935057237399,0.010473268380614239,603.4229212730319,0.0039054847688990203,0.06249387785134653,85.2,0.0,0.0,1.0,0.0,0.0,10,0,0.0,0.0,0.0,0.0,0.0,0.0,0.0
heat_latency_loss,2000,0.7,25,3,0,60,3600,0,0,300,3,16.456666666666667,0.021233333333333188,0.1457166199626288,2.1366666666666667,0.005411111111111101,0.07356025496904631,4313.006333333333,1296.0375800833522,36.000521941818455,6443.5727000000015,6012.653149559709,77.54129963806197,19.896666666666665,0.005833333333333499,0.07637626158259841,3.108888888888889,0.0034481481481481485,0.058720934496550276,4403.672333333333,4059.1518315833446,63.71147331198161,6616.565100000001,32104.53540628024,179.17738530930805,0.9844444444444445,7.037037037036992e-05,0.008388704928078583,0.9844444444444445,7.037037037036992e-05,0.008388704928078583,1.0,0.0,0.0,0.9844444444444445,7.037037037036992e-05,0.008388704928078583,0.9333333333333333,4.444444444444428e-05,0.006666666666666654,0.9337777777777778,0.00017048148148148063,0.013056855727221643,0.6258565554203862,1.594395831875742e-05,0.0039929886449572355,0.6258565554203862,1.594395831875742e-05,0.0039929886449572355,4.185949735603874,9.365218369712699e-05,0.009677405835094806,453.932594639866,0.0008607085763833377,0.029337835236829212,85.23333333333333,0.0033333333333329545,0.05773502691895929,1.0,0.0,0.0,10,0,0.0,0.0,0.0,0.0,0.0,0.0,0.0
heat_latency_loss,2000,0.7,300,3,0,60,3600,0,0,300,3,18.493333333333332,0.055677777777777104,0.23596139043872644,2.1133333333333333,0.0012111111111111138,0.03480102169636854,5964.409166666666,3292.883106083372,57.38364842081211,9055.166566666667,115974.89570042201,340.55087094356696,22.711111111111112,0.060514814814814494,0.24599759107522678,4.306666666666667,0.011433333333333323,0.10692676621563622,5865.477666666667,3241.6881023333267,56.93582441954561,9054.313066666668,40014.20252874369,200.0355031706714,0.8133333333333334,0.00023333333333333374,0.01527525231651948,0.8133333333333334,0.00023333333333333374,0.01527525231651948,1.0,0.0,0.0,0.8133333333333334,0.00023333333333333374,0.01527525231651948,0.6988888888888889,0.0002925925925925924,0.01710533813148961,0.6906666666666667,0.00036133333333333395,0.019008769905844353,0.7645785382195238,2.2414304714677182e-05,0.004734374796599566,0.7645785382195238,2.2414304714677182e-05,0.004734374796599566,4.762290198329783,2.5983121281965965e-05,0.005097364150417936,803.0673417085427,0.0015685029923490294,0.0396043304746972,85.2,0.0,0.0,1.0,0.0,0.0,10,0,0.0,0.0,0.0,0.0,0.0,0.0,0.0
heat_latency_loss,2000,0.7,400,3,0,60,3600,0,0,300,3,16.73,0.39621111111110974,0.6294530253411368,1.5444444444444443,0.022159259259259264,0.14885986450101069,5560.533,212839.1078992497,461.3448904011507,8783.551766666667,99213.23516165379,314.9813250998443,22.326666666666668,0.32763333333333405,0.5723926391327321,5.208888888888889,0.011070370370370371,0.10521582756586753,5331.042833333333,270012.9085400831,519.62766337069,9113.442066666667,214179.733314403,462.7955631965404,0.6844444444444444,0.00022592592592592464,0.015030832509409606,0.6844444444444444,0.00022592592592592464,0.015030832509409606,1.0,0.0,0.0,0.6844444444444444,0.00022592592592592464,0.015030832509409606,0.4877777777777778,0.0013814814814814822,0.0371682859637283,0.48633333333333334,0.0006867777777777782,0.026206445348001286,0.8284301698332759,3.1545171309481503e-05,0.005616508818606226,0.8284301698332759,3.1545171309481503e-05,0.005616508818606226,4.909103338118778,1.1280000304653664e-05,0.0033585711701039868,803.2363450586265,0.00194470933394097,0.044098858646692544,85.23333333333333,0.0033333333333329545,0.05773502691895929,1.0,0.0,0.0,10,0,0.0,0.0,0.0,0.0,0.0,0.0,0.0
heat_latency_loss,2000,0.7,50,3,0,60,3600,0,0,300,3,16.755555555555556,0.14810370370370446,0.38484244010205587,2.2044444444444444,0.007125925925925901,0.08441519961432242,4544.7715,25649.07142075005,160.15327477373057,6914.010266666667,66515.08694594394,257.90518983910334,19.815555555555555,0.04924814814814775,0.2219192378955636,3.1322222222222225,0.00018148148148148296,0.013471506281091323,4528.098166666667,2517.735017583358,50.177036755704876,6747.025866666668,65493.37951940259,255.91674333541093,0.981111111111111,3.703703703703628e-06,0.001924500897298733,0.981111111111111,3.703703703703628e-06,0.001924500897298733,1.0,0.0,0.0,0.981111111111111,3.703703703703628e-06,0.001924500897298733,0.9333333333333333,0.00014444444444444409,0.012018504251546616,0.9354444444444444,0.00011125925925925851,0.010547950476716247,0.6261515748669547,2.9382619762148493e-05,0.005420573748428159,0.6261515748669547,2.9382619762148493e-05,0.005420573748428159,4.190395996431885,7.740646784758661e-05,0.008798094557777076,503.97070351758794,0.002892565212998809,0.053782573506655565,85.2,0.0,0.0,1.0,0.0,0.0,10,0,0.0,0.0,0.0,0.0,0.0,0.0,0.0
heat_latency_loss,2000,0.7,500,3,0,60,3600,0,0,300,3,14.19111111111111,0.023803703703703532,0.1542844895111091,0.8333333333333334,0.00027777777777777767,0.016666666666666663,4856.104333333334,82123.75844233354,286.57243140667515,7705.6102,331464.19550880947,575.7292727565705,20.946666666666665,0.1905333333333347,0.43650124092989095,7.254444444444444,0.037748148148148065,0.19428882661683886,4024.4178333333334,0.11721358333339527,0.3423646934679382,7702.527933333334,331302.0720120131,575.5884571566851,0.39222222222222225,0.0007703703703703704,0.027755546659548436,0.39222222222222225,0.0007703703703703704,0.027755546659548436,1.0,0.0,0.0,0.39222222222222225,0.0007703703703703704,0.027755546659548436,0.21888888888888888,0.0002925925925925924,0.01710533813148961,0.22433333333333333,0.00020144444444444458,0.01419311257069585,0.909225653497443,1.7973287453647777e-07,0.0004239491414503369,0.909225653497443,1.7973287453647777e-07,0.0004239491414503369,5.0,0.0,0.0,1002.2285460636516,0.0005186948393566703,0.02277487298222913,85.23333333333333,0.0033333333333329545,0.05773502691895929,1.0,0.0,0.0,10,0,0.0,0.0,0.0,0.0,0.0,0.0,0.0
heat_latency_loss,2000,0.7,600,3,0,60,3600,0,0,300,3,10,0,0.0,0,0,0.0,4022.3424999999997,0.002484750000016751,0.04984726672563653,4024.4754,0.05459571000006532,0.23365724897821022,18.81,0.008711111111111182,0.09333333333333371,8.81,0.008711111111111182,0.09333333333333371,4023.6105000000002,0.04881224999995488,0.22093494517607412,4026.973966666667,0.1261391233332796,0.3551607007162808,0.17,0.0001777777777777775,0.013333333333333322,0.17,0.0001777777777777775,0.013333333333333322,1.0,0.0,0.0,0.17,0.0001777777777777775,0.013333333333333322,0.03888888888888889,1.481481481481482e-05,0.0038490017945975057,0.04088888888888889,1.0814814814814814e-05,0.0032885885748774983,1.0,0.0,0.0,1.0,0.0,0.0,5.0,0.0,0.0,nan,0.0,0.0,85.23333333333333,0.0033333333333329545,0.05773502691895929,1.0,0.0,0.0,10,0,0.0,0.0,0.0,0.0,0.0,0.0,0.0
heat_latency_loss,2000,0.8,0,3,0,60,3600,0,0,300,3,16.897777777777776,0.0244148148148149,0.156252407388862,1.6722222222222223,0.007881481481481484,0.08877770824639192,5028.394,0.6457930000004022,0.8036124687935113,7859.246233333337,35104.8041460126,187.36276083046118,21.915555555555557,0.007937037037037123,0.08909005015733869,4.883333333333334,0.0023111111111110876,0.04807401700618628,5028.743666666666,0.24893908333349027,0.4989379553947467,7784.500266666668,51576.7161229227,227.10507727244385,0.7311111111111112,4.814814814814778e-05,0.006938886664887083,0.7311111111111112,4.814814814814778e-05,0.006938886664887083,1.0,0.0,0.0,0.7311111111111112,4.814814814814778e-05,0.006938886664887083,0.5288888888888889,0.0018925925925925942,0.04350393766767089,0.5247777777777778,0.001284259259259259,0.035836563161933635,0.8133874874052687,1.650333062903794e-05,0.004062429153725384,0.8133874874052687,1.650333062903794e-05,0.004062429153725384,4.612268476182477,6.842927735826508e-05,0.00827219906423105,402.1738659966499,0.0018712619967506871,0.043258085911777086,85.23333333333333,0.0033333333333329545,0.05773502691895929,1.0,0.0,0.0,10,0,0.0,0.0,0.0,0.0,0.0,0.0,0.0
heat_latency_loss,2000,0.8,10,3,0,60,3600,0,0,300,3,17.136666666666667,0.050633333333333745,0.2250185177565032,1.8,0.010900000000000019,0.10440306508910559,5035.654333333333,184.81800358334047,13.59477854116574,7947.3511333333345,7774.685675703296,88.17417805516133,21.756666666666668,0.2468999999999993,0.49689032995219307,4.96,0.015244444444444444,0.12346839451634756,5027.9865,1.1675530000000451,1.0805336644455115,7818.868600000002,93860.86535409006,306.36720672110135,0.72,0.0003111111111111114,0.017638342073763944,0.72,0.0003111111111111114,0.017638342073763944,1.0,0.0,0.0,0.72,0.0003111111111111114,0.017638342073763944,0.52,0.0008111111111111104,0.02848001248439176,0.5282222222222223,0.0005173703703703719,0.022745776978823386,0.8136584572979999,3.522396061383773e-05,0.005934977726482023,0.8136584572979999,3.522396061383773e-05,0.005934977726482023,4.606426209964752,0.0001737058147678493,0.013179750178506772,424.07609882747073,0.0007602950009685289,0.027573447389989684,85.23333333333333,0.0033333333333329545,0.05773502691895929,1.0,0.0,0.0,10,0,0.0,0.0,0.0,0.0,0.0,0.0,0.0
heat_latency_loss,2000,0.8,100,3,0,60,3600,0,0,300,3,16.144444444444446,0.021492592592592376,0.14660352176053745,1.4077777777777778,0.004248148148148141,0.06517781944916645,4959.592,12957.852969749902,113.83256550631678,7980.980166666666,53271.42035289308,230.80602321623473,21.52,0.09663333333333264,0.3108590248542459,5.761111111111111,0.04428148148148147,0.21043165513173503,4762.548833333333,13082.201897333343,114.37745362322656,7532.204166666671,255878.15172089392,505.8439993920002,0.6055555555555556,0.0009037037037037052,0.03006166501881932,0.6055555555555556,0.0009037037037037052,0.03006166501881932,1.0,0.0,0.0,0.6055555555555556,0.0009037037037037052,0.03006166501881932,0.4033333333333333,0.0021777777777777785,0.046666666666666676,0.40700000000000003,0.0016387777777777774,0.04048182033676077,0.8491598207572186,2.262729440369185e-05,0.0047568155738573524,0.8491598207572186,2.262729440369185e-05,0.0047568155738573524,4.764851005459187,7.848082953981071e-05,0.008858940655620779,405.17495477386933,1.232982381530702,1.1103973980205024,85.23333333333333,0.0033333333333329545,0.05773502691895929,1.0,0.0,0.0,10,0,0.0,0.0,0.0,0.0,0.0,0.0,0.0
heat_latency_loss,2000,0.8,150,3,0,60,3600,0,0,300,3,16.364444444444445,0.021625925925926163,0.14705755990742592,1.4755555555555555,0.004192592592592595,0.06475023237481542,4994.205166666667,3194.187231083328,56.51714103777125,8080.469300000001,24124.173513970043,155.31958509463655,21.907777777777778,0.02899259259259294,0.17027211337325013,5.87,0.0021777777777777954,0.046666666666666856,4993.899666666666,3223.4731640832765,56.775638825849214,8118.631100000001,11732.583512109893,108.31705088355154,0.59,4.444444444444428e-05,0.006666666666666654,0.59,4.444444444444428e-05,0.006666666666666654,1.0,0.0,0.0,0.59,4.444444444444428e-05,0.006666666666666654,0.3977777777777778,0.0032259259259259255,0.05679723519614247,0.40199999999999997,0.0009907777777777784,0.03147662271873808,0.8502651535366673,7.466027966958818e-06,0.0027324033316768626,0.8502651535366673,7.466027966958818e-06,0.0027324033316768626,4.77052047616271,2.9999963403358976e-05,0.005477222234249673,570.7345209380235,13177.257003397293,114.79223407268147,85.23333333333333,0.0033333333333329545,0.05773502691895929,1.0,0.0,0.0,10,0,0.0,0.0,0.0,0.0,0.0,0.0,0.0
heat_latency_loss,2000,0.8,200,3,0,60,3600,0,0,300,3,15.262222222222222,0.0585148148148151,0.24189835637063578,1.1588888888888889,0.001781481481481488,0.042207599807161364,4760.594,13459.267927750067,116.01408504035217,7642.336266666667,121042.40867306324,347.9114954597839,21.625555555555557,0.03095925925925947,0.17595243464999133,6.297777777777777,0.011070370370370364,0.1052158275658675,4894.428666666667,52815.060388083344,229.81527448819267,7845.258066666666,119639.71069204307,345.88973776630473,0.5288888888888889,0.00022592592592592637,0.015030832509409663,0.5288888888888889,0.00022592592592592637,0.015030832509409663,1.0,0.0,0.0,0.5288888888888889,0.00022592592592592637,0.015030832509409663,0.29777777777777775,0.0009592592592592592,0.030971910810591897,0.3032222222222222,0.0014588148148148151,0.03819443434343301,0.8775175158771553,6.621131123610591e-06,0.002573155868502837,0.8775175158771553,6.621131123610591e-06,0.002573155868502837,4.8561697998552695,3.061783474032692e-05,0.0055333384805492354,603.5612311557788,0.010542455392535222,0.1026764597779609,85.23333333333333,0.0033333333333329545,0.05773502691895929,1.0,0.0,0.0,10,0,0.0,0.0,0.0,0.0,0.0,0.0,0.0
heat_latency_loss,2000,0.8,25,3,0,60,3600,0,0,300,3,16.85333333333333,0.1680777777777782,0.40997289883329874,1.6744444444444444,0.007848148148148135,0.08858977451234502,4911.706833333334,40764.04334908322,201.90107317466945,7999.505833333334,33281.71451536347,182.43276710986837,22.254444444444445,0.2586814814814807,0.5086073942457784,4.8822222222222225,0.01651481481481482,0.12850997943667572,5130.212333333333,17861.531500583256,133.64704074757233,7922.373966666669,145528.16111930436,381.48153444079617,0.731111111111111,0.00033703703703703717,0.018358568490953676,0.731111111111111,0.00033703703703703717,0.018358568490953676,1.0,0.0,0.0,0.731111111111111,0.00033703703703703717,0.018358568490953676,0.5,0.0005777777777777767,0.02403700850309324,0.5003333333333333,0.00043611111111111037,0.02088327347690276,0.8153260291483301,4.4796475115488735e-06,0.0021165177796439306,0.8153260291483301,4.4796475115488735e-06,0.0021165177796439306,4.612828294375573,8.50224830478604e-05,0.009220763691140794,454.13329648241205,0.006088713694101219,0.07803021013749238,85.23333333333333,0.0033333333333329545,0.05773502691895929,1.0,0.0,0.0,10,0,0.0,0.0,0.0,0.0,0.0,0.0,0.0
heat_latency_loss,2000,0.8,300,3,0,60,3600,0,0,300,3,14.713333333333333,0.04604444444444425,0.2145796925257473,0.9755555555555555,0.0005592592592592611,0.023648662948658663,4692.072,13231.994160999984,115.03040537614385,7782.653166666668,223664.59673960437,472.9319155434579,21.554444444444446,0.0006259259259258532,0.02501851166488233,6.702222222222222,0.008892592592592665,0.09430054396763926,4692.582333333334,13163.468726083272,114.73216081850491,7984.563666666668,10541.516660902797,102.671888367278,0.4711111111111111,0.00018148148148148155,0.013471506281091271,0.4711111111111111,0.00018148148148148155,0.013471506281091271,1.0,0.0,0.0,0.4711111111111111,0.00018148148148148155,0.013471506281091271,0.25666666666666665,0.0004333333333333328,0.020816659994661316,0.25366666666666665,0.00034533333333333296,0.018583146486355128,0.8905211888489438,4.510481766037986e-06,0.0021237894825142122,0.8905211888489438,4.510481766037986e-06,0.0021237894825142122,4.892929490266452,2.959041844523736e-06,0.0017201865725913965,803.1189430485762,0.0074516976170573524,0.08632321597958079,85.23333333333333,0.0033333333333329545,0.05773502691895929,1.0,0.0,0.0,10,0,0.0,0.0,0.0,0.0,0.0,0.0,0.0
heat_latency_loss,2000,0.8,400,3,0,60,3600,0,0,300,3,13.447777777777778,0.20645925925925898,0.4543778815691395,0.6933333333333334,0.004433333333333333,0.06658328118479392,4024.7058333333334,1.044593083333442,1.02205336618664,6973.140466666667,13623.113594063387,116.71809454434812,20.67888888888889,0.011914814814814564,0.10915500361785786,7.2155555555555555,0.03121481481481471,0.17667714853600822,4025.211,0.09620624999995603,0.3101713236260825,6970.8579666666665,14217.939810253192,119.23900289021707,0.3977777777777778,0.0006370370370370378,0.02523959264800123,0.3977777777777778,0.0006370370370370378,0.02523959264800123,1.0,0.0,0.0,0.3977777777777778,0.0006370370370370378,0.02523959264800123,0.17444444444444443,0.0002703703703703704,0.01644294287438749,0.16722222222222222,0.0002662592592592593,0.016317452597120034,0.9223456037933097,6.301981065239168e-06,0.00251037468622498,0.9223456037933097,6.301981065239168e-06,0.00251037468622498,4.960483422325134,8.280315020644441e-06,0.002877553652087905,869.6181675041876,13222.353664445267,114.98849361760188,85.23333333333333,0.0033333333333329545,0.05773502691895929,1.0,0.0,0.0,10,0,0.0,0.0,0.0,0.0,0.0,0.0,0.0
heat_latency_loss,2000,0.8,50,3,0,60,3600,0,0,300,3,17.066666666666666,0.0901444444444449,0.30024064422467006,1.7444444444444445,0.0026703703703703594,0.05167562646325983,5029.022333333333,0.22680058333324798,0.476235848433576,8126.465866666669,43939.94354924357,209.61856680466923,22.127777777777776,0.1833814814814817,0.42823064052153215,5.31,0.034300000000000094,0.18520259177452159,5095.532666666667,13871.551523083324,117.77755101496773,7749.080000000001,71318.47006011005,267.05518167620346,0.67,0.0006999999999999979,0.026457513110645866,0.67,0.0006999999999999979,0.026457513110645866,1.0,0.0,0.0,0.67,0.0006999999999999979,0.026457513110645866,0.5055555555555555,0.002048148148148149,0.04525647078759179,0.5076666666666667,0.0012537777777777766,0.03540872459970532,0.8178101300055111,2.470315585194973e-07,0.0004970226941694889,0.8178101300055111,2.470315585194973e-07,0.0004970226941694889,4.619877387560129,2.8476894546267565e-05,0.005336374663221049,504.10293969849243,0.009640955051638459,0.09818836515411823,85.23333333333333,0.0033333333333329545,0.05773502691895929,1.0,0.0,0.0,10,0,0.0,0.0,0.0,0.0,0.0,0.0,0.0
heat_latency_loss,2000,0.8,500,3,0,60,3600,0,0,300,3,11.811111111111112,0.011070370370370298,0.10521582756586718,0.33666666666666667,0.0010333333333333338,0.03214550253664319,4022.9463333333333,0.016837583333346055,0.1297597138303952,6031.398766666667,0.7567886533331079,0.8699360053090732,19.753333333333334,0.08053333333333407,0.2837839553839048,8.088888888888889,0.0273925925925925,0.16550707716769245,4023.4438333333333,0.009065083333310133,0.09521073118777175,6031.3133333333335,6.479874823335266,2.5455598251338087,0.2733333333333333,0.0005333333333333336,0.023094010767585035,0.2733333333333333,0.0005333333333333336,0.023094010767585035,1.0,0.0,0.0,0.2733333333333333,0.0005333333333333336,0.023094010767585035,0.09888888888888889,0.00033703703703703706,0.018358568490953672,0.09988888888888889,0.00014692592592592586,0.012121300504728273,0.9598691088864422,1.09534435659666e-06,0.0010465870038351614,0.9598691088864422,1.09534435659666e-06,0.0010465870038351614,5.0,0.0,0.0,1002.2318592964824,0.00010652670387099682,0.010321177445960167,85.2,0.0,0.0,1.0,0.0,0.0,10,0,0.0,0.0,0.0,0.0,0.0,0.0,0.0
heat_latency_loss,2000,0.8,600,3,0,60,3600,0,0,300,3,10,0,0.0,0,0,0.0,4022.481,0.008345249999989698,0.09135233987145429,4024.5247,0.022423209999998625,0.14974381456340233,18.84111111111111,0.004537037037037074,0.06735753140545661,8.841111111111111,0.004537037037037074,0.06735753140545661,4023.8243333333335,0.05853108333343005,0.24193198079921152,4027.2378,0.16502149000007107,0.4062283717320481,0.16555555555555557,9.259259259259255e-05,0.00962250448649376,0.16555555555555557,9.259259259259255e-05,0.00962250448649376,1.0,0.0,0.0,0.16555555555555557,9.259259259259255e-05,0.00962250448649376,0.04666666666666666,0.0002999999999999999,0.01732050807568877,0.03966666666666667,5.877777777777776e-05,0.007666666666666665,1.0,0.0,0.0,1.0,0.0,0.0,5.0,0.0,0.0,nan,0.0,0.0,85.23333333333333,0.0033333333333329545,0.05773502691895929,1.0,0.0,0.0,10,0,0.0,0.0,0.0,0.0,0.0,0.0,0.0
heat_loss_size,1000,0,5,3,0,60,3600,0,0,500,3,13.275333333333334,0.003525333333333291,0.05937451754189916,1.4126666666666665,5.733333333333344e-05,0.007571877794400371,61.675333333333334,0.015180333333333271,0.12320849537809181,70.43106666666667,14.534314243333402,3.8123895712969054,16.207333333333334,0.01717733333333311,0.13106232614040203,3,0,0.0,61.61966666666667,0.02977358333333324,0.17255023423146443,71.19073333333333,18.599217843333317,4.312681050499019,1.0,0.0,0.0,1.0,0.0,0.0,1.0,0.0,0.0,1.0,0.0,0.0,0.9973333333333333,5.333333333333343e-06,0.0023094010767585054,0.9992,3.9999999999991186e-08,0.00019999999999997797,0.0,0.0,0.0,0.0,0.0,0.0,1.0,0.0,0.0,12.331093802345059,2.243343181569017e-05,0.00473639438979591,75.23333333333333,0.0033333333333329545,0.05773502691895929,1.0,0.0,0.0,10,0,0.0,0.0,0.0,0.0,0.0,0.0,0.0
heat_loss_size,1000,0.1,5,3,0,60,3600,0,0,500,3,13.093333333333334,0.027621333333333165,0.1661966706445504,1.4453333333333334,0.002581333333333338,0.05080682368868711,372.66566666666665,5082.479506583332,71.29151076098285,643.9735,45.92894407000009,6.777089646005879,16.043333333333333,0.01656933333333333,0.12872192250480619,3,0,0.0,344.313,4178.499886750002,64.64131717988118,629.8701000000002,121.52926278999743,11.024031149720026,1.0,0.0,0.0,1.0,0.0,0.0,1.0,0.0,0.0,1.0,0.0,0.0,0.9973333333333333,5.333333333333343e-06,0.0023094010767585054,0.9987333333333334,2.1333333333334557e-07,0.00046188021535171385,0.00022955203439825982,4.088362084893661e-08,0.00020219698526174076,0.00022955203439825982,4.088362084893661e-08,0.00020219698526174076,1.2356686882272354,1.689837996283292e-05,0.004110763914752697,12.378333333333334,0.00011033333333332294,0.010503967504391993,75.23333333333333,0.0033333333333329545,0.05773502691895929,1.0,0.0,0.0,10,0,0.0,0.0,0.0,0.0,0.0,0.0,0.0
heat_loss_size,1000,0.2,5,3,0,60,3600,0,0,500,3,12.97,0.001024000000000002,0.03200000000000003,1.4533333333333334,8.933333333333349e-05,0.009451631252505225,656.2598333333333,33.35094758333344,5.775027929225403,1063.3121333333333,79.54361192333447,8.9187225499695,16.004,0.006076000000000129,0.07794870107962114,3,0,0.0,663.009,9.32045275000007,3.0529416551909523,1062.3111333333334,44.04973220333368,6.636997227913666,1.0,0.0,0.0,1.0,0.0,0.0,1.0,0.0,0.0,1.0,0.0,0.0,0.9973333333333333,5.333333333333343e-06,0.0023094010767585054,0.9992,5.199999999999743e-07,0.00072111025509278,0.005466055078957785,1.492943929559935e-07,0.000386386326046864,0.005466055078957785,1.492943929559935e-07,0.000386386326046864,1.553032871382943,5.078335163871052e-05,0.007126243866070717,12.651494137353433,0.0002868006952686276,0.016935191031359157,75.23333333333333,0.0033333333333329545,0.05773502691895929,1.0,0.0,0.0,10,0,0.0,0.0,0.0,0.0,0.0,0.0,0.0
heat_loss_size,1000,0.3,5,3,0,60,3600,0,0,500,3,12.933333333333334,0.003397333333333331,0.0582866479850517,1.4753333333333334,0.0017853333333333365,0.04225320500664224,1064.7171666666668,175.3627315833341,13.242459423510955,1656.8606333333335,165.09233760333572,12.848826312287661,16.008666666666667,0.005049333333333297,0.07105866121264386,3,0,0.0,1073.4628333333333,24.106387583332985,4.909825616387305,1654.9598333333333,185.27633672333468,13.611625058138161,1.0,0.0,0.0,1.0,0.0,0.0,1.0,0.0,0.0,1.0,0.0,0.0,0.9973333333333333,5.333333333333343e-06,0.0023094010767585054,0.9988,5.200000000000409e-07,0.0007211102550928262,0.03394822941761563,1.286029266011841e-06,0.001134032303777913,0.03394822941761563,1.286029266011841e-06,0.001134032303777913,1.9644064086710682,2.648594057926319e-05,0.005146449317661954,13.699239530988274,0.02054297341817992,0.14332820175450442,75.23333333333333,0.0033333333333329545,0.05773502691895929,1.0,0.0,0.0,10,0,0.0,0.0,0.0,0.0,0.0,0.0,0.0
heat_loss_size,1000,0.4,5,3,0,60,3600,0,0,500,3,12.959999999999999,0.004643999999999989,0.0681469001496032,1.4993333333333334,0.0006493333333333344,0.025482019804821877,1654.0106666666666,47.33865208333349,6.880309010744611,2268.4387333333334,933.4122426233395,30.551796062152214,16.02466666666667,0.0013453333333332716,0.03667878587594294,3,0,0.0,1657.9565,0.188446750000004,0.43410453810113986,2269.9927666666667,177.99890617333008,13.341623071175789,1.0,0.0,0.0,1.0,0.0,0.0,1.0,0.0,0.0,1.0,0.0,0.0,0.9973333333333333,5.333333333333343e-06,0.0023094010767585054,0.9988666666666667,9.333333333331278e-08,0.0003055050463303557,0.11049880688161856,7.753734019534492e-06,0.0027845527503594708,0.11049880688161856,7.753734019534492e-06,0.0027845527503594708,2.4811182199910142,0.000206298453643047,0.01436309345660074,213.0583350083752,0.0010454271945999525,0.03233306658206042,75.23333333333333,0.0033333333333329545,0.05773502691895929,1.0,0.0,0.0,10,0,0.0,0.0,0.0,0.0,0.0,0.0,0.0
heat_loss_size,1000,0.5,5,3,0,60,3600,0,0,500,3,13.068,0.005184000000000009,0.07200000000000006,1.5373333333333334,0.003141333333333339,0.05604759881862326,2255.2878333333333,41.11427733333086,6.412041588552811,3038.2362333333335,146.84910426332746,12.118131219925267,16.07133333333333,0.0017373333333333474,0.0416813307529084,3,0,0.0,2262.2078333333334,139.88336558333248,11.827229835567264,3064.622533333333,144.54773432332865,12.02280060232759,1.0,0.0,0.0,1.0,0.0,0.0,1.0,0.0,0.0,1.0,0.0,0.0,0.9973333333333333,5.333333333333343e-06,0.0023094010767585054,0.999,3.6000000000005394e-07,0.0006000000000000449,0.23148069831499235,3.461630753008724e-05,0.005883562486290703,0.23148069831499235,3.461630753008724e-05,0.005883562486290703,3.0393194552500673,0.00034968859270003284,0.018699962371620773,213.6395795644891,0.0002304498960461957,0.015180576275168072,75.23333333333333,0.0033333333333329545,0.05773502691895929,1.0,0.0,0.0,10,0,0.0,0.0,0.0,0.0,0.0,0.0,0.0
heat_loss_size,1000,0.6,5,3,0,60,3600,0,0,500,3,13.73,0.002163999999999946,0.046518813398451445,1.6873333333333334,0.0017053333333333363,0.04129568177586291,3046.456833333333,242.37896808333164,15.568524916745698,4133.721566666668,12440.075096563149,111.5350845992558,16.698666666666668,0.07023333333333365,0.26501572280401337,3,0,0.0,3044.5486666666666,57.24352708333521,7.565945220746395,4103.479266666667,16134.633703053238,127.02217799680983,1.0,0.0,0.0,1.0,0.0,0.0,1.0,0.0,0.0,1.0,0.0,0.0,0.9933333333333333,9.33333333333335e-06,0.003055050463303896,0.9963333333333333,6.533333333332856e-07,0.0008082903768654465,0.42025841131514347,2.670273635389943e-05,0.005167469047212516,0.42025841131514347,2.670273635389943e-05,0.005167469047212516,3.643283655435601,0.0004327639105703855,0.020802978406237543,347.05159128978227,13172.353568837765,114.77087421832145,75.23333333333333,0.0033333333333329545,0.05773502691895929,1.0,0.0,0.0,10,0,0.0,0.0,0.0,0.0,0.0,0.0,0.0
heat_loss_size,1000,0.7,5,3,0,60,3600,0,0,500,3,15.810666666666666,0.013333333333333475,0.11547005383792576,2.005333333333333,0.0008493333333333276,0.029143323992525758,4039.208,26.73345099999954,5.17044011666314,6093.540466666669,432.126256703413,20.787646733178168,18.978,0.01112399999999999,0.10547037498748163,3.14,0.0007840000000000014,0.028000000000000025,4047.0801666666666,95.06285358333182,9.750018132461694,6120.773933333334,14429.125523703246,120.12129504672869,0.98,1.600000000000003e-05,0.0040000000000000036,0.98,1.600000000000003e-05,0.0040000000000000036,1.0,0.0,0.0,0.98,1.600000000000003e-05,0.0040000000000000036,0.9186666666666667,0.0003253333333333339,0.018036999011291594,0.9244,8.100000000000014e-05,0.009000000000000008,0.6254464385516775,3.435823370657445e-05,0.005861589691079925,0.6254464385516775,3.435823370657445e-05,0.005861589691079925,4.176466864707246,0.0003138734335875254,0.017716473508786263,413.8522043551089,0.005982869759181136,0.07734901265808851,75.23333333333333,0.0033333333333329545,0.05773502691895929,1.0,0.0,0.0,10,0,0.0,0.0,0.0,0.0,0.0,0.0,0.0
heat_loss_size,1000,0.8,5,3,0,60,3600,0,0,500,3,15.993333333333332,0.014401333333333268,0.12000555542696041,1.5806666666666667,0.002921333333333325,0.05404936015655805,4679.4605,21199.889472999967,145.60181823383925,7522.187766666667,12975.167571903356,113.90859305558715,21.093333333333334,0.06673733333333347,0.2583356989139005,4.964666666666667,0.012805333333333413,0.113160652761167,4839.1348333333335,35088.63160058336,187.31959748137234,7467.612633333333,41754.270127263364,204.33861633881972,0.7193333333333333,0.0002613333333333338,0.016165807537309534,0.7193333333333333,0.0002613333333333338,0.016165807537309534,1.0,0.0,0.0,0.7193333333333333,0.0002613333333333338,0.016165807537309534,0.444,0.0002560000000000005,0.016000000000000014,0.4484666666666667,0.0004808933333333333,0.02192928027394728,0.8163426248561639,1.134687078154976e-05,0.0033685116567335432,0.8163426248561639,1.134687078154976e-05,0.0033685116567335432,4.620541590879599,0.00010551370238303573,0.01027198629199999,414.15163316582914,0.007464759248504079,0.08639883823584713,75.23333333333333,0.0033333333333329545,0.05773502691895929,1.0,0.0,0.0,10,0,0.0,0.0,0.0,0.0,0.0,0.0,0.0
heat_loss_size,1000,0.9,5,3,0,60,3600,0,0,500,3,11.548666666666668,0.0026973333333332626,0.0519358578761655,0.362,0.0016680000000000004,0.04084115571332428,4022.6225,0.012327749999972562,0.11103040124205875,5029.775233333334,0.45875802333417226,0.6773167821146707,19.558,0.0012039999999999445,0.034698703145794145,7.705333333333334,0.004905333333333311,0.07003808487768146,4022.9188333333336,0.046645083333340984,0.21597472845993113,5787.403466666668,15854.546131423516,125.91483682006468,0.328,0.00010000000000000018,0.010000000000000009,0.328,0.00010000000000000018,0.010000000000000009,1.0,0.0,0.0,0.328,0.00010000000000000018,0.010000000000000009,0.11933333333333333,0.0004333333333333335,0.02081665999466133,0.12053333333333333,5.329333333333335e-05,0.0073002283069321435,0.9496181920245621,1.1491898199495941e-05,0.0033899702357831907,0.9496181920245621,1.1491898199495941e-05,0.0033899702357831907,4.894173971089457,7.237470506567495e-05,0.008507332429479582,414.07935510887773,0.006394011371769585,0.07996256231368268,75.23333333333333,0.0033333333333329545,0.05773502691895929,1.0,0.0,0.0,10,0,0.0,0.0,0.0,0.0,0.0,0.0,0.0
heat_loss_size,16000,0,5,3,0,60,3600,0,0,500,3,15.894666666666666,0.0011613333333333215,0.03407834111768531,2.248,0.0013439999999999845,0.03666060555964651,76.60783333333333,0.09522008333333366,0.3085775159232015,88.65276666666666,2.4097476633333303,1.552336195330551,18.930666666666667,0.008457333333333228,0.09196376097862259,3,0,0.0,77.32966666666667,0.08934508333333234,0.2989064792428099,89.00556666666667,1.7322538033333268,1.3161511324058977,1.0,0.0,0.0,1.0,0.0,0.0,1.0,0.0,0.0,1.0,0.0,0.0,1.0,0.0,0.0,1.0,0.0,0.0,0.0,0.0,0.0,0.0,0.0,0.0,1.0,0.0,0.0,12.853361809045225,0.0020087888942198285,0.044819514658459084,115.2,0.0,0.0,1.0,0.0,0.0,10,0,0.0,0.0,0.0,0.0,0.0,0.0,0.0
heat_loss_size,16000,0.1,5,3,0,60,3600,0,0,500,3,15.278,0.000531999999999968,0.0230651251893409,2.36,4.0000000000000074e-06,0.0020000000000000018,423.20666666666665,57.88298133333314,7.6080865750419235,666.2928666666667,56.26274142333413,7.500849380125835,18.348,0.001596000000000121,0.03994996871087787,3,0,0.0,432.1075,32.50521475000019,5.70133447098135,669.3862666666666,3.8174131733333128,1.9538201486660212,1.0,0.0,0.0,1.0,0.0,0.0,1.0,0.0,0.0,1.0,0.0,0.0,1.0,0.0,0.0,1.0,0.0,0.0,0.00036988187264325694,2.6870151983457103e-08,0.0001639211761288245,0.00036988187264325694,2.6870151983457103e-08,0.0001639211761288245,1.23518475606207,3.275873966562865e-05,0.00572352510832517,13.355,0.003573000000000026,0.05977457653551404,115.2,0.0,0.0,1.0,0.0,0.0,10,0,0.0,0.0,0.0,0.0,0.0,0.0,0.0
heat_loss_size,16000,0.2,5,3,0,60,3600,0,0,500,3,15.044666666666666,0.010601333333333357,0.10296277644534144,2.41,0.00595200000000001,0.0771492060879437,780.0958333333333,6275.78684558333,79.21986395837429,1208.9270666666666,5334.009302763341,73.03430223369935,18.027333333333335,0.014097333333333085,0.11873219164713959,3,0,0.0,714.7808333333334,136.63031008333317,11.688896871960722,1189.6527666666666,8444.389829243351,91.893361181553,1.0,0.0,0.0,1.0,0.0,0.0,1.0,0.0,0.0,1.0,0.0,0.0,1.0,0.0,0.0,1.0,0.0,0.0,0.005835926993766594,1.2959015298963875e-06,0.001138376708254516,0.005835926993766594,1.2959015298963875e-06,0.001138376708254516,1.5520851270445397,0.0002752408337485081,0.016590383773394397,13.704963149078727,0.0031413493682818853,0.05604774186603672,115.2,0.0,0.0,1.0,0.0,0.0,10,0,0.0,0.0,0.0,0.0,0.0,0.0,0.0
heat_loss_size,16000,0.3,5,3,0,60,3600,0,0,500,3,14.92,0.0031079999999999337,0.05574943945906482,2.4433333333333334,0.00013733333333333062,0.011718930554164515,1269.3505,8.713620999999655,2.9518843134512665,1802.5038333333334,6151.6056418033295,78.43217223692922,18.02,0.004851999999999972,0.0696562990690718,3,0,0.0,1271.5363333333332,174.75404908333164,13.219457215912144,1856.7447666666667,211.1241172033371,14.530110708571257,1.0,0.0,0.0,1.0,0.0,0.0,1.0,0.0,0.0,1.0,0.0,0.0,1.0,0.0,0.0,1.0,0.0,0.0,0.03351207924126662,1.430590276735461e-07,0.0003782314472297962,0.03351207924126662,1.430590276735461e-07,0.0003782314472297962,1.9772065906410299,0.00010847750876752972,0.010415253658338317,22.745675041816227,48.423381388559044,6.958691068624835,115.2,0.0,0.0,1.0,0.0,0.0,10,0,0.0,0.0,0.0,0.0,0.0,0.0,0.0
heat_loss_size,16000,0.4,5,3,0,60,3600,0,0,500,3,14.949333333333334,0.002329333333333296,0.04826316746063499,2.4753333333333334,0.00032933333333333095,0.018147543451754868,1867.3006666666668,29.636348583332143,5.443927679840369,2492.853000000001,436.1782062400667,20.884879847393584,18.009333333333334,0.006305333333333395,0.07940612906654873,3,0,0.0,1877.2556666666667,143.15189733333227,11.964610203986267,2601.3053,10458.952768920011,102.2690215506143,1.0,0.0,0.0,1.0,0.0,0.0,1.0,0.0,0.0,1.0,0.0,0.0,1.0,0.0,0.0,0.9999333333333333,1.3333333333330397e-08,0.00011547005383791244,0.1055810102161284,2.761037359475105e-05,0.005254557411880762,0.1055810102161284,2.761037359475105e-05,0.005254557411880762,2.4719952406282313,0.00035263068871512577,0.018778463427957193,213.57758626465662,0.0021021051320260294,0.04584872006965984,115.2,0.0,0.0,1.0,0.0,0.0,10,0,0.0,0.0,0.0,0.0,0.0,0.0,0.0
heat_loss_size,16000,0.5,5,3,0,60,3600,0,0,500,3,15.238,0.001523999999999977,0.03903844259188598,2.5513333333333335,0.0005053333333333354,0.022479620400116532,2601.5333333333333,6436.029867583356,80.2248706298948,3477.4756,69.30659521000196,8.325058270667057,18.304666666666666,0.0007093333333333334,0.026633312473917575,3,0,0.0,2665.6406666666667,7.319291583332928,2.7054189293588022,3530.8220666666666,7724.192271403333,87.88738402867236,1.0,0.0,0.0,1.0,0.0,0.0,1.0,0.0,0.0,1.0,0.0,0.0,1.0,0.0,0.0,0.9998666666666667,5.333333333332159e-08,0.0002309401076758249,0.23638676185516122,9.044801306268653e-06,0.003007457615041092,0.23638676185516122,9.044801306268653e-06,0.003007457615041092,3.0443997181916185,4.76904198071944e-06,0.0021838136323229233,214.38850083752092,0.004783489920287644,0.0691627784309425,115.2,0.0,0.0,1.0,0.0,0.0,10,0,0.0,0.0,0.0,0.0,0.0,0.0,0.0
heat_loss_size,16000,0.6,5,3,0,60,3600,0,0,500,3,16.476,0.008284000000000062,0.09101648202386237,2.736,0.00044399999999999637,0.02107130750570539,3598.6231666666667,7120.976214083339,84.38587686386472,4986.681666666666,8508.184785103356,92.23982212202795,19.590666666666667,3.7333333333334584e-05,0.006110100926607889,3.014,0.00019600000000000035,0.014000000000000012,3651.4655000000002,59.09385699999905,7.687252890337292,5053.768133333334,611.4348340233406,24.727208375053998,0.998,4.0000000000000074e-06,0.0020000000000000018,0.998,4.0000000000000074e-06,0.0020000000000000018,1.0,0.0,0.0,0.998,4.0000000000000074e-06,0.0020000000000000018,0.998,1.200000000000002e-05,0.0034641016151377574,0.9969333333333333,1.0173333333333646e-05,0.003189566323708232,0.418754800895893,1.8223562012852297e-05,0.004268906418844562,0.418754800895893,1.8223562012852297e-05,0.004268906418844562,3.6463296362711133,6.706985900074651e-05,0.008189618977751438,347.64601172529314,13003.373272613684,114.03233432940713,115.2,0.0,0.0,1.0,0.0,0.0,10,0,0.0,0.0,0.0,0.0,0.0,0.0,0.0
heat_loss_size,16000,0.7,5,3,0,60,3600,0,0,500,3,20.564666666666668,0.024961333333333714,0.1579915609560641,3.445333333333333,0.0029493333333333385,0.054307764945110186,5200.438666666667,12445.731258083268,111.56043769223598,8155.159166666667,11281.878872373301,106.21618931393321,24.296666666666667,0.12481733333333303,0.3532949664704169,3.396666666666667,0.0033973333333333394,0.058286647985051766,5318.885,17342.494783000024,131.6909062274234,8277.571266666668,1001.0897413634202,31.64000223393513,0.9433333333333334,6.933333333333242e-05,0.008326663997864477,0.9433333333333334,6.933333333333242e-05,0.008326663997864477,1.0,0.0,0.0,0.9433333333333334,6.933333333333242e-05,0.008326663997864477,0.8926666666666667,0.00036133333333333395,0.019008769905844353,0.8910666666666667,5.161333333333328e-05,0.0071842420152256345,0.6235878328554274,3.5362941660846768e-06,0.0018805037000986403,0.6235878328554274,3.5362941660846768e-06,0.0018805037000986403,4.178879557034642,3.810138906880348e-05,0.006172632264180613,414.2117219430486,0.009024393887357866,0.0949968098799,115.2,0.0,0.0,1.0,0.0,0.0,10,0,0.0,0.0,0.0,0.0,0.0,0.0,0.0
heat_loss_size,16000,0.8,5,3,0,60,3600,0,0,500,3,18.422,0.005052000000000092,0.0710774225756681,2.0533333333333332,0.0010453333333333352,0.03233161507461907,5219.6235,2922.297987000009,54.05828324133138,8760.020533333334,63826.945019964274,252.6399513536295,25.954,0.12425200000000064,0.35249397157965784,7.084,0.018892000000000013,0.1374481720504133,5522.272166666667,13405.43092058334,115.78182465561397,8890.326833333334,143086.95114172238,378.2683586314383,0.4166666666666667,0.0003893333333333328,0.019731531449264976,0.4166666666666667,0.0003893333333333328,0.019731531449264976,1.0,0.0,0.0,0.4166666666666667,0.0003893333333333328,0.019731531449264976,0.27799999999999997,0.00024399999999999943,0.01562049935181329,0.2815333333333333,0.00017125333333333298,0.013086379687802619,0.8161313632865402,4.5747944183454395e-07,0.0006763722657195104,0.8161313632865402,4.5747944183454395e-07,0.0006763722657195104,4.617730427854958,4.024354526280006e-06,0.0020060793918187797,414.41658291457287,0.0002924172621898437,0.01710021234341386,115.2,0.0,0.0,1.0,0.0,0.0,10,0,0.0,0.0,0.0,0.0,0.0,0.0,0.0
heat_loss_size,16000,0.9,5,3,0,60,3600,0,0,500,3,11.974,0.03013199999999995,0.17358571369787304,0.39999999999999997,0.0010079999999999998,0.03174901573277508,4025.141,0.12132025000008546,0.34831056544423894,5727.075933333336,79524.12878033183,282.0002283338292,21.473333333333333,0.006085333333333239,0.07800854654031979,9.44,0.005487999999999885,0.07408103670980776,4024.492333333333,0.04853233333332862,0.2203005522764948,6031.7705,0.4377503099998233,0.6616270172837739,0.08,0.00011199999999999992,0.010583005244258358,0.08,0.00011199999999999992,0.010583005244258358,1.0,0.0,0.0,0.08,0.00011199999999999992,0.010583005244258358,0.025333333333333333,1.333333333333331e-06,0.0011547005383792505,0.0238,3.2400000000000046e-06,0.0018000000000000013,0.9525757130619843,1.3592355704192929e-06,0.001165862586422299,0.9525757130619843,1.3592355704192929e-06,0.001165862586422299,4.904752170012793,2.9550899057135245e-05,0.005436073864208915,414.53426130653264,0.011295873008261226,0.10628204461837017,115.2,0.0,0.0,1.0,0.0,0.0,10,0,0.0,0.0,0.0,0.0,0.0,0.0,0.0
heat_loss_size,2000,0,5,3,0,60,3600,0,0,500,3,13.847333333333333,0.002505333333333403,0.05005330491918993,1.5693333333333335,0.0002653333333333338,0.016289055630494167,62.269666666666666,0.21647008333333306,0.4652634558326423,74.6273,0.9275421900000015,0.9630899179204409,16.892,0.00680399999999994,0.08248636250920476,3,0,0.0,62.632666666666665,0.18471608333333173,0.4297860902045711,74.84523333333334,0.8193521033333334,0.9051807020332092,1.0,0.0,0.0,1.0,0.0,0.0,1.0,0.0,0.0,1.0,0.0,0.0,0.9986666666666667,5.333333333333343e-06,0.0023094010767585054,0.9994666666666666,1.3333333333345199e-08,0.00011547005383797653,0.0,0.0,0.0,0.0,0.0,0.0,1.0,0.0,0.0,12.368,0.0027210000000000303,0.0521632054229802,85.23333333333333,0.0033333333333329545,0.05773502691895929,1.0,0.0,0.0,10,0,0.0,0.0,0.0,0.0,0.0,0.0,0.0
heat_loss_size,2000,0.1,5,3,0,60,3600,0,0,500,3,13.588666666666667,0.0013173333333332989,0.03629508690350939,1.6273333333333333,0.0020013333333333255,0.044736264186153556,380.199,3570.78705625,59.75606292461042,652.2355666666666,148.6858211733337,12.193679558416061,16.674,0.006315999999999806,0.07947326594522089,3,0,0.0,336.71733333333333,4661.367921083334,68.27421124468107,640.8505333333334,4.150572803333477,2.0372954629443116,1.0,0.0,0.0,1.0,0.0,0.0,1.0,0.0,0.0,1.0,0.0,0.0,0.9986666666666667,5.333333333333343e-06,0.0023094010767585054,0.999,1.1999999999997357e-07,0.0003464101615137373,0.0002934215600004102,4.8576451764879386e-08,0.00022040066189755282,0.0002934215600004102,4.8576451764879386e-08,0.00022040066189755282,1.2383357090108011,7.346719476104631e-05,0.008571300645820698,12.466561139028476,0.0007675275456006925,0.02770428749491119,85.23333333333333,0.0033333333333329545,0.05773502691895929,1.0,0.0,0.0,10,0,0.0,0.0,0.0,0.0,0.0,0.0,0.0
heat_loss_size,2000,0.2,5,3,0,60,3600,0,0,500,3,13.498666666666667,0.0011453333333332977,0.03384277372399162,1.676,0.00024400000000000043,0.015620499351813323,661.431,55.84448324999977,7.47291664947494,1075.5191666666667,67.07486409333454,8.189924547475059,16.526,0.0007839999999999268,0.027999999999998693,3,0,0.0,667.8725,48.24308125000003,6.945723954347742,1072.9162333333334,17.66202014333258,4.2026206280525225,1.0,0.0,0.0,1.0,0.0,0.0,1.0,0.0,0.0,1.0,0.0,0.0,0.9986666666666667,5.333333333333343e-06,0.0023094010767585054,0.9994666666666667,5.3333333333351195e-08,0.00023094010767588897,0.005920467005100054,1.4686889479036263e-07,0.0003832347776368458,0.005920467005100054,1.4686889479036263e-07,0.0003832347776368458,1.550682728348515,8.359318606187529e-07,0.0009142930933889596,12.822666666666667,6.433333333333367e-05,0.008020806277010665,85.2,0.0,0.0,1.0,0.0,0.0,10,0,0.0,0.0,0.0,0.0,0.0,0.0,0.0
heat_loss_size,2000,0.3,5,3,0,60,3600,0,0,500,3,13.422666666666666,0.004965333333333251,0.07046512139585975,1.7086666666666666,0.0029493333333333385,0.054307764945110186,1079.5186666666666,183.45895808333464,13.544702214642248,1665.5414,61.61935776999888,7.849799855410256,16.488666666666667,0.002465333333333341,0.04965212315030789,3,0,0.0,1133.36,5553.858276750012,74.524212687891,1661.5248,30.623088160000318,5.53381316634383,1.0,0.0,0.0,1.0,0.0,0.0,1.0,0.0,0.0,1.0,0.0,0.0,0.9986666666666667,5.333333333333343e-06,0.0023094010767585054,0.9993333333333333,9.333333333334237e-08,0.0003055050463304041,0.03316713094826758,1.9629118434591695e-06,0.001401039558135019,0.03316713094826758,1.9629118434591695e-06,0.001401039558135019,1.959576572073659,0.0001326073342219897,0.011515525790079657,14.085087102177553,0.003226261188690303,0.05680018651985487,85.23333333333333,0.0033333333333329545,0.05773502691895929,1.0,0.0,0.0,10,0,0.0,0.0,0.0,0.0,0.0,0.0,0.0
heat_loss_size,2000,0.4,5,3,0,60,3600,0,0,500,3,13.494,0.006544000000000079,0.08089499366462723,1.7233333333333334,0.000933333333333335,0.03055050463303896,1780.8408333333334,7476.903830333349,86.46909176308809,2383.0873666666666,9191.906342523302,95.87443007665443,16.424,0.0017080000000000324,0.04132795663954404,3,0,0.0,1674.3516666666667,59.536555083331905,7.715993460555284,2280.7281333333335,213.1802446633334,14.600693293927293,1.0,0.0,0.0,1.0,0.0,0.0,1.0,0.0,0.0,1.0,0.0,0.0,0.9986666666666667,5.333333333333343e-06,0.0023094010767585054,0.9993333333333333,1.3333333333330397e-08,0.00011547005383791244,0.1066406925951577,9.556341859385682e-06,0.0030913333465328,0.1066406925951577,9.556341859385682e-06,0.0030913333465328,2.4798665426566475,0.0003266483447986374,0.01807341541598149,213.1141105527638,0.0011566258680330334,0.0340092026962267,85.23333333333333,0.0033333333333329545,0.05773502691895929,1.0,0.0,0.0,10,0,0.0,0.0,0.0,0.0,0.0,0.0,0.0
heat_loss_size,2000,0.5,5,3,0,60,3600,0,0,500,3,13.684000000000001,0.018351999999999993,0.13546955377500877,1.794,0.0008040000000000014,0.028354893757515674,2389.3893333333335,5563.648097583331,74.58986591745108,3184.2125666666666,8416.082955373304,91.73921165659374,16.634666666666664,0.01081733333333329,0.10400641005886747,3,0,0.0,2438.1026666666667,46.37859358333313,6.810183080015774,3142.5131666666666,11396.16129820338,106.75280463858259,1.0,0.0,0.0,1.0,0.0,0.0,1.0,0.0,0.0,1.0,0.0,0.0,0.9986666666666667,5.333333333333343e-06,0.0023094010767585054,0.9993333333333333,9.733333333333705e-07,0.0009865765724632683,0.23843225286180683,6.7157794381014384e-06,0.0025914820929540372,0.23843225286180683,6.7157794381014384e-06,0.0025914820929540372,3.0539433896081247,4.6611470627820265e-06,0.002158968981431189,213.69092797319934,0.001054150181392798,0.032467679026884536,85.23333333333333,0.0033333333333329545,0.05773502691895929,1.0,0.0,0.0,10,0,0.0,0.0,0.0,0.0,0.0,0.0,0.0
heat_loss_size,2000,0.6,5,3,0,60,3600,0,0,500,3,14.458,0.006347999999999991,0.0796743371481683,1.9513333333333334,0.003145333333333339,0.05608327142146167,3189.4386666666664,4757.209998083346,68.97253075017144,4332.498366666667,10378.072469543244,101.87282498067502,17.363333333333333,0.005801333333333516,0.07616648431779896,3,0,0.0,3208.793,1363.2776282500074,36.92258967420903,4249.5812000000005,134.65486972000085,11.604088491561965,1.0,0.0,0.0,1.0,0.0,0.0,1.0,0.0,0.0,1.0,0.0,0.0,0.9966666666666667,1.3333333333333357e-06,0.0011547005383792527,0.9970666666666667,1.2933333333332927e-06,0.0011372481406154474,0.417260980598921,1.8133100633657328e-06,0.0013465920181575906,0.417260980598921,1.8133100633657328e-06,0.0013465920181575906,3.627004633615289,7.418752417832638e-06,0.0027237386838374635,214.8113232830821,0.01379731573276948,0.11746197568902661,85.2,0.0,0.0,1.0,0.0,0.0,10,0,0.0,0.0,0.0,0.0,0.0,0.0,0.0
heat_loss_size,2000,0.7,5,3,0,60,3600,0,0,500,3,17.028666666666666,0.016361333333333058,0.1279114276885887,2.38,0.004835999999999994,0.0695413546028548,4423.430833333334,1601.750388583332,40.02187387646076,6603.514,51791.19751371008,227.57679476104343,20.160666666666668,0.0011853333333333126,0.034428670223133985,3.1633333333333336,0.0008493333333333369,0.02914332399252592,4439.675833333334,38326.998756083296,195.7728243553821,6680.486566666668,474.45242706341867,21.781928910530826,0.9766666666666667,1.7333333333333363e-05,0.004163331998932269,0.9766666666666667,1.7333333333333363e-05,0.004163331998932269,1.0,0.0,0.0,0.9766666666666667,1.7333333333333363e-05,0.004163331998932269,0.9126666666666667,4.133333333333341e-05,0.006429100507328643,0.9104666666666666,1.1093333333333258e-05,0.003330665599145801,0.6210145972679223,2.393012362586089e-07,0.0004891842559390162,0.6210145972679223,2.393012362586089e-07,0.0004891842559390162,4.172467039299941,4.875112246097551e-05,0.006982200402521795,413.92515577889446,0.005400165980653829,0.07348582163012012,85.23333333333333,0.0033333333333329545,0.05773502691895929,1.0,0.0,0.0,10,0,0.0,0.0,0.0,0.0,0.0,0.0,0.0
heat_loss_size,2000,0.8,5,3,0,60,3600,0,0,500,3,16.43466666666667,0.005509333333333309,0.07422488351848933,1.672,0.0001720000000000003,0.013114877048604014,4901.338833333333,11837.084030333379,108.79836409768934,7731.261433333334,13608.22285580322,116.6542877729028,22.694666666666667,0.016225333333333137,0.12737870046963556,5.809333333333333,0.011433333333333344,0.10692676621563632,5027.4885,1.1770657499994284,1.0849266104209208,7809.999100000001,13279.985418910379,115.23881906245994,0.5986666666666667,0.00023333333333333374,0.01527525231651948,0.5986666666666667,0.00023333333333333374,0.01527525231651948,1.0,0.0,0.0,0.5986666666666667,0.00023333333333333374,0.01527525231651948,0.38,0.0006759999999999995,0.025999999999999992,0.3721333333333333,0.000504653333333334,0.022464490497968878,0.8174304027639285,5.147201672187996e-06,0.002268744514525158,0.8174304027639285,5.147201672187996e-06,0.002268744514525158,4.621177902518396,3.298118207987542e-05,0.005742924523261247,414.1834288107203,0.0007564060840208413,0.02750283774487355,85.23333333333333,0.0033333333333329545,0.05773502691895929,1.0,0.0,0.0,10,0,0.0,0.0,0.0,0.0,0.0,0.0,0.0
heat_loss_size,2000,0.9,5,3,0,60,3600,0,0,500,3,11.734,0.009407999999999847,0.09699484522385635,0.366,0.00019600000000000035,0.014000000000000012,4022.8768333333333,0.03455308333335231,0.18588459681574562,5457.574600000002,40245.10852970991,200.611835467676,20.21666666666667,0.009441333333333178,0.09716652372773855,8.292,0.012347999999999892,0.11112155506471232,4023.4073333333336,0.05614233333330872,0.2369437345306027,5720.684866666668,11465.848943093126,107.07870443320243,0.244,0.0002520000000000001,0.015874507866387548,0.244,0.0002520000000000001,0.015874507866387548,1.0,0.0,0.0,0.244,0.0002520000000000001,0.015874507866387548,0.07266666666666667,0.0001333333333333332,0.011547005383792509,0.07793333333333334,4.217333333333335e-05,0.006494099886307059,0.950972113620888,1.1441516552370708e-06,0.0010696502490239838,0.950972113620888,1.1441516552370708e-06,0.0010696502490239838,4.901998742052887,3.5646545871867187e-06,0.0018880292866337426,414.4109815745394,0.044972402877042184,0.21206697733744917,85.23333333333333,0.0033333333333329545,0.05773502691895929,1.0,0.0,0.0,10,0,0.0,0.0,0.0,0.0,0.0,0.0,0.0
heat_loss_size,250,0,5,3,0,60,3600,0,0,500,3,11.771333333333333,0.0033453333333333933,0.05783885660465111,0.9146666666666667,1.3333333333333357e-06,0.0011547005383792527,51.1565,0.03258925000000079,0.18052492902643888,63.534933333333335,0.10369890333333648,0.3220231409904209,14.728,0.007236000000000037,0.08506468127254717,3,0,0.0,51.489333333333335,0.04457008333333326,0.211116279176508,63.84446666666667,0.0429826533333339,0.20732258278666582,1.0,0.0,0.0,1.0,0.0,0.0,1.0,0.0,0.0,1.0,0.0,0.0,0.996,4.0000000000000074e-06,0.0020000000000000018,0.9963333333333333,4.933333333332987e-07,0.0007023769168568246,0.0,0.0,0.0,0.0,0.0,0.0,1.0,0.0,0.0,12.426333333333334,0.0010463333333333672,0.03234707611722221,55.233333333333334,0.06333333333333324,0.25166114784235816,1.0,0.0,0.0,10,0,0.0,0.0,0.0,0.0,0.0,0.0,0.0
heat_loss_size,250,0.1,5,3,0,60,3600,0,0,500,3,11.748666666666667,9.33333333333483e-06,0.0030550504633041382,0.9626666666666667,8.933333333333349e-05,0.009451631252505225,271.2575,26.379300999999764,5.136078367782151,588.5630000000001,4759.688169670004,68.99049332821156,14.764666666666667,1.3333333333342239e-06,0.0011547005383796371,3,0,0.0,263.8915,1.8604440000000069,1.3639809382832324,573.8059666666668,5573.497964003342,74.65586356076354,1.0,0.0,0.0,1.0,0.0,0.0,1.0,0.0,0.0,1.0,0.0,0.0,0.996,4.0000000000000074e-06,0.0020000000000000018,0.9953333333333333,6.933333333333878e-07,0.0008326663997864858,0.00011341243912455301,2.4123119538905734e-09,4.911529246467513e-05,0.00011341243912455301,2.4123119538905734e-09,4.911529246467513e-05,1.2371135351165135,1.2426710265731334e-05,0.0035251539350404735,12.416010050251256,3.1030453776414196e-05,0.005570498521354637,55.233333333333334,0.043333333333332905,0.20816659994661224,1.0,0.0,0.0,10,0,0.0,0.0,0.0,0.0,0.0,0.0,0.0
heat_loss_size,250,0.2,5,3,0,60,3600,0,0,500,3,11.702,0.0016840000000000305,0.04103656905736675,0.9553333333333333,0.0002613333333333338,0.016165807537309534,640.0175,2.2810777500001405,1.510323723577214,1030.4917333333333,199.0052946233373,14.106923641366224,14.72,0.005124000000000001,0.07158212067269312,3,0,0.0,639.6765,0.7937107499999645,0.8909044561567556,1042.3623333333333,139.2389453233336,11.79995531022612,1.0,0.0,0.0,1.0,0.0,0.0,1.0,0.0,0.0,1.0,0.0,0.0,0.996,4.0000000000000074e-06,0.0020000000000000018,0.9957333333333334,3.733333333333103e-07,0.0006110100926607599,0.0058642793441497105,5.442354800043015e-07,0.0007377231730156655,0.0058642793441497105,5.442354800043015e-07,0.0007377231730156655,1.5507000304501393,5.747905513933167e-05,0.0075814942550483854,12.660333333333334,0.0001973333333333396,0.014047538337137209,55.233333333333334,0.043333333333332905,0.20816659994661224,1.0,0.0,0.0,10,0,0.0,0.0,0.0,0.0,0.0,0.0,0.0
heat_loss_size,250,0.3,5,3,0,60,3600,0,0,500,3,11.634666666666666,0.0008013333333333155,0.02830783166074921,0.9526666666666667,0.0004853333333333342,0.022030282189144428,1041.9201666666668,0.825993583333234,0.9088418912733028,1535.2954666666667,7173.0265415033255,84.69372197219417,14.646666666666667,0.0004853333333333614,0.022030282189145045,3,0,0.0,1046.3273333333334,41.89732033333266,6.472813942431271,1521.7671,7525.3611681299735,86.74883957800228,1.0,0.0,0.0,1.0,0.0,0.0,1.0,0.0,0.0,1.0,0.0,0.0,0.996,4.0000000000000074e-06,0.0020000000000000018,0.9958,5.199999999999743e-07,0.00072111025509278,0.03433245420895752,1.4198190224154226e-06,0.0011915615898540127,0.03433245420895752,1.4198190224154226e-06,0.0011915615898540127,1.9682816549736601,0.0002461618687412559,0.015689546479782514,79.71339530988274,13161.560816845695,114.72384589459026,55.2,0.039999999999999716,0.1999999999999993,1.0,0.0,0.0,10,0,0.0,0.0,0.0,0.0,0.0,0.0,0.0
heat_loss_size,250,0.4,5,3,0,60,3600,0,0,500,3,11.692666666666666,0.004489333333333356,0.0670024875160121,0.9806666666666667,0.0016893333333333363,0.04110150037812898,1473.3229999999999,37.40371074999973,6.115857319297086,2065.2897666666668,45.7116343233365,6.761037961980135,14.653333333333334,0.002505333333333317,0.05005330491918907,3,0,0.0,1462.8195,72.7471000000003,8.529191051911095,2123.953466666667,7823.01672714335,88.44781923339518,1.0,0.0,0.0,1.0,0.0,0.0,1.0,0.0,0.0,1.0,0.0,0.0,0.996,4.0000000000000074e-06,0.0020000000000000018,0.995,0.0,0.0,0.10763103068196792,1.7962759888176803e-06,0.0013402522108982623,0.10763103068196792,1.7962759888176803e-06,0.0013402522108982623,2.4761403803152575,0.00021876228213165032,0.014790614663753848,213.07859631490786,0.0006132506839052952,0.024763898802597606,55.2,0.039999999999999716,0.1999999999999993,1.0,0.0,0.0,10,0,0.0,0.0,0.0,0.0,0.0,0.0,0.0
heat_loss_size,250,0.5,5,3,0,60,3600,0,0,500,3,11.726666666666667,0.005537333333333253,0.07441326046702465,0.984,0.0008040000000000014,0.028354893757515674,2050.5695,8.353912750000129,2.890313607551978,2797.8956000000007,6692.622556169728,81.8084503958468,14.693999999999999,0.00226799999999998,0.04762352359916242,3,0,0.0,2048.044,3.973100249999908,1.9932637181266075,2836.2022,187.18884335999724,13.681697385923913,1.0,0.0,0.0,1.0,0.0,0.0,1.0,0.0,0.0,1.0,0.0,0.0,0.996,4.0000000000000074e-06,0.0020000000000000018,0.9952,1.6000000000000916e-07,0.00040000000000001146,0.23438000067034942,5.317220087495543e-07,0.0007291927102964993,0.23438000067034942,5.317220087495543e-07,0.0007291927102964993,3.034054153596459,0.0004501701305859841,0.021217213073021254,213.59128475711893,0.002016068011751641,0.04490064600595008,55.233333333333334,0.043333333333332905,0.20816659994661224,1.0,0.0,0.0,10,0,0.0,0.0,0.0,0.0,0.0,0.0,0.0
heat_loss_size,250,0.6,5,3,0,60,3600,0,0,500,3,12.008666666666667,0.004281333333333307,0.06543189843901297,1.0326666666666666,0.0004853333333333342,0.022030282189144428,2752.0313333333334,6284.930773583315,79.27755529519888,3649.1309333333334,79.81477296333462,8.933911403373923,15.035333333333334,0.007169333333333363,0.08467191584777896,3,0,0.0,2835.882,200.32455225000297,14.153605627189242,3641.523666666667,51.942177053331264,7.207092135759836,1.0,0.0,0.0,1.0,0.0,0.0,1.0,0.0,0.0,1.0,0.0,0.0,0.9946666666666667,9.33333333333335e-06,0.003055050463303896,0.9942666666666667,1.3333333333333357e-06,0.0011547005383792527,0.41889035573890193,2.5692228700459077e-05,0.005068750210896082,0.41889035573890193,2.5692228700459077e-05,0.005068750210896082,3.6427250399997213,0.00010493953201728654,0.010243999805607503,283.69215075375826,12582.14548909763,112.1701630965099,55.233333333333334,0.043333333333332905,0.20816659994661224,1.0,0.0,0.0,10,0,0.0,0.0,0.0,0.0,0.0,0.0,0.0
heat_loss_size,250,0.7,5,3,0,60,3600,0,0,500,3,13.190666666666667,0.009865333333333299,0.09932438438436605,1.218,0.0007680000000000013,0.02771281292110206,3454.7123333333334,431.1222523333318,20.763483627111608,5052.071666666667,658.3849091733363,25.659012240796336,16.134,0.016428000000000192,0.12817175976009768,3.014,0.00019600000000000035,0.014000000000000012,3447.182333333333,40.81071008333304,6.388326078350497,4987.330433333334,10305.67503050292,101.51687066937653,0.998,4.0000000000000074e-06,0.0020000000000000018,0.998,4.0000000000000074e-06,0.0020000000000000018,1.0,0.0,0.0,0.998,4.0000000000000074e-06,0.0020000000000000018,0.9553333333333333,3.3333333333333396e-05,0.005773502691896263,0.953,9.263999999999989e-05,0.009624967532412767,0.6226872476219306,1.3059432481908575e-05,0.0036137836794568343,0.6226872476219306,1.3059432481908575e-05,0.0036137836794568343,4.168627409131634,6.611358828659306e-05,0.008131026275113926,413.869269681742,0.008529017053446662,0.09235267756511807,55.233333333333334,0.043333333333332905,0.20816659994661224,1.0,0.0,0.0,10,0,0.0,0.0,0.0,0.0,0.0,0.0,0.0
heat_loss_size,250,0.8,5,3,0,60,3600,0,0,500,3,13.778666666666668,0.026337333333333258,0.16228781018096602,1.0513333333333335,0.00029733333333333386,0.01724335620850343,4023.9303333333332,0.3987090833334493,0.631434148057776,6067.908133333335,311.5829622033931,17.651712727194298,17.485333333333333,0.03926533333333373,0.1981548216252477,3.6066666666666665,0.0024173333333333273,0.049166384179979386,4025.0031666666664,0.27962908333341085,0.5287996627584126,6203.179066666668,16145.05845194364,127.06320652314595,0.9133333333333333,4.933333333333342e-05,0.007023769168568499,0.9133333333333333,4.933333333333342e-05,0.007023769168568499,1.0,0.0,0.0,0.9133333333333333,4.933333333333342e-05,0.007023769168568499,0.632,0.00012400000000000022,0.011135528725660053,0.6300666666666667,8.233333333333348e-05,0.009073771725877474,0.8153321590676003,2.3469790585461258e-05,0.004844562992206961,0.8153321590676003,2.3469790585461258e-05,0.004844562992206961,4.615173843972389,0.00010662545301463118,0.010325960149769666,414.19029145728643,0.0008078008383607721,0.028421837350192054,55.233333333333334,0.043333333333332905,0.20816659994661224,1.0,0.0,0.0,10,0,0.0,0.0,0.0,0.0,0.0,0.0,0.0
heat_loss_size,250,0.9,5,3,0,60,3600,0,0,500,3,11.422666666666666,0.018705333333333494,0.13676744251953202,0.31333333333333335,0.0017053333333333337,0.04129568177586288,4022.5453333333335,0.03368758333333155,0.18354177544453348,5101.126366666666,14975.962403293343,122.37631471528036,17.032666666666668,0.09200533333333283,0.30332380937429365,5.566666666666666,0.045733333333333334,0.21385353243127253,4022.8005,0.028897750000007678,0.16999338222415505,5170.062233333333,14837.777602653357,121.81041664263923,0.6333333333333333,0.000933333333333335,0.03055050463303896,0.6333333333333333,0.000933333333333335,0.03055050463303896,1.0,0.0,0.0,0.6333333333333333,0.000933333333333335,0.03055050463303896,0.24933333333333335,0.00035733333333333336,0.018903262505010433,0.24573333333333333,0.0004238933333333331,0.020588670023421452,0.949067167690537,5.064337946761904e-06,0.0022504083955499953,0.949067167690537,5.064337946761904e-06,0.0022504083955499953,4.896930739578541,3.0154124366399742e-06,0.0017364942950208544,414.382189279732,0.05047345999681571,0.22466299204990509,55.233333333333334,0.06333333333333324,0.25166114784235816,1.0,0.0,0.0,10,0,0.0,0.0,0.0,0.0,0.0,0.0,0.0
heat_loss_size,4000,0,5,3,0,60,3600,0,0,500,3,14.564,0.005628000000000029,0.0750199973340444,1.8146666666666667,0.00022533333333333373,0.015011106998930284,64.5315,0.01145274999999927,0.1070175219298189,77.281,0.043460290000000575,0.2084713169719052,17.67,0.003951999999999911,0.06286493458200614,3,0,0.0,65.16516666666666,0.0011895833333332064,0.03449033681095629,77.9599,0.10161180999999565,0.3187660741045001,1.0,0.0,0.0,1.0,0.0,0.0,1.0,0.0,0.0,1.0,0.0,0.0,0.9993333333333333,1.3333333333333357e-06,0.0011547005383792527,0.9997333333333334,1.3333333333330397e-08,0.00011547005383791244,0.0,0.0,0.0,0.0,0.0,0.0,1.0,0.0,0.0,12.54203350083752,0.0006535159297324191,0.025563957630469095,95.2,0.0,0.0,1.0,0.0,0.0,10,0,0.0,0.0,0.0,0.0,0.0,0.0,0.0
heat_loss_size,4000,0.1,5,3,0,60,3600,0,0,500,3,14.231333333333334,0.01152133333333336,0.10733747404021282,1.9066666666666665,0.0005493333333333343,0.02343786110832928,403.30333333333334,363.1042290833334,19.055293990997185,652.4821666666667,127.07635740333217,11.272814972460614,17.211333333333332,0.026001333333333133,0.1612492894041184,3,0,0.0,414.00916666666666,0.2629125833333232,0.512750020315283,649.0904333333334,30.820297943331738,5.551603186767921,1.0,0.0,0.0,1.0,0.0,0.0,1.0,0.0,0.0,1.0,0.0,0.0,0.9993333333333333,1.3333333333333357e-06,0.0011547005383792527,0.9995999999999999,1.20000000000018e-07,0.0003464101615138014,0.00021090042705456378,4.956411550121189e-09,7.040178655489638e-05,0.00021090042705456378,4.956411550121189e-09,7.040178655489638e-05,1.2344145129338489,5.254430563254776e-05,0.007248745107433959,12.421333333333333,0.00017733333333332744,0.013316656236958565,95.2,0.0,0.0,1.0,0.0,0.0,10,0,0.0,0.0,0.0,0.0,0.0,0.0,0.0
heat_loss_size,4000,0.2,5,3,0,60,3600,0,0,500,3,14.012666666666666,0.003077333333333366,0.05547371750057288,1.9206666666666665,0.00036133333333333395,0.019008769905844353,680.7526666666666,321.98222808333435,17.94386324299576,1127.1260333333332,8045.832859523358,89.69856665255782,17.042666666666666,0.023729333333333488,0.15404328396049433,3,0,0.0,678.3273333333333,3.7579003333332333,1.9385304571590392,1147.8147666666666,5431.31003116332,73.69742214734053,1.0,0.0,0.0,1.0,0.0,0.0,1.0,0.0,0.0,1.0,0.0,0.0,0.9993333333333333,1.3333333333333357e-06,0.0011547005383792527,0.9997333333333334,1.3333333333330397e-08,0.00011547005383791244,0.005941690645627534,1.8200698384575182e-07,0.0004266227652689807,0.005941690645627534,1.8200698384575182e-07,0.0004266227652689807,1.5526591720644585,7.5478252731367e-05,0.008687822093676125,12.594000000000001,0.0004319999999999901,0.02078460969082629,95.16666666666667,0.0033333333333339017,0.0577350269189675,1.0,0.0,0.0,10,0,0.0,0.0,0.0,0.0,0.0,0.0,0.0
heat_loss_size,4000,0.3,5,3,0,60,3600,0,0,500,3,13.922666666666666,0.005957333333333317,0.07718376340483352,1.936,0.0007320000000000013,0.02705549851693739,1230.9226666666666,135.67910533333392,11.648137419061209,1776.7381333333335,6357.964347323337,79.73684435267887,17.035333333333334,0.008929333333333395,0.09449514978734831,3,0,0.0,1181.5773333333334,5755.525875583335,75.86518223522128,1679.2201666666667,43.149289923333136,6.568811911094207,1.0,0.0,0.0,1.0,0.0,0.0,1.0,0.0,0.0,1.0,0.0,0.0,0.9993333333333333,1.3333333333333357e-06,0.0011547005383792527,0.9997333333333334,1.3333333333330397e-08,0.00011547005383791244,0.033889100353279904,5.774387881344251e-06,0.0024029956057688186,0.033889100353279904,5.774387881344251e-06,0.0024029956057688186,1.964450060399776,7.437167636136937e-05,0.008623901458236253,14.419355108877712,0.9232211781099541,0.9608439925971094,95.16666666666667,0.0033333333333339017,0.0577350269189675,1.0,0.0,0.0,10,0,0.0,0.0,0.0,0.0,0.0,0.0,0.0
heat_loss_size,4000,0.4,5,3,0,60,3600,0,0,500,3,13.921333333333333,0.0006253333333333069,0.025006665778014206,1.9733333333333334,5.733333333333344e-05,0.007571877794400371,1790.936,4412.97669700001,66.43023932668021,2441.9302000000002,99.18961552000022,9.959398351306177,17.066666666666666,0.0048013333333333215,0.06929165413910482,3,0,0.0,1793.0363333333332,5648.649008333323,75.15749469170272,2462.9792666666667,5.382853723334125,2.3200977831406426,1.0,0.0,0.0,1.0,0.0,0.0,1.0,0.0,0.0,1.0,0.0,0.0,0.9993333333333333,1.3333333333333357e-06,0.0011547005383792527,0.9996666666666667,5.3333333333351195e-08,0.00023094010767588897,0.10570939769038788,1.9036257760208918e-06,0.0013797194555491678,0.10570939769038788,1.9036257760208918e-06,0.0013797194555491678,2.4771360367551662,0.00016315333470574728,0.012773148973755347,213.17895644891124,0.0013185182529064318,0.036311406650065645,95.2,0.0,0.0,1.0,0.0,0.0,10,0,0.0,0.0,0.0,0.0,0.0,0.0,0.0
heat_loss_size,4000,0.5,5,3,0,60,3600,0,0,500,3,14.221333333333334,0.00028933333333333236,0.017009801096230737,2.0286666666666666,0.002121333333333337,0.04605793453177571,2467.5313333333334,57.94538533333417,7.612186632849602,3280.0266666666666,143.86406421333137,11.99433467155771,17.209333333333333,0.010537333333333392,0.10265151403332243,3,0,0.0,2458.1453333333334,51.7713323333322,7.195229831863066,3216.370766666667,12106.86587972326,110.03120411830119,1.0,0.0,0.0,1.0,0.0,0.0,1.0,0.0,0.0,1.0,0.0,0.0,0.9986666666666667,1.3333333333333357e-06,0.0011547005383792527,0.999,7.600000000000102e-07,0.0008717797887081405,0.2388317708521614,1.3147245225606744e-05,0.0036259130195864797,0.2388317708521614,1.3147245225606744e-05,0.0036259130195864797,3.0602378596619544,6.772279180438452e-05,0.008229385870427059,213.73904355108877,0.0018704378508962423,0.04324855894589139,95.2,0.0,0.0,1.0,0.0,0.0,10,0,0.0,0.0,0.0,0.0,0.0,0.0,0.0
heat_loss_size,4000,0.6,5,3,0,60,3600,0,0,500,3,15.159333333333334,0.012161333333333328,0.11027843548642376,2.228,0.0007960000000000005,0.028213471959331778,3272.6906666666664,300.4297475833309,17.332909380231897,4541.3651666666665,8521.285867803255,92.3108112184226,18.170666666666666,0.023909333333333047,0.15462643154820926,3,0,0.0,3267.6923333333334,195.64496933333518,13.987314586200426,4531.773,8454.699834490079,91.94944173017082,1.0,0.0,0.0,1.0,0.0,0.0,1.0,0.0,0.0,1.0,0.0,0.0,0.9973333333333333,1.3333333333333357e-06,0.0011547005383792527,0.9969333333333333,5.853333333333465e-06,0.0024193663082165678,0.4168669711051638,5.9867300189209095e-06,0.0024467795198834137,0.4168669711051638,5.9867300189209095e-06,0.0024467795198834137,3.6352764117663203,2.1048518573728608e-05,0.004587866451165357,215.39945393634838,0.2520991112934856,0.5020947234272489,95.2,0.0,0.0,1.0,0.0,0.0,10,0,0.0,0.0,0.0,0.0,0.0,0.0,0.0
heat_loss_size,4000,0.7,5,3,0,60,3600,0,0,500,3,18.216,0.0078119999999999735,0.08838551917593726,2.7266666666666666,0.0004893333333333336,0.022120880030716085,4718.46,11135.906406750066,105.52680420987866,7141.344533333334,12090.280172143364,109.95581008815934,21.580666666666666,0.042161333333333294,0.20533225107939887,3.247333333333333,0.00045733333333332793,0.02138535324312713,4676.940333333333,293.57141308334235,17.13392579309664,7160.576900000001,18257.37548509066,135.11985599863056,0.9646666666666667,9.33333333333335e-06,0.003055050463303896,0.9646666666666667,9.33333333333335e-06,0.003055050463303896,1.0,0.0,0.0,0.9646666666666667,9.33333333333335e-06,0.003055050463303896,0.8993333333333333,0.00016533333333333363,0.012858201014657285,0.8978666666666667,0.0001400933333333328,0.011836102962264767,0.6283514991717966,9.628048997627775e-06,0.003102909763049479,0.6283514991717966,9.628048997627775e-06,0.003102909763049479,4.177189353095271,4.1016518911772155e-05,0.00640441401782959,413.8337135678392,0.006384814701652123,0.07990503552124936,95.2,0.0,0.0,1.0,0.0,0.0,10,0,0.0,0.0,0.0,0.0,0.0,0.0,0.0
heat_loss_size,4000,0.8,5,3,0,60,3600,0,0,500,3,17.201333333333334,0.0023053333333333385,0.04801388688008229,1.814,0.0003160000000000006,0.017776388834631195,5027.704333333333,0.9447365833335803,0.9719756084046453,8011.4376666666685,15159.973356813716,123.12584357807957,23.974666666666668,0.19769733333333328,0.44463168278175286,6.3293333333333335,0.0036893333333333587,0.06073988255943008,5036.649,59.7220270000036,7.7280027820908295,8410.900366666669,159615.9271187224,399.5196204427542,0.5246666666666667,6.933333333333345e-05,0.008326663997864537,0.5246666666666667,6.933333333333345e-05,0.008326663997864537,1.0,0.0,0.0,0.5246666666666667,6.933333333333345e-05,0.008326663997864537,0.32733333333333337,0.00013333333333333358,0.011547005383792526,0.3224666666666667,2.9293333333333377e-05,0.005412331598611949,0.8182525951425338,8.257263255517507e-06,0.002873545415600301,0.8182525951425338,8.257263255517507e-06,0.002873545415600301,4.619176273808529,3.489674285894491e-05,0.005907346515902458,414.15396817420435,0.0011245962559873503,0.03353500046201506,95.2,0.0,0.0,1.0,0.0,0.0,10,0,0.0,0.0,0.0,0.0,0.0,0.0,0.0
heat_loss_size,4000,0.9,5,3,0,60,3600,0,0,500,3,11.915333333333333,0.015305333333333164,0.12371472561232622,0.398,0.004204,0.06483826030978931,4022.9725,0.05979025000000321,0.2445204490426173,5847.041966666668,33807.98305642243,183.86947287796968,20.575333333333333,0.03331733333333364,0.18253036277105691,8.805333333333333,0.001045333333333302,0.032331615074618555,4023.328666666667,0.08047308333341975,0.28367778082433553,5580.935833333334,94670.95079505349,307.6864488323356,0.17066666666666666,2.1333333333333223e-05,0.004618802153516994,0.17066666666666666,2.1333333333333223e-05,0.004618802153516994,1.0,0.0,0.0,0.17066666666666666,2.1333333333333223e-05,0.004618802153516994,0.056666666666666664,1.7333333333333342e-05,0.004163331998932267,0.053533333333333336,4.9373333333333385e-05,0.007026616065598958,0.9517955696434458,1.3522558993854069e-05,0.0036773032229956326,0.9517955696434458,1.3522558993854069e-05,0.0036773032229956326,4.901165949542329,3.3418996834753086e-05,0.005780916608527845,414.24696817420437,0.010571496334264118,0.10281778218899744,95.2,0.0,0.0,1.0,0.0,0.0,10,0,0.0,0.0,0.0,0.0,0.0,0.0,0.0
heat_loss_size,500,0,5,3,0,60,3600,0,0,500,3,12.52,0.001252000000000012,0.03538361202590844,1.1393333333333333,0.0004853333333333295,0.02203028218914432,60.496,0.18139300000000055,0.4259025710183029,64.70603333333334,0.6224005733333335,0.7889236802969812,15.493333333333334,0.0020253333333333265,0.04500370355130038,3,0,0.0,60.848166666666664,0.04200358333333287,0.20494775757088163,64.6739,0.6032700399999956,0.7767046027931054,1.0,0.0,0.0,1.0,0.0,0.0,1.0,0.0,0.0,1.0,0.0,0.0,0.9966666666666667,9.33333333333335e-06,0.003055050463303896,0.9980666666666667,1.3333333333330397e-08,0.00011547005383791244,0.0,0.0,0.0,0.0,0.0,0.0,1.0,0.0,0.0,12.404154103852596,0.004398885314343792,0.0663240930156138,65.3,0.0,0.0,1.0,0.0,0.0,10,0,0.0,0.0,0.0,0.0,0.0,0.0,0.0
heat_loss_size,500,0.1,5,3,0,60,3600,0,0,500,3,12.419333333333332,0.0026413333333333566,0.051393903659221654,1.1906666666666665,0.00038933333333333403,0.019731531449265007,282.96366666666665,43.296470083333126,6.580005325479085,627.8511333333333,124.65619014333316,11.164953656121156,15.337333333333333,0.0012253333333333428,0.03500476158086701,3,0,0.0,275.9175,0.2968622499999845,0.5448506676145166,635.3060666666668,49.227736243333304,7.016248017518573,1.0,0.0,0.0,1.0,0.0,0.0,1.0,0.0,0.0,1.0,0.0,0.0,0.9966666666666667,9.33333333333335e-06,0.003055050463303896,0.9977333333333334,1.3333333333330397e-08,0.00011547005383791244,0.00026973710842080617,4.1783491768055356e-08,0.0002044101068148426,0.00026973710842080617,4.1783491768055356e-08,0.0002044101068148426,1.237165527137852,1.574183435308366e-05,0.003967598058408092,12.402,0.0001689999999999974,0.0129999999999999,65.3,0.0,0.0,1.0,0.0,0.0,10,0,0.0,0.0,0.0,0.0,0.0,0.0,0.0
heat_loss_size,500,0.2,5,3,0,60,3600,0,0,500,3,12.347333333333333,0.0014493333333333515,0.0380701107607182,1.194,2.800000000000005e-05,0.005291502622129186,652.1528333333333,2.410962333333255,1.5527273853878067,1054.1566666666665,3.066734813333484,1.7512095286782459,15.316,0.000576000000000001,0.02400000000000002,3,0,0.0,651.2623333333333,0.10401458333332746,0.3225129196378456,1054.4503,144.23346606999857,12.009723813227287,1.0,0.0,0.0,1.0,0.0,0.0,1.0,0.0,0.0,1.0,0.0,0.0,0.9966666666666667,9.33333333333335e-06,0.003055050463303896,0.9978666666666667,4.133333333333755e-07,0.0006429100507328965,0.006460093472011187,3.922683041767154e-07,0.00062631326361232,0.006460093472011187,3.922683041767154e-07,0.00062631326361232,1.5554495622223774,0.00010640048295208376,0.01031506097665369,12.644594639865996,0.00017351807614284114,0.013172626015447381,65.3,0.0,0.0,1.0,0.0,0.0,10,0,0.0,0.0,0.0,0.0,0.0,0.0,0.0
heat_loss_size,500,0.3,5,3,0,60,3600,0,0,500,3,12.287333333333333,0.0043773333333333225,0.06616141876753644,1.206,0.0006240000000000011,0.024979991993593614,1049.2536666666667,43.67016033333298,6.608340210168737,1582.3158333333333,7434.14053230329,86.22146213271549,15.318666666666667,0.0039773333333333735,0.06306610288683909,3,0,0.0,1054.5291666666667,0.6394880833332597,0.7996799880785186,1589.9681666666668,6940.648598123328,83.31055514233073,1.0,0.0,0.0,1.0,0.0,0.0,1.0,0.0,0.0,1.0,0.0,0.0,0.9966666666666667,9.33333333333335e-06,0.003055050463303896,0.9981333333333333,4.133333333333755e-07,0.0006429100507328965,0.033843114868983296,2.998978360717456e-06,0.001731755860598559,0.033843114868983296,2.998978360717456e-06,0.001731755860598559,1.961400699774299,9.993386771695963e-06,0.0031612318440278884,13.171889447236177,0.037608018787404655,0.19392787006360035,65.3,0.0,0.0,1.0,0.0,0.0,10,0,0.0,0.0,0.0,0.0,0.0,0.0,0.0
heat_loss_size,500,0.4,5,3,0,60,3600,0,0,500,3,12.255333333333335,0.0022453333333333244,0.0473849483837782,1.2286666666666666,0.00012133333333333355,0.011015141094572214,1592.0513333333333,5841.302354083345,76.42841326420002,2242.3276333333333,191.3121545633291,13.831563706368456,15.314666666666668,0.0050813333333333205,0.07128347167003947,3,0,0.0,1591.7666666666667,5355.868118583338,73.18379683087875,2194.5399333333335,8731.505736663308,93.44252638206711,1.0,0.0,0.0,1.0,0.0,0.0,1.0,0.0,0.0,1.0,0.0,0.0,0.9966666666666667,9.33333333333335e-06,0.003055050463303896,0.9978666666666667,5.733333333333033e-07,0.0007571877794400166,0.10679766176442669,1.7135827630437986e-06,0.0013090388699514611,0.10679766176442669,1.7135827630437986e-06,0.0013090388699514611,2.4708700306277644,0.0005125820319198534,0.022640274554869104,213.04506030150753,0.000507369485618701,0.022524863720313627,65.3,0.0,0.0,1.0,0.0,0.0,10,0,0.0,0.0,0.0,0.0,0.0,0.0,0.0
heat_loss_size,500,0.5,5,3,0,60,3600,0,0,500,3,12.442666666666666,0.0028653333333333334,0.053528808443055534,1.276,0.001636000000000003,0.040447496832313405,2233.7844999999998,9.624055750000402,3.102266228098485,3015.5482,0.3062576100001294,0.5534054661820115,15.418000000000001,0.00024400000000000308,0.015620499351813408,3,0,0.0,2240.7906666666668,39.30753308333414,6.269572001606979,2928.3790333333345,7963.892548093236,89.24064403674615,1.0,0.0,0.0,1.0,0.0,0.0,1.0,0.0,0.0,1.0,0.0,0.0,0.9966666666666667,9.33333333333335e-06,0.003055050463303896,0.9978,7.599999999999436e-07,0.0008717797887081023,0.238502278001183,3.1050253217389996e-06,0.0017621082037545253,0.238502278001183,3.1050253217389996e-06,0.0017621082037545253,3.05090708329216,9.946738143014237e-05,0.009973333516439845,213.56639530988275,0.003072989831905878,0.05543455449361777,65.3,0.0,0.0,1.0,0.0,0.0,10,0,0.0,0.0,0.0,0.0,0.0,0.0,0.0
heat_loss_size,500,0.6,5,3,0,60,3600,0,0,500,3,12.852666666666666,0.004937333333333335,0.07026616065598956,1.3813333333333333,4.133333333333178e-05,0.006429100507328516,2915.2291666666665,7758.630174333364,88.08308676660556,3849.9824666666664,69.53971620333225,8.339047679641379,15.938666666666666,0.002417333333333373,0.04916638417997985,3,0,0.0,2892.8108333333334,3172.7197005833436,56.32690032820325,3906.7918,9628.263805240049,98.12371683359763,1.0,0.0,0.0,1.0,0.0,0.0,1.0,0.0,0.0,1.0,0.0,0.0,0.996,4.0000000000000074e-06,0.0020000000000000018,0.9959333333333333,1.7333333333329515e-07,0.0004163331998931807,0.4168331000751082,2.135322144656319e-06,0.0014612741510942834,0.4168331000751082,2.135322144656319e-06,0.0014612741510942834,3.625970310099739,3.3298970817591926e-06,0.0018248005594473037,214.69572026800668,0.010443184422954282,0.10219189998700622,65.3,0.0,0.0,1.0,0.0,0.0,10,0,0.0,0.0,0.0,0.0,0.0,0.0,0.0
heat_loss_size,500,0.7,5,3,0,60,3600,0,0,500,3,14.565333333333333,0.047801333333333626,0.2186351603318497,1.616,0.004475999999999991,0.06690291473471086,3958.6025,11470.168575749985,107.09887289673027,5588.447966666667,13933.079288623307,118.03846529256175,17.608666666666668,0.051781333333333346,0.22755512152736387,3.0746666666666664,0.0008493333333333369,0.02914332399252592,3841.4756666666667,189.63245358333046,13.770709988353195,5673.273600000001,40583.81472313007,201.45424970233333,0.9893333333333333,1.7333333333333363e-05,0.004163331998932269,0.9893333333333333,1.7333333333333363e-05,0.004163331998932269,1.0,0.0,0.0,0.9893333333333333,1.7333333333333363e-05,0.004163331998932269,0.9393333333333334,0.00017733333333333202,0.013316656236958737,0.941,1.6359999999999793e-05,0.004044749683231311,0.6214618471103517,4.611812691386281e-07,0.0006791032831157777,0.6214618471103517,4.611812691386281e-07,0.0006791032831157777,4.173350573356021,7.183833446678764e-05,0.008475749787882346,413.8877219430486,0.002957783523988807,0.0543855084005731,65.3,0.0,0.0,1.0,0.0,0.0,10,0,0.0,0.0,0.0,0.0,0.0,0.0,0.0
heat_loss_size,500,0.8,5,3,0,60,3600,0,0,500,3,15.053333333333333,0.006121333333333324,0.07823895023153955,1.352,0.001595999999999993,0.03994996871087627,4383.721166666667,14007.017033333388,118.3512443252431,6738.580466666668,46202.53086534249,214.9477398470207,19.564666666666668,0.048261333333333524,0.21968462243255335,4.177333333333333,0.005185333333333342,0.0720092586639617,4511.624833333333,52524.01662708334,229.18118733238848,6985.093833333333,13337.349293263356,115.48744214529715,0.832,0.00010000000000000018,0.010000000000000009,0.832,0.00010000000000000018,0.010000000000000009,1.0,0.0,0.0,0.832,0.00010000000000000018,0.010000000000000009,0.5366666666666667,0.0002613333333333338,0.016165807537309534,0.5344,0.00011115999999999927,0.010543244282477727,0.8153517281161208,8.19121567285938e-06,0.002862029991607247,0.8153517281161208,8.19121567285938e-06,0.002862029991607247,4.612284394340307,9.374661067049917e-06,0.00306180683045974,414.11059966499164,0.01972228141544331,0.1404360403010684,65.3,0.0,0.0,1.0,0.0,0.0,10,0,0.0,0.0,0.0,0.0,0.0,0.0,0.0
heat_loss_size,500,0.9,5,3,0,60,3600,0,0,500,3,11.646666666666667,0.02616133333333351,0.16174465472878388,0.342,0.0004679999999999995,0.021633307652783925,4022.728,0.06527500000003247,0.2554897258208879,5373.0837,98443.13383657011,313.75648811868433,18.280666666666665,0.06160533333333381,0.24820421699345444,6.6226666666666665,0.021701333333333322,0.14731372418526836,4023.0665,0.03015074999998889,0.17363971319945473,5375.364866666667,95040.33955106355,308.2861325961055,0.4826666666666667,0.0004493333333333329,0.021197484127446185,0.4826666666666667,0.0004493333333333329,0.021197484127446185,1.0,0.0,0.0,0.4826666666666667,0.0004493333333333329,0.021197484127446185,0.16133333333333333,1.3333333333333357e-06,0.0011547005383792527,0.16866666666666666,5.3693333333333337e-05,0.007327573495594114,0.9499994454951337,3.7361958320984384e-06,0.0019329241661530435,0.9499994454951337,3.7361958320984384e-06,0.0019329241661530435,4.898942974724793,3.4984874555660925e-05,0.005914801311596268,414.31321273031824,0.03289719482672509,0.18137583859689,65.3,0.0,0.0,1.0,0.0,0.0,10,0,0.0,0.0,0.0,0.0,0.0,0.0,0.0
heat_loss_size,8000,0,5,3,0,60,3600,0,0,500,3,15.162,0.0012160000000000163,0.034871191548325624,2.021333333333333,6.533333333333315e-05,0.00808290376865475,69.58066666666667,0.1399253333333315,0.37406594783985814,80.74303333333334,0.08140884333333295,0.28532234986648514,18.314666666666668,0.0032653333333332525,0.0571430952375985,3,0,0.0,73.29483333333333,3.4739465833333245,1.863852618458156,82.6804,0.2790060700000056,0.5282102516990802,1.0,0.0,0.0,1.0,0.0,0.0,1.0,0.0,0.0,1.0,0.0,0.0,0.9993333333333333,1.3333333333333357e-06,0.0011547005383792527,0.9998,3.9999999999991186e-08,0.00019999999999997797,0.0,0.0,0.0,0.0,0.0,0.0,1.0,0.0,0.0,12.784666666666666,0.00021233333333334252,0.014571661996263245,105.2,0.0,0.0,1.0,0.0,0.0,10,0,0.0,0.0,0.0,0.0,0.0,0.0,0.0
heat_loss_size,8000,0.1,5,3,0,60,3600,0,0,500,3,14.753333333333334,0.011209333333333286,0.10587413911495709,2.1313333333333335,0.0006253333333333383,0.025006665778014834,422.5031666666667,50.44639058333323,7.10256225480166,653.3394333333333,0.5083261633333385,0.7129699596289724,17.836,0.010307999999999986,0.10152832117197637,3,0,0.0,395.20233333333334,1963.7043863333345,44.31370427230536,649.3134333333334,17.41192165333342,4.172759477052735,1.0,0.0,0.0,1.0,0.0,0.0,1.0,0.0,0.0,1.0,0.0,0.0,0.9993333333333333,1.3333333333333357e-06,0.0011547005383792527,0.9998,0.0,0.0,0.00022544111126601655,1.0736383132013632e-08,0.00010361651959033189,0.00022544111126601655,1.0736383132013632e-08,0.00010361651959033189,1.2307733743268512,1.6356435822612236e-05,0.004044309066158549,13.122333333333334,0.006309333333333388,0.07943131204590158,105.2,0.0,0.0,1.0,0.0,0.0,10,0,0.0,0.0,0.0,0.0,0.0,0.0,0.0
heat_loss_size,8000,0.2,5,3,0,60,3600,0,0,500,3,14.543333333333333,0.006001333333333288,0.07746827307571331,2.1733333333333333,0.0008373333333333348,0.028936712552280964,691.0201666666667,144.57059158333334,12.023751144436304,1132.02,5724.227324729995,75.65862359790849,17.596666666666668,0.014433333333333144,0.12013880860626654,3,0,0.0,703.9603333333333,353.3142773333327,18.796656014656776,1244.0788666666667,6.382053323333921,2.526272614611084,1.0,0.0,0.0,1.0,0.0,0.0,1.0,0.0,0.0,1.0,0.0,0.0,0.9993333333333333,1.3333333333333357e-06,0.0011547005383792527,0.9998666666666667,5.333333333332159e-08,0.0002309401076758249,0.006129064826052595,2.5999396937593047e-07,0.0005098960378115626,0.006129064826052595,2.5999396937593047e-07,0.0005098960378115626,1.553945933783582,6.0365986418906384e-05,0.0077695550978744195,13.595340033500838,0.011383035941853352,0.1066913114637427,105.2,0.0,0.0,1.0,0.0,0.0,10,0,0.0,0.0,0.0,0.0,0.0,0.0,0.0
heat_loss_size,8000,0.3,5,3,0,60,3600,0,0,500,3,14.410666666666666,0.007961333333333402,0.08922630404389392,2.1713333333333336,0.0015613333333333267,0.0395137107006331,1241.6003333333333,70.6799665833316,8.407137835395089,1748.5236333333332,4345.788991413335,65.92259848802483,17.53933333333333,0.013057333333333497,0.11426868920808314,3,0,0.0,1248.0815,40.28534424999887,6.347073676112392,1799.3633333333335,5990.449761243343,77.39799584771781,1.0,0.0,0.0,1.0,0.0,0.0,1.0,0.0,0.0,1.0,0.0,0.0,0.9993333333333333,1.3333333333333357e-06,0.0011547005383792527,0.9998,3.9999999999991186e-08,0.00019999999999997797,0.03339171205334691,1.4160721256363526e-06,0.0011899882880248664,0.03339171205334691,1.4160721256363526e-06,0.0011899882880248664,1.9628777462252571,9.691687232299447e-06,0.0031131474800110974,14.701604690117247,0.025630711505601998,0.16009594468818378,105.2,0.0,0.0,1.0,0.0,0.0,10,0,0.0,0.0,0.0,0.0,0.0,0.0,0.0
heat_loss_size,8000,0.4,5,3,0,60,3600,0,0,500,3,14.437333333333333,0.01258133333333332,0.11216654284292317,2.2506666666666666,0.002681333333333325,0.05178159261101695,1851.1818333333333,30.80329608333314,5.550071718755817,2472.8565,40.4247933900018,6.358049495718149,17.479333333333333,0.001521333333333331,0.039004273270160164,3,0,0.0,1847.2605,145.32300625000113,12.054999222314414,2474.6017333333334,79.96659605332937,8.942404377645275,1.0,0.0,0.0,1.0,0.0,0.0,1.0,0.0,0.0,1.0,0.0,0.0,0.9993333333333333,1.3333333333333357e-06,0.0011547005383792527,0.9998,3.9999999999991186e-08,0.00019999999999997797,0.10476439110258377,8.067542402718815e-06,0.0028403419517232104,0.10476439110258377,8.067542402718815e-06,0.0028403419517232104,2.4720792338452484,3.809753480323501e-05,0.006172320050291868,213.30189279731994,0.00032156714056104683,0.01793229323207288,105.2,0.0,0.0,1.0,0.0,0.0,10,0,0.0,0.0,0.0,0.0,0.0,0.0,0.0
heat_loss_size,8000,0.5,5,3,0,60,3600,0,0,500,3,14.736666666666666,0.0034773333333333206,0.05896891836665584,2.2953333333333332,0.0004853333333333342,0.022030282189144428,2486.753,703.536027999994,26.52425358044961,3451.9236,664.8198567100106,25.784100851300025,17.83866666666667,0.011025333333333049,0.10500158728958839,3,0,0.0,2584.0533333333333,7236.529813083303,85.06779539334086,3445.0261,147.11641512999708,12.129155581902522,1.0,0.0,0.0,1.0,0.0,0.0,1.0,0.0,0.0,1.0,0.0,0.0,0.9993333333333333,1.3333333333333357e-06,0.0011547005383792527,0.9996666666666667,1.3333333333330397e-08,0.00011547005383791244,0.234285472305036,1.1071134102623653e-05,0.003327331378541015,0.234285472305036,1.1071134102623653e-05,0.003327331378541015,3.0385262074972594,7.962699554392959e-06,0.002821825571220333,213.9186850921273,0.0011248050385930764,0.033538113223511495,105.2,0.0,0.0,1.0,0.0,0.0,10,0,0.0,0.0,0.0,0.0,0.0,0.0,0.0
heat_loss_size,8000,0.6,5,3,0,60,3600,0,0,500,3,15.872666666666667,0.0017213333333333711,0.04148895435333808,2.5113333333333334,0.0008053333333333235,0.028378395538390177,3456.2025,0.1734277499999824,0.41644657520501044,4863.354133333333,671.6434829233461,25.91608540893756,18.880666666666666,0.0086893333333331,0.09321659365871025,3,0,0.0,3456.0185,1.5390189999999087,1.2405720454693103,4904.617366666666,11612.104293823286,107.75947426478697,1.0,0.0,0.0,1.0,0.0,0.0,1.0,0.0,0.0,1.0,0.0,0.0,0.996,4.0000000000000074e-06,0.0020000000000000018,0.9966,4.0000000000013395e-08,0.00020000000000003348,0.4193599896850358,1.8110154546753252e-06,0.0013457397425488055,0.4193599896850358,1.8110154546753252e-06,0.0013457397425488055,3.633151317036574,7.819167857814868e-05,0.008842605870338714,215.37701340033502,0.05207909235457476,0.22820844058573897,105.2,0.0,0.0,1.0,0.0,0.0,10,0,0.0,0.0,0.0,0.0,0.0,0.0,0.0
heat_loss_size,8000,0.7,5,3,0,60,3600,0,0,500,3,19.60666666666667,0.02058533333333329,0.1434758980920952,3.1013333333333333,0.005817333333333339,0.07627144507175238,5041.129333333333,446.5911023333214,21.132702201406268,7614.280233333334,43661.49192129315,208.9533247433339,22.958666666666666,0.018981333333332975,0.13777275976524886,3.35,0.0013720000000000086,0.037040518354904385,5048.095833333334,431.5820335833326,20.774552548330195,7695.686733333333,307.1610570433375,17.526010870798224,0.95,2.800000000000005e-05,0.005291502622129186,0.95,2.800000000000005e-05,0.005291502622129186,1.0,0.0,0.0,0.95,2.800000000000005e-05,0.005291502622129186,0.886,0.0002280000000000004,0.015099668870541512,0.8932,0.00036048000000000015,0.018986310858089314,0.6223515849437785,4.899610097676491e-05,0.006999721492799904,0.6223515849437785,4.899610097676491e-05,0.006999721492799904,4.171461509529302,0.00034267765248076283,0.018511554566831033,413.9254706867672,0.0030316746883483716,0.05506064554968795,105.2,0.0,0.0,1.0,0.0,0.0,10,0,0.0,0.0,0.0,0.0,0.0,0.0,0.0
heat_loss_size,8000,0.8,5,3,0,60,3600,0,0,500,3,17.991333333333333,0.1352693333333338,0.36778979503696646,1.9573333333333334,0.006009333333333311,0.07751988992080233,5172.336666666667,55186.80219658339,234.91871401951653,8466.753700000001,126156.94602588973,355.18579085584173,25.158666666666665,0.0021613333333331854,0.046490142324294784,6.714666666666667,0.042597333333333445,0.2063912142832961,5281.4231666666665,21968.08861233337,148.2163574384871,8767.81066666667,10618.223722572926,103.04476562432914,0.4693333333333333,0.0008693333333333331,0.02948445918332797,0.4693333333333333,0.0008693333333333331,0.02948445918332797,1.0,0.0,0.0,0.4693333333333333,0.0008693333333333331,0.02948445918332797,0.30466666666666664,1.7333333333333363e-05,0.004163331998932269,0.3048666666666667,7.401333333333358e-05,0.008603100216394877,0.8158921049330483,4.9728875479898335e-06,0.0022299972080677215,0.8158921049330483,4.9728875479898335e-06,0.0022299972080677215,4.616922013398993,2.8374816479537188e-05,0.005326801712053603,414.2109246231156,0.002071519380823139,0.045513947102214056,105.2,0.0,0.0,1.0,0.0,0.0,10,0,0.0,0.0,0.0,0.0,0.0,0.0,0.0
heat_loss_size,8000,0.9,5,3,0,60,3600,0,0,500,3,12.040666666666667,0.03864133333333322,0.19657398946283108,0.4206666666666667,0.000597333333333333,0.02444040370643114,4023.7201666666665,0.04683558333330909,0.2164153029092654,5904.883066666666,52165.002862173125,228.39659117896906,21.104666666666667,0.08404933333333303,0.28991263051708016,9.127333333333333,0.021625333333333403,0.14705554506149504,4023.6661666666664,0.0074250833333393395,0.08616892324579285,5774.3795,202416.1508867503,449.9068246723429,0.12466666666666666,0.00044133333333333324,0.02100793500878497,0.12466666666666666,0.00044133333333333324,0.02100793500878497,1.0,0.0,0.0,0.12466666666666666,0.00044133333333333324,0.02100793500878497,0.04933333333333333,9.733333333333335e-05,0.009865765724632495,0.0454,7.515999999999999e-05,0.008669486720677296,0.9500924250227548,2.925246659111732e-07,0.0005408554944818192,0.9500924250227548,2.925246659111732e-07,0.0005408554944818192,4.897549214018453,5.250891645568057e-07,0.0007246303640869638,414.3609011725293,0.020041236542852444,0.14156707436000945,105.2,0.0,0.0,1.0,0.0,0.0,10,0,0.0,0.0,0.0,0.0,0.0,0.0,0.0
latency,5000,0,0,3,0,60,3600,0,0,500,5,14.7716,0.005196800000000021,0.07208883408684053,1.8963999999999999,0.0008527999999999972,0.02920273959751032,5.6358999999999995,0.025083049999999996,0.15837629241777318,6.8769800000000005,0.20730165700000042,0.4553039171806019,17.7372,0.008851200000000023,0.09408081632298916,3,0,0.0,6.4845,0.05691212500000003,0.23856262280583693,7.87114,0.24861221299999947,0.49861028168299887,1.0,0.0,0.0,1.0,0.0,0.0,1.0,0.0,0.0,1.0,0.0,0.0,1.0,0.0,0.0,0.99976,6.8000000000005e-08,0.00026076809620811557,0.0,0.0,0.0,0.0,0.0,0.0,1.0,0.0,0.0,0.9718,0.0008887000000000016,0.02981107176872381,98.44,0.0029999999999996588,0.0547722557505135,1.0,0.0,0.0,10,0,0.0,0.0,0.0,0.0,0.0,0.0,0.0
latency,5000,0,1,3,0,60,3600,0,0,500,5,14.778,0.014901999999999953,0.12207374820165044,1.8952,0.002125199999999995,0.04609989154000251,22.5798,0.2982688250000005,0.5461399317024901,26.917180000000002,0.3242266219999996,0.5694090111685971,17.8156,0.0019008000000000644,0.04359816509900462,3,0,0.0,23.164,0.2543993750000002,0.504380188944808,27.3921,0.40554583999999966,0.6368248110744427,1.0,0.0,0.0,1.0,0.0,0.0,1.0,0.0,0.0,1.0,0.0,0.0,1.0,0.0,0.0,0.9998400000000001,7.999999999998239e-09,8.944271909998174e-05,0.0,0.0,0.0,0.0,0.0,0.0,1.0,0.0,0.0,4.2854,0.004345799999999995,0.06592268198427606,98.44,0.0029999999999996588,0.0547722557505135,1.0,0.0,0.0,10,0,0.0,0.0,0.0,0.0,0.0,0.0,0.0
latency,5000,0,10,3,0,60,3600,0,0,500,5,14.754,0.00993000000000003,0.09964938534682505,1.88,0.001607999999999994,0.04009987531152677,114.9227,0.2869588249999975,0.5356853787439018,137.57702,0.1614304869999972,0.40178412985084067,17.852,0.016409999999999984,0.12810152223919896,3,0,0.0,115.7029,1.3947109250000045,1.1809787995556924,137.952,0.47535383999999664,0.6894590923325303,1.0,0.0,0.0,1.0,0.0,0.0,1.0,0.0,0.0,1.0,0.0,0.0,1.0,0.0,0.0,0.99992,1.1999999999997356e-08,0.00010954451150102115,0.0,0.0,0.0,0.0,0.0,0.0,1.0,0.0,0.0,22.4934,0.003854299999999968,0.062083008947698144,98.44,0.0029999999999996588,0.0547722557505135,1.0,0.0,0.0,10,0,0.0,0.0,0.0,0.0,0.0,0.0,0.0
latency,5000,0,100,3,0,60,3600,0,0,500,5,14.7636,0.007422800000000049,0.08615567305755349,1.8784,0.0010047999999999947,0.03169858040985424,1017.7697,1.9976715749999434,1.413390100078511,1221.23658,3.695516936999705,1.9223727362298149,17.7728,0.005875199999999892,0.07664985322882159,3,0,0.0,1017.9683,1.9265546999999796,1.3880038544614997,1222.1091000000001,4.640093074999911,2.1540875272374405,1.0,0.0,0.0,1.0,0.0,0.0,1.0,0.0,0.0,1.0,0.0,0.0,1.0,0.0,0.0,0.99972,1.1200000000000419e-07,0.00033466401061363647,0.0,0.0,0.0,0.0,0.0,0.0,1.9674184335442164,4.123247055362012e-05,0.006421251478771106,202.8518,0.011494700000001697,0.1072133387223889,98.44,0.0029999999999996588,0.0547722557505135,1.0,0.0,0.0,10,0,0.0,0.0,0.0,0.0,0.0,0.0,0.0
latency,5000,0,150,3,0,60,3600,0,0,500,5,14.7748,0.0104212,0.10208427890718531,1.8856,0.0027167999999999936,0.052122931613638096,1515.6058,0.32317720000005395,0.5684867632584368,1818.46904,0.5268537329999402,0.7258469074122588,17.7336,0.01360880000000008,0.11665676148427952,3,0,0.0,1515.7468000000001,0.23977194999997947,0.4896651406828747,1818.8379,0.42348232499999877,0.6507551959070313,1.0,0.0,0.0,1.0,0.0,0.0,1.0,0.0,0.0,1.0,0.0,0.0,1.0,0.0,0.0,0.99988,1.1999999999997356e-08,0.00010954451150102115,0.0,0.0,0.0,0.0,0.0,0.0,2.0,0.0,0.0,302.6361527638191,0.0016416166839224899,0.0405168691278397,98.44,0.0029999999999996588,0.0547722557505135,1.0,0.0,0.0,10,0,0.0,0.0,0.0,0.0,0.0,0.0,0.0
latency,5000,0,2,3,0,60,3600,0,0,500,5,14.8308,0.015671199999999996,0.12518466359742314,1.9092,0.0013951999999999984,0.03735237609577199,34.792500000000004,1.3986271250000002,1.1826356687501016,41.23934,1.1941388329999993,1.0927665958474386,17.8652,0.009553199999999982,0.09774047268148432,3,0,0.0,35.4707,1.7206679499999968,1.3117423336921001,41.9583,1.6765009800000001,1.2947976598681357,1.0,0.0,0.0,1.0,0.0,0.0,1.0,0.0,0.0,1.0,0.0,0.0,1.0,0.0,0.0,0.99992,3.1999999999992954e-08,0.00017888543819996348,0.0,0.0,0.0,0.0,0.0,0.0,1.0,0.0,0.0,6.4262643216080395,0.004556832259286386,0.06750431289396543,98.44,0.0029999999999996588,0.0547722557505135,1.0,0.0,0.0,10,0,0.0,0.0,0.0,0.0,0.0,0.0,0.0
latency,5000,0,20,3,0,60,3600,0,0,500,5,14.8164,0.01938280000000004,0.13922212467851525,1.8800000000000001,0.003973999999999994,0.0630396700498979,215.1531,0.2339260500000015,0.4836590224528035,257.93664,0.4433946429999892,0.6658788500921089,17.8264,0.03813079999999976,0.1952710936109074,3,0,0.0,215.8944,2.9281063000000156,1.7111710317791193,258.34584,1.2088899979999832,1.099495337870963,1.0,0.0,0.0,1.0,0.0,0.0,1.0,0.0,0.0,1.0,0.0,0.0,1.0,0.0,0.0,0.99988,3.1999999999992954e-08,0.00017888543819996348,0.0,0.0,0.0,0.0,0.0,0.0,1.0,0.0,0.0,42.5248,0.0025946999999998683,0.05093819784797916,98.44,0.0029999999999996588,0.0547722557505135,1.0,0.0,0.0,10,0,0.0,0.0,0.0,0.0,0.0,0.0,0.0
latency,5000,0,200,3,0,60,3600,0,0,500,5,14.6584,0.0015727999999999662,0.03965854258542498,1.8564,0.00045679999999999685,0.021372880011828,2017.7573,0.05377669999999887,0.23189803793908836,2421.7547,0.49178349999998794,0.7012727714662733,17.736,0.041652000000000404,0.20408821622034037,3,0,0.0,2018.892,2.4795051249998314,1.5746444439935738,2421.90856,0.7182623230001056,0.8475035828833443,1.0,0.0,0.0,1.0,0.0,0.0,1.0,0.0,0.0,1.0,0.0,0.0,1.0,0.0,0.0,0.99968,3.200000000000849e-08,0.0001788854382000069,0.0,0.0,0.0,0.0,0.0,0.0,2.917856284027563,2.5849934590422294e-05,0.005084283095031422,403.0246,0.0020743000000000215,0.045544483749407255,98.44,0.0029999999999996588,0.0547722557505135,1.0,0.0,0.0,10,0,0.0,0.0,0.0,0.0,0.0,0.0,0.0
latency,5000,0,300,3,0,60,3600,0,0,500,5,14.7472,0.002217199999999973,0.04708715323737434,1.8876,0.0005407999999999955,0.023255106965997717,3016.8516,0.05626992500004809,0.23721282638181287,3619.86006,0.3717269230001177,0.6096941224910387,17.7716,0.014390799999999966,0.1199616605420247,3,0,0.0,3017.2019,0.4493686750000705,0.6703496662191087,3619.98154,0.33188347299982557,0.5760932849806754,1.0,0.0,0.0,1.0,0.0,0.0,1.0,0.0,0.0,1.0,0.0,0.0,1.0,0.0,0.0,0.99992,1.1999999999997356e-08,0.00010954451150102115,0.0,0.0,0.0,0.0,0.0,0.0,3.3991565096531886,0.00022424969883859638,0.014974969076381973,602.768903517588,0.0015666746849828138,0.039581241579601995,98.44,0.0029999999999996588,0.0547722557505135,1.0,0.0,0.0,10,0,0.0,0.0,0.0,0.0,0.0,0.0,0.0
latency,5000,0,400,3,0,60,3600,0,0,500,5,14.6848,0.009977200000000028,0.09988593494581721,1.8584,0.002146799999999995,0.04633357314086617,4016.4121999999998,0.2724216999999518,0.5219403222591179,4819.168680000001,0.38496155199966187,0.6204526992443999,17.7352,0.0026572000000000006,0.051548035850069014,3,0,0.0,4016.7786,0.09263592499996416,0.30436150380750215,4819.98396,0.32624963299991183,0.5711826616765532,1.0,0.0,0.0,1.0,0.0,0.0,1.0,0.0,0.0,1.0,0.0,0.0,1.0,0.0,0.0,0.99964,2.8000000000007156e-08,0.0001673320053068365,0.0,0.0,0.0,0.0,0.0,0.0,4.097330542733915,6.659523791023243e-05,0.008160590536856535,802.7457969849246,0.0011564121057561487,0.03400605983874269,98.44,0.0029999999999996588,0.0547722557505135,1.0,0.0,0.0,10,0,0.0,0.0,0.0,0.0,0.0,0.0,0.0
latency,5000,0,5,3,0,60,3600,0,0,500,5,14.8224,0.0056707999999999785,0.07530471432785585,1.8883999999999999,0.0004767999999999977,0.021835750502329835,64.59440000000001,0.34274642499999897,0.5854454927659781,77.62154,0.9770981629999972,0.9884827580691518,17.7456,0.002580800000000022,0.05080157477874108,3,0,0.0,65.3408,0.6316727000000069,0.7947783967874359,78.01501999999999,0.7667635219999928,0.8756503423170648,1.0,0.0,0.0,1.0,0.0,0.0,1.0,0.0,0.0,1.0,0.0,0.0,1.0,0.0,0.0,0.99972,7.20000000000019e-08,0.0002683281572999783,0.0,0.0,0.0,0.0,0.0,0.0,1.0,0.0,0.0,12.492838190954775,0.004642721363096926,0.06813751802859366,98.44,0.0029999999999996588,0.0547722557505135,1.0,0.0,0.0,10,0,0.0,0.0,0.0,0.0,0.0,0.0,0.0
latency,5000,0,50,3,0,60,3600,0,0,500,5,14.803600000000001,0.006594800000000037,0.08120837395244432,1.8780000000000001,0.0005259999999999959,0.02293468988235934,515.1918,0.19185445000000914,0.4380119290613089,618.25852,0.18594345199999646,0.43121160930568236,17.8424,0.00500680000000002,0.0707587450425742,3,0,0.0,515.5226,0.066090924999989,0.2570815532082942,618.43764,0.13985098299999413,0.3739665533172641,1.0,0.0,0.0,1.0,0.0,0.0,1.0,0.0,0.0,1.0,0.0,0.0,1.0,0.0,0.0,0.9998400000000001,4.7999999999989425e-08,0.0002190890230020423,0.0,0.0,0.0,0.0,0.0,0.0,1.0,0.0,0.0,102.5506,0.0016522999999997662,0.040648493207002964,98.44,0.0029999999999996588,0.0547722557505135,1.0,0.0,0.0,10,0,0.0,0.0,0.0,0.0,0.0,0.0,0.0
latency,5000,0,500,3,0,60,3600,0,0,500,5,14.7544,0.001234799999999965,0.03513972111443067,1.8808,0.0008031999999999957,0.028340783334269284,5016.1783000000005,0.07850507500008311,0.2801875711020799,6019.06312,0.1356869970000232,0.3683571595612378,17.796,0.011041999999999986,0.10508092119885505,3,0,0.0,5016.5055,0.1699858749999267,0.41229343312733796,6019.97126,0.7126648780002032,0.8441948104556217,1.0,0.0,0.0,1.0,0.0,0.0,1.0,0.0,0.0,1.0,0.0,0.0,1.0,0.0,0.0,0.9998400000000001,2.7999999999993832e-08,0.00016733200530679669,0.01255545764522127,1.2850810287694198e-05,0.003584802684624943,0.01255545764522127,1.2850810287694198e-05,0.003584802684624943,5.0,0.0,0.0,1002.707,0.0009039999999998222,0.03006659275674286,98.44,0.0029999999999996588,0.0547722557505135,1.0,0.0,0.0,10,0,0.0,0.0,0.0,0.0,0.0,0.0,0.0
latency,5000,0,600,3,0,60,3600,0,0,500,5,10,0,0.0,0,0,0.0,4022.7474,0.01587692500001049,0.1260036705814973,4025.29424,0.0403302030000428,0.20082381083935938,19.5268,0.0069972000000000974,0.08364926777922266,9.5268,0.006997199999999923,0.08364926777922162,4025.1524,0.02944804999998288,0.17160434143687298,4029.96442,0.15462868200004565,0.39322853660440976,0.06760000000000001,0.00014280000000000003,0.011949895397031726,0.06760000000000001,0.00014280000000000003,0.011949895397031726,1.0,0.0,0.0,0.06760000000000001,0.00014280000000000003,0.011949895397031726,0.011600000000000001,1.48e-05,0.003847076812334269,0.01336,3.8080000000000023e-06,0.0019514097468240755,1.0,0.0,0.0,1.0,0.0,0.0,5.0,0.0,0.0,nan,0.0,0.0,98.44,0.0029999999999996588,0.0547722557505135,1.0,0.0,0.0,10,0,0.0,0.0,0.0,0.0,0.0,0.0,0.0
latency,5000,0.3,0,3,0,60,3600,0,0,500,5,14.1324,0.0007687999999999983,0.02772724292099736,2.0656,0.000874800000000005,0.029577018105279056,1206.1361,0.08587217499997606,0.2930395451129012,1729.72454,11784.880676808,108.55819027972049,17.1832,0.004717200000000009,0.06868187533840357,3,0,0.0,1206.4652,0.10388070000001662,0.32230529005900077,1612.09452,1.7757961870001737,1.3325900296040691,1.0,0.0,0.0,1.0,0.0,0.0,1.0,0.0,0.0,1.0,0.0,0.0,1.0,0.0,0.0,0.99972,1.1999999999997356e-08,0.00010954451150102115,0.03497610501436263,9.60719864647899e-07,0.0009801631826629172,0.03497610501436263,9.60719864647899e-07,0.0009801631826629172,1.9703803296761726,0.00011788256491879495,0.010857373757902735,42.097290452261305,7813.445055781677,88.39369352946893,98.44,0.0029999999999996588,0.0547722557505135,1.0,0.0,0.0,10,0,0.0,0.0,0.0,0.0,0.0,0.0,0.0
latency,5000,0.3,1,3,0,60,3600,0,0,500,5,14.1364,0.00740679999999993,0.08606276779188507,2.026,0.0012560000000000028,0.03544009029333874,1179.5932,6081.713620449994,77.98534234360963,1638.53198,12.37298064700025,3.5175247898202864,17.185200000000002,0.009797199999999949,0.09898080622019578,3,0,0.0,1185.2116,6792.529283925007,82.41680219424317,1673.97386,6588.488019273014,81.16950178036709,1.0,0.0,0.0,1.0,0.0,0.0,1.0,0.0,0.0,1.0,0.0,0.0,1.0,0.0,0.0,0.9998400000000001,2.7999999999993832e-08,0.00016733200530679669,0.033118550721620905,3.6581725666289315e-07,0.0006048282869235641,0.033118550721620905,3.6581725666289315e-07,0.0006048282869235641,1.9673634078285476,0.00013327167674447908,0.011544335266462036,45.49922211055276,7879.716951841274,88.76776978071081,98.44,0.0029999999999996588,0.0547722557505135,1.0,0.0,0.0,10,0,0.0,0.0,0.0,0.0,0.0,0.0,0.0
latency,5000,0.3,10,3,0,60,3600,0,0,500,5,14.1264,0.003610799999999976,0.06008993260106035,2.02,0.001827999999999995,0.04275511665286384,1260.7603,129.68233457500125,11.387815180051055,1791.6202600000004,3468.8587343530276,58.89701804296231,17.133200000000002,0.00424519999999997,0.06515519933205614,3,0,0.0,1269.9422,579.922529575,24.08158071171824,1768.7533200000003,286.084687377006,16.914038174753124,1.0,0.0,0.0,1.0,0.0,0.0,1.0,0.0,0.0,1.0,0.0,0.0,1.0,0.0,0.0,0.9998,1.9999999999995593e-08,0.00014142135623729392,0.033990041971806446,3.6794849698350755e-06,0.0019181983656116162,0.033990041971806446,3.6794849698350755e-06,0.0019181983656116162,1.9733435791495324,7.556239374301922e-05,0.00869266321348177,103.58915376884421,11742.300467713907,108.36189582927159,98.44,0.0029999999999996588,0.0547722557505135,1.0,0.0,0.0,10,0,0.0,0.0,0.0,0.0,0.0,0.0,0.0
latency,5000,0.3,100,3,0,60,3600,0,0,500,5,14.4376,0.006652799999999975,0.0815646982462387,1.974,0.001817999999999998,0.04263801121065566,2060.2463,7586.2504675750115,87.09908419481235,2623.55882,2.218296496999915,1.4893946746916733,17.4396,0.013888799999999778,0.11785075307353694,3,0,0.0,2098.4864,11090.644904299996,105.31213085062896,2623.5117999999998,2.1561675050003624,1.4683894255272891,1.0,0.0,0.0,1.0,0.0,0.0,1.0,0.0,0.0,1.0,0.0,0.0,1.0,0.0,0.0,0.99996,7.999999999998239e-09,8.944271909998174e-05,0.06574617475787894,4.767100913949375e-06,0.002183369165750349,0.06574617475787894,4.767100913949375e-06,0.002183369165750349,2.8935937898003887,6.804918716535595e-05,0.00824919312207903,203.86805025125628,0.004907069379560913,0.07005047736854413,98.44,0.0029999999999996588,0.0547722557505135,1.0,0.0,0.0,10,0,0.0,0.0,0.0,0.0,0.0,0.0,0.0
latency,5000,0.3,150,3,0,60,3600,0,0,500,5,14.5444,0.010244800000000009,0.10121659942914506,1.9736,0.0013587999999999962,0.03686190445432786,2617.4001,2.732254674999657,1.6529533190624763,3181.64072,2921.364691857004,54.04965024731431,17.52,0.005954000000000097,0.07716216689544234,3,0,0.0,2617.4982999999997,0.7833343249997454,0.885061763381373,3164.6018600000007,2677.868646997977,51.748126990239726,1.0,0.0,0.0,1.0,0.0,0.0,1.0,0.0,0.0,1.0,0.0,0.0,1.0,0.0,0.0,0.99992,1.1999999999997356e-08,0.00010954451150102115,0.06840002098089988,1.9182197799315905e-06,0.0013849981154974871,0.06840002098089988,1.9182197799315905e-06,0.0013849981154974871,2.9086577631404382,4.7371204157468225e-05,0.006882674201025952,303.79460201005026,0.0031780033130475414,0.056373782142477735,98.44,0.0029999999999996588,0.0547722557505135,1.0,0.0,0.0,10,0,0.0,0.0,0.0,0.0,0.0,0.0,0.0
latency,5000,0.3,2,3,0,60,3600,0,0,500,5,14.1592,0.00943120000000005,0.0971143655696728,2.0496,0.0009768000000000042,0.03125379976898816,1226.4366,11.132628799999681,3.336559425516003,1686.5424400000002,5727.548995898007,75.68057211661396,17.2136,0.001382799999999953,0.03718601887806697,3,0,0.0,1225.6973,19.128148325000254,4.373573861843453,1756.1383799999999,8684.620779981995,93.19131279245933,1.0,0.0,0.0,1.0,0.0,0.0,1.0,0.0,0.0,1.0,0.0,0.0,1.0,0.0,0.0,0.9998,1.9999999999995593e-08,0.00014142135623729392,0.03467131340608413,4.4328783705973256e-06,0.002105440184521357,0.03467131340608413,4.4328783705973256e-06,0.002105440184521357,1.9722699149568608,0.00017183149500529685,0.013108451281722675,87.93312562814063,11665.148497028762,108.00531698499275,98.44,0.0029999999999996588,0.0547722557505135,1.0,0.0,0.0,10,0,0.0,0.0,0.0,0.0,0.0,0.0,0.0
latency,5000,0.3,20,3,0,60,3600,0,0,500,5,14.146,0.007022000000000009,0.08379737466054656,2.018,0.0017860000000000035,0.04226109321823092,1330.7531999999999,1692.4043678249982,41.13884256788222,1883.35768,307.3889396170003,17.53251093303524,17.107200000000002,0.004485200000000052,0.06697163578710058,3,0,0.0,1327.1466,178.8187420499982,13.372312516913379,1864.9772600000003,736.2252187080084,27.133470450865815,1.0,0.0,0.0,1.0,0.0,0.0,1.0,0.0,0.0,1.0,0.0,0.0,1.0,0.0,0.0,0.99992,1.1999999999997356e-08,0.00010954451150102115,0.03427592682433252,7.538585188869315e-07,0.0008682502628199611,0.03427592682433252,7.538585188869315e-07,0.0008682502628199611,1.9683942136576427,0.00014178445752465333,0.011907327891876218,83.69669246231155,7851.256591827218,88.60731680751437,98.44,0.0029999999999996588,0.0547722557505135,1.0,0.0,0.0,10,0,0.0,0.0,0.0,0.0,0.0,0.0,0.0
latency,5000,0.3,200,3,0,60,3600,0,0,500,5,14.6684,0.0026508000000000235,0.051485920405485844,1.952,0.0003300000000000006,0.018165902124584965,3021.4492,1.7866977000000015,1.33667411884872,3707.410240000001,10764.433599742888,103.7517884170817,17.6764,0.004022800000000076,0.06342554690343692,3,0,0.0,3061.2006,7630.193619925017,87.35097950180649,3664.40626,7604.540997713008,87.20401938966465,1.0,0.0,0.0,1.0,0.0,0.0,1.0,0.0,0.0,1.0,0.0,0.0,1.0,0.0,0.0,0.99992,3.1999999999992954e-08,0.00017888543819996348,0.12746570276929398,3.6656928689970466e-06,0.0019145999240042413,0.12746570276929398,3.6656928689970466e-06,0.0019145999240042413,3.7110688682953232,3.1732004515567716e-05,0.005633116767435921,403.80753165829145,0.0003409387060933872,0.018464525612465303,98.44,0.0029999999999996588,0.0547722557505135,1.0,0.0,0.0,10,0,0.0,0.0,0.0,0.0,0.0,0.0,0.0
latency,5000,0.3,300,3,0,60,3600,0,0,500,5,14.9084,0.011130799999999993,0.10550260660287021,1.9456,0.0025708000000000046,0.05070305710704242,4019.1271,1.9814655499997031,1.407645392135286,4781.73654,7742.44746558299,87.99117833955282,17.9244,0.00916679999999983,0.09574340708372472,3,0,0.0,4019.4426,0.41306267499999316,0.6426995215495287,4782.58574,7875.143234857962,88.74200377982211,1.0,0.0,0.0,1.0,0.0,0.0,1.0,0.0,0.0,1.0,0.0,0.0,1.0,0.0,0.0,0.99988,3.1999999999992954e-08,0.00017888543819996348,0.16892043134166923,1.0083443375164599e-05,0.0031754438075904602,0.16892043134166923,1.0083443375164599e-05,0.0031754438075904602,3.9800435957173166,7.617146353566616e-05,0.008727626454865387,603.33228040201,0.0012086887629107828,0.03476620144494913,98.44,0.0029999999999996588,0.0547722557505135,1.0,0.0,0.0,10,0,0.0,0.0,0.0,0.0,0.0,0.0,0.0
latency,5000,0.3,400,3,0,60,3600,0,0,500,5,15.2288,0.006203199999999989,0.07876039613917638,2.0303999999999998,0.0003088000000000021,0.017572706109191098,4841.9313,1922.493471825008,43.84624809290993,5783.230119999999,7409.144874751995,86.07638976369766,18.2772,0.029977200000000002,0.17313925031603897,3,0,0.0,4900.0815999999995,11151.994474674984,105.60300409872336,5745.38718,30854.936961862037,175.65573421286888,1.0,0.0,0.0,1.0,0.0,0.0,1.0,0.0,0.0,1.0,0.0,0.0,1.0,0.0,0.0,0.99972,5.200000000000631e-08,0.00022803508501984142,0.26904328291660196,9.200452799318409e-06,0.0030332248184594575,0.26904328291660196,9.200452799318409e-06,0.0030332248184594575,4.526021293927781,1.5570000051201473e-05,0.003945883937877731,802.9658050251256,0.00026865238756606315,0.016390618889049406,98.44,0.0029999999999996588,0.0547722557505135,1.0,0.0,0.0,10,0,0.0,0.0,0.0,0.0,0.0,0.0,0.0
latency,5000,0.3,5,3,0,60,3600,0,0,500,5,14.1324,7.679999999999588e-05,0.008763560920082422,2.0387999999999997,0.0003652000000000049,0.019110206696946134,1204.7828,3304.8769010750034,57.48805876940883,1769.20058,7168.374164451999,84.66625162632393,17.1616,0.0020068000000000854,0.04479732134849232,3,0,0.0,1244.8682000000001,78.50825819999977,8.860488598265887,1732.6690800000006,4374.184613046989,66.13761874339738,1.0,0.0,0.0,1.0,0.0,0.0,1.0,0.0,0.0,1.0,0.0,0.0,1.0,0.0,0.0,0.99972,3.1999999999992954e-08,0.00017888543819996348,0.0345810401945888,5.246652422935668e-06,0.002290557229788347,0.0345810401945888,5.246652422935668e-06,0.002290557229788347,1.9751449875942186,5.2244315986095454e-05,0.007228022965244055,14.124658291457262,0.053208731559790785,0.23067017917318827,98.44,0.0029999999999996588,0.0547722557505135,1.0,0.0,0.0,10,0,0.0,0.0,0.0,0.0,0.0,0.0,0.0
latency,5000,0.3,50,3,0,60,3600,0,0,500,5,14.2144,0.004386799999999937,0.06623292232719268,2.0288,0.0006111999999999984,0.024722459424579877,1596.7101,1756.5591404250051,41.91132472763185,2145.3979400000003,1716.5995072079954,41.43186584270609,17.2148,0.005899200000000049,0.07680624974570786,3,0,0.0,1616.3974,2.699351674999795,1.6429703816562837,2122.28746,6.362761212999839,2.5224514292647617,1.0,0.0,0.0,1.0,0.0,0.0,1.0,0.0,0.0,1.0,0.0,0.0,1.0,0.0,0.0,0.9995999999999999,8.000000000001569e-08,0.0002828427124746467,0.03333023385735333,2.3376964480861093e-06,0.0015289527291862588,0.03333023385735333,2.3376964480861093e-06,0.0015289527291862588,1.9591390841873986,1.9000911405025402e-05,0.004359003487613356,104.04647236180905,0.007415012285043244,0.08611046559532264,98.44,0.0029999999999996588,0.0547722557505135,1.0,0.0,0.0,10,0,0.0,0.0,0.0,0.0,0.0,0.0,0.0
latency,5000,0.3,500,3,0,60,3600,0,0,500,5,17.6964,0.04036479999999985,0.20090993006817717,2.4752,0.002561199999999997,0.05060829971457248,6024.4487,1.0867283250004385,1.0424626252295275,8035.71712,3.0898405520005454,1.7577942291407562,20.736,0.04131800000000008,0.20326829560952214,3.028,0.0002939999999999974,0.017146428199482172,6024.872899999999,1.4282304249998832,1.1950859487919199,8036.23636,6.677370272999961,2.5840608106234577,0.996,6.00000000000001e-06,0.00244948974278318,0.996,6.00000000000001e-06,0.00244948974278318,1.0,0.0,0.0,0.996,6.00000000000001e-06,0.00244948974278318,0.9892,1.7200000000000032e-05,0.004147288270665548,0.99036,1.1487999999999872e-05,0.0033893952262903588,0.5111592038336422,9.733453553156839e-06,0.0031198483221395296,0.5111592038336422,9.733453553156839e-06,0.0031198483221395296,5.0,0.0,0.0,1002.4357638190954,6.114071614357489e-05,0.007819252914669974,98.44,0.0029999999999996588,0.0547722557505135,1.0,0.0,0.0,10,0,0.0,0.0,0.0,0.0,0.0,0.0,0.0
latency,5000,0.3,600,3,0,60,3600,0,0,500,5,10,0,0.0,0,0,0.0,4022.9453,0.011125950000013483,0.1054796188844721,4025.39722,0.03853929199998329,0.19631426845744882,19.5304,0.006474799999999979,0.08046614194802668,9.5304,0.006474799999999959,0.08046614194802656,4025.2898,0.12935969999996288,0.3596660951493244,4030.0958,0.2104856299998233,0.4587871292874543,0.0672,0.00013320000000000004,0.011541230437002808,0.0672,0.00013320000000000004,0.011541230437002808,1.0,0.0,0.0,0.0672,0.00013320000000000004,0.011541230437002808,0.016,5.599999999999999e-05,0.0074833147735478825,0.01272,1.2712000000000001e-05,0.003565389179318297,1.0,0.0,0.0,1.0,0.0,0.0,5.0,0.0,0.0,nan,0.0,0.0,98.44,0.0029999999999996588,0.0547722557505135,1.0,0.0,0.0,10,0,0.0,0.0,0.0,0.0,0.0,0.0,0.0
loss,5000,0,5,3,0,60,3600,0,0,1000,10,14.7797,0.006333122222222186,0.07958091619365905,1.8802,0.0006732888888888877,0.025947810868913155,64.698,0.287568444444445,0.5362540857135216,77.55484,0.237006835999998,0.4868334787173105,17.761,0.008598666666666775,0.09272899582475147,3,0,0.0,65.2283,0.24428923333333438,0.49425624258408146,78.07975,0.4614182783333312,0.6792777622838327,1.0,0.0,0.0,1.0,0.0,0.0,1.0,0.0,0.0,1.0,0.0,0.0,0.9996,4.888888888888897e-07,0.0006992058987801016,0.9997900000000001,1.655555555555191e-08,0.00012866839377077773,0.0,0.0,0.0,0.0,0.0,0.0,1.0,0.0,0.0,12.4963,0.003391788888888918,0.05823906668971368,98.42,0.0017777777777775758,0.04216370213557599,1.0,0.0,0.0,10,0,0.0,0.0,0.0,0.0,0.0,0.0,0.0
loss,5000,0.1,5,3,0,60,3600,0,0,1000,10,14.3849,0.00222098888888892,0.047127368788092976,1.9523000000000001,0.00032778888888888977,0.0181049410076059,412.21605,416.8414178583331,20.416694586987706,650.22815,15.304108120555307,3.91204653864896,17.4081,0.0047932111111110825,0.06923302038125365,3,0,0.0,397.69415,1295.095412558333,35.987434092448616,650.0165,29.88276921111109,5.466513441958329,1.0,0.0,0.0,1.0,0.0,0.0,1.0,0.0,0.0,1.0,0.0,0.0,0.9996,4.888888888888897e-07,0.0006992058987801016,0.9997400000000001,2.044444444443994e-08,0.00014298407059683236,0.00021196687892157645,5.226138410773179e-09,7.229203559710558e-05,0.00021196687892157645,5.226138410773179e-09,7.229203559710558e-05,1.23294618771583,1.9287481166112623e-05,0.004391751491843844,12.596126633165829,0.00035631017623010574,0.018876180128143134,98.42,0.0017777777777775758,0.04216370213557599,1.0,0.0,0.0,10,0,0.0,0.0,0.0,0.0,0.0,0.0,0.0
loss,5000,0.2,5,3,0,60,3600,0,0,1000,10,14.2202,0.0015379555555555438,0.03921677645543478,2.0109,0.0005058777777777774,0.022491726874070327,682.17745,53.84217869166656,7.337722990932988,1107.81737,1616.6251355934394,40.20727714722099,17.206,0.004530000000000019,0.0673052746818555,3,0,0.0,684.1180499999999,38.397657080555526,6.196584307548435,1146.3590600000002,4993.354568935996,70.66367220103973,1.0,0.0,0.0,1.0,0.0,0.0,1.0,0.0,0.0,1.0,0.0,0.0,0.9996,4.888888888888897e-07,0.0006992058987801016,0.99975,2.9444444444437957e-08,0.00017159383568309778,0.006180659450074962,1.8966158201740257e-07,0.00043550152929398833,0.006180659450074962,1.8966158201740257e-07,0.00043550152929398833,1.5526407628595447,2.0242032228517988e-05,0.004499114604954844,12.83027487437186,0.0009614832175955147,0.03100779285269293,98.43,0.002333333333333068,0.04830458915396205,1.0,0.0,0.0,10,0,0.0,0.0,0.0,0.0,0.0,0.0,0.0
loss,5000,0.3,5,3,0,60,3600,0,0,1000,10,14.1175,0.0013038333333333354,0.03610863239356118,2.0213,0.0003824555555555551,0.01955647093817172,1233.92705,63.92310124722242,7.995192383377802,1704.9493700000003,623.989857369034,24.979788977672207,17.1096,0.005246044444444426,0.07242958266098477,3,0,0.0,1238.51295,103.86374363611087,10.191356319750128,1739.39241,4687.346182943222,68.464196357974,1.0,0.0,0.0,1.0,0.0,0.0,1.0,0.0,0.0,1.0,0.0,0.0,0.9996,4.888888888888897e-07,0.0006992058987801016,0.9997900000000001,9.88888888888671e-09,9.944289260116437e-05,0.034788623415105656,1.461548484857445e-06,0.0012089451951422135,0.034788623415105656,1.461548484857445e-06,0.0012089451951422135,1.971174501442285,5.242648042982094e-05,0.007240613263379073,14.09293618090452,0.03251760874753314,0.18032639503836687,98.42,0.0017777777777775758,0.04216370213557599,1.0,0.0,0.0,10,0,0.0,0.0,0.0,0.0,0.0,0.0,0.0
loss,5000,0.4,5,3,0,60,3600,0,0,1000,10,14.1121,0.0037492111111110905,0.06123080197997647,2.0461,0.0005309888888888921,0.023043196151768794,1825.65735,1232.4233950027758,35.105888323795135,2454.57503,92.0749259956667,9.59556803923909,17.1228,0.003089511111111129,0.05558337081458023,3,0,0.0,1809.7709,3186.5212576555527,56.44928039980273,2452.44279,89.77509315655526,9.474971934341298,1.0,0.0,0.0,1.0,0.0,0.0,1.0,0.0,0.0,1.0,0.0,0.0,0.9996,4.888888888888897e-07,0.0006992058987801016,0.99979,4.7666666666670726e-08,0.0002183269719175135,0.10653715720474055,1.2101527522327877e-06,0.001100069430641897,0.10653715720474055,1.2101527522327877e-06,0.001100069430641897,2.472350604645095,6.133995037831742e-05,0.00783198253179343,213.22581809045226,0.0007044270980810536,0.026541045534813686,98.42,0.0017777777777775758,0.04216370213557599,1.0,0.0,0.0,10,0,0.0,0.0,0.0,0.0,0.0,0.0,0.0
loss,5000,0.5,5,3,0,60,3600,0,0,1000,10,14.4008,0.003804844444444421,0.061683421147374934,2.1475,0.0006611666666666614,0.02571316135107975,2468.70685,32.54693022500058,5.70499169368375,3310.15655,4957.443212878325,70.40911313799035,17.3482,0.004892622222222257,0.06994728173576338,3,0,0.0,2467.1280500000003,32.98277380277749,5.743063102803023,3269.06344,128.4941974337785,11.335528105641066,1.0,0.0,0.0,1.0,0.0,0.0,1.0,0.0,0.0,1.0,0.0,0.0,0.9995,5.000000000000009e-07,0.0007071067811865482,0.99972,3.066666666666781e-08,0.00017511900715418588,0.23587473303865042,7.8880456906114e-06,0.0028085664832101444,0.23587473303865042,7.8880456906114e-06,0.0028085664832101444,3.046569546783441,5.992864251233205e-05,0.007741359216076466,213.76706432160805,0.0013672308881089563,0.03697608535403601,98.42,0.0017777777777775758,0.04216370213557599,1.0,0.0,0.0,10,0,0.0,0.0,0.0,0.0,0.0,0.0,0.0
loss,5000,0.6,5,3,0,60,3600,0,0,1000,10,15.8276,0.007133822222222258,0.08446195724835091,2.5148,0.0012937333333333304,0.035968504741416905,3452.87745,37.87540919166684,6.1543000570062265,4844.56081,3083.9526478387747,55.533347169415016,18.7702,0.00606884444444444,0.0779027884253474,3.0028,2.3955555555555254e-05,0.004894441291460676,3448.6303,117.58718756666588,10.843762611135762,4790.64222,9013.223029783954,94.93799571185372,0.9996,4.888888888888897e-07,0.0006992058987801016,0.9996,4.888888888888897e-07,0.0006992058987801016,1.0,0.0,0.0,0.9996,4.888888888888897e-07,0.0006992058987801016,0.9956,3.822222222222229e-06,0.0019550504398153593,0.99546,1.6937777777777649e-06,0.001301452180365366,0.41863414934752885,6.6134133964401225e-06,0.0025716557694295174,0.41863414934752885,6.6134133964401225e-06,0.0025716557694295174,3.636758304958828,6.95436584690452e-05,0.008339284050147541,254.99453417085425,6967.171411395055,83.46958374998077,98.42,0.0017777777777775758,0.04216370213557599,1.0,0.0,0.0,10,0,0.0,0.0,0.0,0.0,0.0,0.0,0.0
loss,5000,0.7,5,3,0,60,3600,0,0,1000,10,21.0383,0.06473756666666668,0.25443578102669967,3.6097,0.0038844555555555545,0.062325400564742096,5326.75295,8709.216989358332,93.32318570086606,8481.34553,17030.106684577924,130.49945089761076,24.8393,0.019588011111111144,0.1399571759900547,3.7498,0.00284995555555556,0.05338497499817303,5378.7117,7228.149454455526,85.01852418417721,8502.655550000001,17526.680652818595,132.3883705346455,0.8929,5.832222222222233e-05,0.0076368987306512275,0.8929,5.832222222222233e-05,0.0076368987306512275,1.0,0.0,0.0,0.8929,5.832222222222233e-05,0.0076368987306512275,0.7689,0.000243655555555556,0.015609470060048675,0.7689,0.00014170444444444447,0.01190396759254848,0.6239044388169428,4.550278917851849e-06,0.0021331382791211283,0.6239044388169428,4.550278917851849e-06,0.0021331382791211283,4.176245874558619,3.42669199173398e-05,0.0058537953429668,413.8991467336684,0.0014541049064417653,0.03813272749806609,98.42,0.0017777777777775758,0.04216370213557599,1.0,0.0,0.0,10,0,0.0,0.0,0.0,0.0,0.0,0.0,0.0
loss,5000,0.75,5,3,0,60,3600,0,0,1000,10,20.8083,0.046048011111111106,0.2145880031854323,3.0919,0.005392322222222222,0.07343243304032777,5710.9218,8795.832420177778,93.78609929076791,9260.982600000001,30595.212642088973,174.91487255830756,26.2376,0.05029426666666666,0.22426383272089742,5.6482,0.014717288888888881,0.12131483375452848,5637.76375,11650.549980347208,107.93771342930704,9181.592980000001,22979.553985014834,151.590085378348,0.6217,0.0003004555555555561,0.017333653843190595,0.6217,0.0003004555555555561,0.017333653843190595,1.0,0.0,0.0,0.6217,0.0003004555555555561,0.017333653843190595,0.4471,0.00040254444444444475,0.020063510272244105,0.44562,0.0001925973333333333,0.013877944132087192,0.7238050752315732,7.13712431301828e-06,0.0026715396895831962,0.7238050752315732,7.13712431301828e-06,0.0026715396895831962,4.413763427057326,6.626193391376043e-05,0.00814014335953369,414.07193718592964,0.0014142738609293202,0.03760683263622876,98.42,0.0017777777777775758,0.04216370213557599,1.0,0.0,0.0,10,0,0.0,0.0,0.0,0.0,0.0,0.0,0.0
loss,5000,0.8,5,3,0,60,3600,0,0,1000,10,17.3681,0.03422565555555546,0.18500177176328736,1.8775,0.004820055555555563,0.06942661993468761,5028.07255,1.2104075249998256,1.100185223041932,8255.26091,16487.752966832195,128.404645425437,24.7979,0.038993655555555604,0.19746811275635265,7.5605,0.00802783333333332,0.08959817706478922,5028.73555,5.354997469443894,2.314086746309199,8214.99162,33558.52364763498,183.18985683611137,0.3485,0.00016383333333333316,0.012799739580684177,0.3485,0.00016383333333333316,0.012799739580684177,1.0,0.0,0.0,0.3485,0.00016383333333333316,0.012799739580684177,0.1974,0.0001467111111111111,0.012112436217008991,0.19418,8.403733333333338e-05,0.009167187863970793,0.8150436783132073,5.574757456311101e-06,0.0023610924285828163,0.8150436783132073,5.574757456311101e-06,0.0023610924285828163,4.617439985981535,3.849464167423673e-05,0.006204405021775797,414.1919577889447,0.0015545001231733323,0.03942714956946967,98.42,0.0017777777777775758,0.04216370213557599,1.0,0.0,0.0,10,0,0.0,0.0,0.0,0.0,0.0,0.0,0.0
loss,5000,0.85,5,3,0,60,3600,0,0,1000,10,13.7942,0.022395511111111172,0.14965129839433794,0.891,0.0007717777777777791,0.0277808887146862,4024.69325,0.24884979166673643,0.49884846563534346,6796.89152,24376.93721094387,156.13115387693728,22.6303,0.01956401111111123,0.1398714091982748,8.7947,0.004136011111111135,0.06431182714797594,4025.4245,0.23574266666661225,0.48553338367882826,6775.52855,26578.799838520554,163.03005808292087,0.1722,8.439999999999992e-05,0.009186947262284677,0.1722,8.439999999999992e-05,0.009186947262284677,1.0,0.0,0.0,0.1722,8.439999999999992e-05,0.009186947262284677,0.0751,6.298888888888889e-05,0.007936553968120477,0.07349,2.8303222222222225e-05,0.005320077275963407,0.8930815248540754,2.431019802357276e-06,0.0015591727942589546,0.8930815248540754,2.431019802357276e-06,0.0015591727942589546,4.781538804545647,9.729510695218713e-06,0.003119216359154766,414.25612361809044,0.002815378462383974,0.0530601400524346,98.42,0.0017777777777775758,0.04216370213557599,1.0,0.0,0.0,10,0,0.0,0.0,0.0,0.0,0.0,0.0,0.0
loss,5000,0.9,5,3,0,60,3600,0,0,1000,10,11.5397,0.008550455555555548,0.09246867337404353,0.3469,0.00034121111111111083,0.018471900581995097,4022.9313,0.01728962222221662,0.13149000806987815,5098.336050000001,9937.58308620051,99.68742692135508,20.9211,0.010116322222222302,0.10057992951987142,9.330400000000001,0.006848711111111124,0.08275693995739043,4023.30695,0.00722324722221791,0.08498968891705576,5162.96906,20776.617070904973,144.14096250166006,0.09570000000000001,0.00014067777777777778,0.011860766323378005,0.09570000000000001,0.00014067777777777778,0.011860766323378005,1.0,0.0,0.0,0.09570000000000001,0.00014067777777777778,0.011860766323378005,0.0293,3.0677777777777775e-05,0.005538752366533259,0.02962,8.752888888888892e-06,0.0029585281625985737,0.9511307432423575,2.5060228943049226e-06,0.0015830422907506048,0.9511307432423575,2.5060228943049226e-06,0.0015830422907506048,4.900641541592313,1.0787075679379322e-05,0.0032843683836286273,414.26894271356787,0.015285277359438028,0.12363364169771118,98.42,0.0017777777777775758,0.04216370213557599,1.0,0.0,0.0,10,0,0.0,0.0,0.0,0.0,0.0,0.0,0.0
loss,5000,0.95,5,3,0,60,3600,0,0,1000,10,10.3613,0.002204677777777796,0.04695399639836631,0.0793,9.689999999999994e-05,0.009843779761859768,4022.6903,0.014350288888905863,0.1197926913000366,4025.804,0.07042875777785948,0.26538417017195937,19.9707,0.007260455555555498,0.08520830684596131,9.6131,0.003360322222222227,0.05796828634884964,4023.04415,0.005783169444442033,0.07604715277012042,4026.7938200000003,0.2181342328888431,0.4670484267063139,0.0553,6.867777777777779e-05,0.0082872056676408,0.0553,6.867777777777779e-05,0.0082872056676408,1.0,0.0,0.0,0.0553,6.867777777777779e-05,0.0082872056676408,0.0112,1.2400000000000002e-05,0.003521363372331802,0.01154,7.507111111111113e-06,0.002739910785246686,0.9876661138727912,1.0094873989610589e-06,0.001004732501196741,0.9876661138727912,1.0094873989610589e-06,0.001004732501196741,4.974996870964049,3.957880309361471e-06,0.001989442210611173,414.3590407035176,0.14477795426855486,0.3804969832581526,98.42,0.0017777777777775758,0.04216370213557599,1.0,0.0,0.0,10,0,0.0,0.0,0.0,0.0,0.0,0.0,0.0
scalability,1024,0,5,3,0,60,3600,0,0,1000,10,13.19,0.001714888888888893,0.04141121694527816,1.3645,0.0004718333333333326,0.02172172491616015,61.41865,0.021372502777777854,0.1461933746028795,70.64726,7.467487156000019,2.7326703343067233,16.1366,0.003342488888888914,0.05781426198516171,3,0,0.0,61.5589,0.013549322222222241,0.11640155592698168,69.97539,8.254606467666688,2.8730830944591017,1.0,0.0,0.0,1.0,0.0,0.0,1.0,0.0,0.0,1.0,0.0,0.0,0.9994,7.111111111111123e-07,0.0008432740427115685,0.99907,4.0111111111102274e-08,0.0002002775851439753,0.0,0.0,0.0,0.0,0.0,0.0,1.0,0.0,0.0,12.3098,0.00040395555555556504,0.020098645614955377,75.52,0.0017777777777775758,0.04216370213557599,1.0,0.0,0.0,10,0,0.0,0.0,0.0,0.0,0.0,0.0,0.0
scalability,128,0,5,3,0,60,3600,0,0,1000,10,11.0,0.0021888888888888713,0.04678556282539381,0.6862,0.0005583999999999985,0.023630488780387055,50.233,0.01370938888888906,0.11708709958355387,62.03472,0.09983400177777794,0.31596519076913826,13.9812,0.005749288888888874,0.07582406536772394,3,0,0.0,50.494550000000004,0.02229563611111125,0.14931723313506465,62.18976,0.2899810537777781,0.5384988893004127,1.0,0.0,0.0,1.0,0.0,0.0,1.0,0.0,0.0,1.0,0.0,0.0,0.9934,8.044444444444458e-06,0.0028362729848243552,0.99244,3.5377777777776155e-07,0.0005947922139518654,0.0,0.0,0.0,0.0,0.0,0.0,1.0,0.0,0.0,12.4111,0.0010696555555555465,0.032705589056850004,45.39,0.01655555555555557,0.12866839377079195,1.0,0.0,0.0,10,0,0.0,0.0,0.0,0.0,0.0,0.0,0.0
scalability,16,0,5,3,0,60,3600,0,0,1000,10,10,0,0.0,0.0024,3.648888888888889e-05,0.00604060335470629,49.447050000000004,0.008371969444444217,0.0914984668966875,51.47145,0.02681496500000014,0.1637527557020038,13,0,0.0,3,0,0.0,49.6036,0.011844822222222311,0.10883392036595167,51.68354,0.038558158222221924,0.19636231365061352,1.0,0.0,0.0,1.0,0.0,0.0,1.0,0.0,0.0,1.0,0.0,0.0,0.9371,0.00010454444444444373,0.010224697767877725,0.93818,2.672888888888891e-06,0.0016348972104963941,0.0,0.0,0.0,0.0,0.0,0.0,1.0,0.0,0.0,12.311674874371858,0.00033100569878987324,0.01819356201489618,14.96,0.00711111111111106,0.08432740427115648,1.0,0.0,0.0,10,0,0.0,0.0,0.0,0.0,0.0,0.0,0.0
scalability,16384,0,5,3,0,60,3600,0,0,1000,10,15.928,0.002783999999999963,0.05276362383309133,2.2592,0.0002177333333333323,0.014755789824110816,76.85185,0.16188166944444504,0.4023452117826743,89.51773,0.966349246777777,0.9830306438650714,18.9234,0.012402266666666691,0.11136546442531765,3,0,0.0,77.4164,0.30046387777777817,0.548145854474681,89.98587,1.3924811690000047,1.1800343931428459,1.0,0.0,0.0,1.0,0.0,0.0,1.0,0.0,0.0,1.0,0.0,0.0,1.0,0.0,0.0,0.99997,2.3333333333328195e-09,4.8304589153959475e-05,0.0,0.0,0.0,0.0,0.0,0.0,1.0,0.0,0.0,12.868993467336683,0.003540260616594947,0.059500089215016705,115.53999999999999,0.0026666666666663634,0.05163977794942929,1.0,0.0,0.0,10,0,0.0,0.0,0.0,0.0,0.0,0.0,0.0
scalability,2048,0,5,3,0,60,3600,0,0,1000,10,13.9373,0.002932455555555558,0.054152151901430086,1.6045,0.0002718333333333335,0.01648736890268831,62.29595,0.16512691388888903,0.4063581104012679,74.91920999999999,0.3076080276666658,0.5546242220338612,16.883,0.001465777777777789,0.03828547737429676,3,0,0.0,62.5117,0.14666345555555588,0.38296665070937425,74.89495,0.308145462777778,0.555108514416576,1.0,0.0,0.0,1.0,0.0,0.0,1.0,0.0,0.0,1.0,0.0,0.0,0.9997,2.3333333333333376e-07,0.0004830458915396484,0.9995700000000001,2.011111111111334e-08,0.00014181364924122552,0.0,0.0,0.0,0.0,0.0,0.0,1.0,0.0,0.0,12.343183417085427,0.0020220058766753585,0.04496671965660113,85.52,0.006222222222221515,0.07888106377465706,1.0,0.0,0.0,10,0,0.0,0.0,0.0,0.0,0.0,0.0,0.0
scalability,256,0,5,3,0,60,3600,0,0,1000,10,11.7571,0.0022918777777777774,0.0478735603206799,0.9181,0.000311877777777777,0.01766006165837982,51.0495,0.06580044444444397,0.2565159730785667,63.34774,0.08848488933333382,0.2974640975535263,14.7481,0.0026001000000000427,0.05099117570717548,3,0,0.0,51.3897,0.09901378888888908,0.31466456567095236,63.64275,0.10569900499999987,0.3251138339105241,1.0,0.0,0.0,1.0,0.0,0.0,1.0,0.0,0.0,1.0,0.0,0.0,0.9977,3.566666666666673e-06,0.0018885620632287075,0.99613,2.423333333333377e-07,0.0004922736366426072,0.0,0.0,0.0,0.0,0.0,0.0,1.0,0.0,0.0,12.369795979899497,0.0015829578388873147,0.03978640268844765,55.48,0.03733333333333373,0.1932183566158602,1.0,0.0,0.0,10,0,0.0,0.0,0.0,0.0,0.0,0.0,0.0
scalability,32,0,5,3,0,60,3600,0,0,1000,10,10.0142,0.0020163999999999846,0.044904342774390815,0.1828,0.00014506666666666676,0.0120443624433453,49.29435,0.035692780555555755,0.18892533063503092,51.029309999999995,0.2231501565555547,0.47238771846392735,13.0073,0.0005329000000000059,0.023084626919229297,3,0,0.0,49.392849999999996,0.04594278055555534,0.2143426708696972,51.20343,0.2787596712222195,0.5279769608820252,1.0,0.0,0.0,1.0,0.0,0.0,1.0,0.0,0.0,1.0,0.0,0.0,0.9692999999999999,4.423333333333341e-05,0.0066508144864620465,0.96875,2.569444444444399e-06,0.0016029486718059313,0.0,0.0,0.0,0.0,0.0,0.0,1.0,0.0,0.0,12.243753768844222,0.00688106464202643,0.08295218286474702,25.25,0.16722222222222208,0.4089281382128431,1.0,0.0,0.0,10,0,0.0,0.0,0.0,0.0,0.0,0.0,0.0
scalability,4096,0,5,3,0,60,3600,0,0,1000,10,14.5922,0.0062217333333333055,0.07887796481485375,1.8159,0.0008152111111111128,0.02855190205767582,63.73275,0.02763790277777799,0.16624651207702973,76.48075,0.05223111611111049,0.22854127879031064,17.5921,0.0035665444444444947,0.05972055294824802,3,0,0.0,64.22925000000001,0.04573956944444468,0.21386811226651972,76.89028,0.09004852844444501,0.3000808698408564,1.0,0.0,0.0,1.0,0.0,0.0,1.0,0.0,0.0,1.0,0.0,0.0,0.9997,2.3333333333333376e-07,0.0004830458915396484,0.99977,1.122222222221975e-08,0.00010593499054712636,0.0,0.0,0.0,0.0,0.0,0.0,1.0,0.0,0.0,12.4054,0.0001258222222222142,0.011217050513491245,95.52,0.0017777777777775758,0.04216370213557599,1.0,0.0,0.0,10,0,0.0,0.0,0.0,0.0,0.0,0.0,0.0
scalability,512,0,5,3,0,60,3600,0,0,1000,10,12.47,0.001318666666666658,0.03631345021705674,1.1379,0.0003434333333333328,0.018531954385151417,60.51135,0.04116222499999993,0.20288475792922425,64.40176,0.11593807599999971,0.34049680762086404,15.4438,0.007582400000000046,0.0870769774395049,3,0,0.0,60.0642,1.9500813444444474,1.3964531300564467,64.6555,0.13162646888888885,0.36280362303715885,1.0,0.0,0.0,1.0,0.0,0.0,1.0,0.0,0.0,1.0,0.0,0.0,0.9989,1.2111111111111133e-06,0.001100504934614613,0.99838,2.0400000000001922e-07,0.00045166359162546985,0.0,0.0,0.0,0.0,0.0,0.0,1.0,0.0,0.0,12.372347738693467,0.0009678286115109334,0.031109943932944226,65.55,0.009444444444444318,0.09718253158075435,1.0,0.0,0.0,10,0,0.0,0.0,0.0,0.0,0.0,0.0,0.0
scalability,64,0,5,3,0,60,3600,0,0,1000,10,10.483699999999999,0.0036762333333333072,0.06063194977347593,0.4476,0.00043048888888888906,0.020748226162467215,49.2047,0.008942011111111188,0.09456220762604471,53.292120000000004,12.2100150128889,3.4942831901391305,13.448599999999999,0.00241693333333334,0.049162316191706634,3,0,0.0,49.321600000000004,0.005586155555555678,0.07474058840787699,52.55184,6.719477291555554,2.5921954578224913,1.0,0.0,0.0,1.0,0.0,0.0,1.0,0.0,0.0,1.0,0.0,0.0,0.9832,3.417777777777784e-05,0.00584617633823834,0.9838,1.8266666666667109e-06,0.0013515423288475692,0.0,0.0,0.0,0.0,0.0,0.0,1.0,0.0,0.0,12.1418,0.0007712888888889004,0.027772088306227537,35.269999999999996,0.04455555555555554,0.21108186931983416,1.0,0.0,0.0,10,0,0.0,0.0,0.0,0.0,0.0,0.0,0.0
scalability,8192,0,5,3,0,60,3600,0,0,1000,10,15.2726,0.008360933333333353,0.09143813938031194,2.0422000000000002,0.0014224000000000055,0.03771471861223421,70.9534,4.423134766666658,2.1031250002476454,81.10755,0.20888804722222215,0.45704271925304985,18.2152,0.00747728888888887,0.08647131830201775,3,0,0.0,70.8082,2.31788778888889,1.522461096018184,82.04495,0.23275828277777405,0.4824502904733026,1.0,0.0,0.0,1.0,0.0,0.0,1.0,0.0,0.0,1.0,0.0,0.0,1.0,0.0,0.0,0.99993,4.555555555554552e-09,6.749485577104786e-05,0.0,0.0,0.0,0.0,0.0,0.0,1.0,0.0,0.0,12.700899999999999,0.0014343222222222207,0.037872446741955036,105.53999999999999,0.0026666666666663634,0.05163977794942929,1.0,0.0,0.0,10,0,0.0,0.0,0.0,0.0,0.0,0.0,0.0
scalability_before,1024,0,5,3,0,60,3600,0,0,1000,10,13.5269,0.003462322222222208,0.058841500849504236,1.4905,0.00033738888888888805,0.018368148760528048,61.95705,0.02324985833333355,0.15247904227576178,73.44783,0.23684230233332992,0.48666446586260015,16.5559,0.0029983222222222518,0.054756937662932284,3,0,0.0,62.2107,0.029410177777778098,0.17149395842938053,73.90134,0.3407391226666672,0.5837286378675174,1.0,0.0,0.0,1.0,0.0,0.0,1.0,0.0,0.0,1.0,0.0,0.0,1.0,0.0,0.0,1.0,0.0,0.0,0.0,0.0,0.0,0.0,0.0,0.0,1.0,0.0,0.0,12.3337,0.0003215666666666696,0.017932280018633145,53.04,0.06488888888888865,0.2547329756605702,1.0,0.0,0.0,10,0,0.0,0.0,0.0,0.0,0.0,0.0,0.0
scalability_before,128,0,5,3,0,60,3600,0,0,1000,10,11.038499999999999,0.0014269444444444464,0.0377749181924256,0.6859999999999999,0.00016599999999999905,0.012884098726725088,50.17375,0.06284118055555575,0.2506814324108504,61.8994,0.15265879999999984,0.3907157534576765,14.0165,0.0026911666666666464,0.051876455802865394,3,0,0.0,50.4213,0.0990503444444449,0.3147226468566329,61.98982,0.22189133955555448,0.4710534359874201,1.0,0.0,0.0,1.0,0.0,0.0,1.0,0.0,0.0,1.0,0.0,0.0,1.0,0.0,0.0,1.0,0.0,0.0,0.0,0.0,0.0,0.0,0.0,0.0,1.0,0.0,0.0,12.384,0.0036548888888888703,0.06045567706087552,37.04,0.3715555555555559,0.6095535707019982,0.99975,6.250000000000289e-07,0.0007905694150421131,10,0,0.0,0.0,0.0,0.0,0.0,0.0,0.0
scalability_before,16,0,5,3,0,60,3600,0,0,1000,10,10,0,0.0,0.0656,0.00013204444444444446,0.011491059326469622,49.539,0.013511722222222383,0.11623993385331215,51.78951,0.03156913211111105,0.17767704441235804,13,0,0.0,3,0,0.0,49.7106,0.014378988888888765,0.11991242174557548,52.03145,0.030146731666666652,0.17362814192021594,1.0,0.0,0.0,1.0,0.0,0.0,1.0,0.0,0.0,1.0,0.0,0.0,1.0,0.0,0.0,1.0,0.0,0.0,0.0,0.0,0.0,0.0,0.0,0.0,1.0,0.0,0.0,12.29907487437186,0.0005483944201745745,0.02341782270354301,23.39,0.24766666666666648,0.49766119666562963,1.0,0.0,0.0,10,0,0.0,0.0,0.0,0.0,0.0,0.0,0.0
scalability_before,16384,0,5,3,0,60,3600,0,0,1000,10,17.0057,0.003148233333333332,0.056109119876659376,2.6033,0.0006771222222222208,0.02602157224731474,77.69035,0.16282850277777794,0.4035201392468261,91.95544,0.21132550711111264,0.4597015413408059,20.0277,0.0036564555555555697,0.06046863282360177,3,0,0.0,78.28905,0.16914291388889016,0.4112698796275873,92.98798000000001,0.6372418417777852,0.7982742898138366,1.0,0.0,0.0,1.0,0.0,0.0,1.0,0.0,0.0,1.0,0.0,0.0,1.0,0.0,0.0,1.0,0.0,0.0,0.0,0.0,0.0,0.0,0.0,0.0,1.0,0.0,0.0,12.5697,0.0006191222222222358,0.024882166750953096,74.02,0.010666666666666023,0.10327955589886133,1.0,0.0,0.0,10,0,0.0,0.0,0.0,0.0,0.0,0.0,0.0
scalability_before,2048,0,5,3,0,60,3600,0,0,1000,10,14.511199999999999,0.0028177333333333286,0.05308232599776811,1.7954999999999999,0.00022449999999999995,0.014983324063771696,62.869,0.03541599999999992,0.18819139193916368,75.58248,0.08509722622222304,0.291714288683676,17.4889,0.001840322222222229,0.042898976936778216,3,0,0.0,63.2203,0.017712344444444424,0.1330877321335232,75.86767,0.08447958455555846,0.29065371932173595,1.0,0.0,0.0,1.0,0.0,0.0,1.0,0.0,0.0,1.0,0.0,0.0,1.0,0.0,0.0,1.0,0.0,0.0,0.0,0.0,0.0,0.0,0.0,0.0,1.0,0.0,0.0,12.3469,0.00010143333333333628,0.010071411685227462,58.24,0.09377777777777777,0.30623157540948936,1.0,0.0,0.0,10,0,0.0,0.0,0.0,0.0,0.0,0.0,0.0
scalability_before,256,0,5,3,0,60,3600,0,0,1000,10,11.7529,0.0015441000000000098,0.039295037854670783,0.9195,0.00027227777777777754,0.016500841729371794,50.9197,0.055174177777778034,0.23489184272293925,63.12066,0.07169155377777801,0.26775278481796977,14.741,0.00278244444444444,0.0527488809781254,3,0,0.0,51.1727,0.09182001111111089,0.3030181696055715,63.37927,0.079012797888889,0.28109215195179144,1.0,0.0,0.0,1.0,0.0,0.0,1.0,0.0,0.0,1.0,0.0,0.0,1.0,0.0,0.0,1.0,0.0,0.0,0.0,0.0,0.0,0.0,0.0,0.0,1.0,0.0,0.0,12.341778894472363,0.0015899528631431639,0.039874213009702945,42.55,0.2738888888888896,0.52334394893692,1.0,0.0,0.0,10,0,0.0,0.0,0.0,0.0,0.0,0.0,0.0
scalability_before,32,0,5,3,0,60,3600,0,0,1000,10,10.0164,0.0003669333333333291,0.019155503995805723,0.2113,0.00032001111111111107,0.01788885438229936,49.58665,0.009463947222222255,0.09728282079700534,51.74652,0.03418892844444431,0.1849024836081017,13.0186,0.00040715555555555314,0.020178095934838675,3.0042,0.00017639999999999846,0.013281566172707135,49.7568,0.009684955555555815,0.09841217178558664,51.99747,0.04441947344444498,0.21075927843026265,0.9994,3.600000000000006e-06,0.0018973665961010292,0.9994,3.600000000000006e-06,0.0018973665961010292,1.0,0.0,0.0,0.9994,3.600000000000006e-06,0.0018973665961010292,1.0,0.0,0.0,1.0,0.0,0.0,0.0,0.0,0.0,0.0,0.0,0.0,1.0,0.0,0.0,12.32547487437186,0.0005954778372600142,0.02440241457848002,24.56,0.22488888888888867,0.4742245131674328,0.9994999999999999,2.5000000000001154e-06,0.0015811388300842261,10,0,0.0,0.0,0.0,0.0,0.0,0.0,0.0
scalability_before,4096,0,5,3,0,60,3600,0,0,1000,10,15.4363,0.006815344444444479,0.08255509944542783,2.0899,0.0009298777777777788,0.030493897385834082,72.08095,0.13355319166666824,0.3654493010893142,77.60455,0.07664159166666691,0.27684217826528335,18.4675,0.009359611111111079,0.09674508313661774,3,0,0.0,72.1375,2.8449887222222188,1.686709436216629,78.75858,0.5502457551111093,0.7417855182673151,1.0,0.0,0.0,1.0,0.0,0.0,1.0,0.0,0.0,1.0,0.0,0.0,1.0,0.0,0.0,1.0,0.0,0.0,0.0,0.0,0.0,0.0,0.0,0.0,1.0,0.0,0.0,12.33153065326633,0.0002615103670221707,0.0161712821700127,63.32,0.0239999999999998,0.15491933384829604,1.0,0.0,0.0,10,0,0.0,0.0,0.0,0.0,0.0,0.0,0.0
scalability_before,512,0,5,3,0,60,3600,0,0,1000,10,12.5942,0.0014999555555555667,0.03872925968251351,1.1982,0.00028106666666666735,0.016765042996266587,60.8826,0.013001266666666515,0.11402309707540186,64.53681,0.057961752111111445,0.24075247062306845,15.5787,0.002224455555555572,0.04716413420763252,3,0,0.0,60.98475,0.03933412500000004,0.19832832626732885,64.76689,0.07376378544444494,0.27159489215455607,1.0,0.0,0.0,1.0,0.0,0.0,1.0,0.0,0.0,1.0,0.0,0.0,1.0,0.0,0.0,1.0,0.0,0.0,0.0,0.0,0.0,0.0,0.0,0.0,1.0,0.0,0.0,12.3627,0.0006440111111111179,0.0253773739995122,47.769999999999996,0.1267777777777782,0.35605867181937617,1.0,0.0,0.0,10,0,0.0,0.0,0.0,0.0,0.0,0.0,0.0
scalability_before,64,0,5,3,0,60,3600,0,0,1000,10,10.4251,0.0016643222222222495,0.04079610547861462,0.4628,0.00041928888888888874,0.02047654484743187,49.75425,0.01490073611111119,0.12206857134869396,52.9142,0.9147591333333349,0.9564304121750494,13.4087,0.0024082333333333194,0.04907375401712528,3.0012,6.622222222222284e-06,0.0025733678754158496,49.9361,0.013611933333333739,0.1166701904229771,53.1083,0.6114557222222206,0.781956342913222,1.0,0.0,0.0,1.0,0.0,0.0,1.0,0.0,0.0,1.0,0.0,0.0,1.0,0.0,0.0,1.0,0.0,0.0,0.0,0.0,0.0,0.0,0.0,0.0,1.0,0.0,0.0,12.340507035175879,0.0007168819780084351,0.02677465178127318,29.63,1.1178888888888883,1.0573026477262262,0.997,2.105555555555543e-05,0.004588633299312054,10,0,0.0,0.0,0.0,0.0,0.0,0.0,0.0
scalability_before,8192,0,5,3,0,60,3600,0,0,1000,10,16.297,0.0010557777777777538,0.032492734230559206,2.3796,0.0004347111111111087,0.02084972688336969,74.5308,0.19799356666666612,0.4449646802462709,87.40814,0.49386341599999595,0.7027541646977241,19.3128,0.0050970666666666315,0.07139374389025016,3,0,0.0,74.9097,0.34750462222222417,0.589495226632264,87.77354,0.8922280182222236,0.944578222394643,1.0,0.0,0.0,1.0,0.0,0.0,1.0,0.0,0.0,1.0,0.0,0.0,1.0,0.0,0.0,1.0,0.0,0.0,0.0,0.0,0.0,0.0,0.0,0.0,1.0,0.0,0.0,12.392200502512562,0.0036126711359701783,0.060105500047584484,68.47,0.015666666666666686,0.12516655570345733,1.0,0.0,0.0,10,0,0.0,0.0,0.0,0.0,0.0,0.0,0.0
