experiment,seed,nodes,loss,latency_ms,alpha,churn,liveness_s,republish_s,refresh,duration_s,lookups,node_probes,node_hops,node_ms_median,node_ms_p90,value_total_probes,value_fv_probes,value_ms_median,value_ms_p90,value_success,value_correct,value_available,value_success_given_available,node_success,node_recall,rpc_fail_rate,find_node_fail_rate,find_node_attempts,find_node_rtt_ms,table_mean,replicas_in_k_closest,holders_mean,churned_fraction,background_lookups_per_s
alpha,1,5000,0,5,10,0,60,3600,0,0,1000,29.225,1.813,38.924,51.568,39.746,10,40.5695,52.5389,1.0,1.0,1.0,1.0,1.0,0.9999,0.0,0.0,1.0,12.454,98.5,1.0,10,0.0,0.0
alpha,2,5000,0,5,10,0,60,3600,0,0,1000,29.784,1.853,39.336,51.5352,39.645,10,39.5935,52.342699999999994,1.0,1.0,1.0,1.0,1.0,0.9999,0.0,0.0,1.0,12.406,98.5,1.0,10,0.0,0.0
alpha,3,5000,0,5,10,0,60,3600,0,0,1000,29.628,1.835,38.675,51.251599999999996,38.845,10,38.6285,51.407199999999996,1.0,1.0,1.0,1.0,0.999,0.9996,0.0,0.0,1.0,12.365,98.5,1.0,10,0.0,0.0
alpha,4,5000,0,5,10,0,60,3600,0,0,1000,29.053,1.802,39.74,52.878099999999996,39.048,10,40.7245,53.5504,1.0,1.0,1.0,1.0,1.0,0.9999,0.0,0.0,1.0,12.579,98.4,1.0,10,0.0,0.0
alpha,5,5000,0,5,10,0,60,3600,0,0,1000,29.353,1.814,38.9555,51.9702,39.712,10,39.8835,52.618199999999995,1.0,1.0,1.0,1.0,1.0,0.9999,0.0,0.0,1.0,12.429,98.4,1.0,10,0.0,0.0
alpha,6,5000,0,5,10,0,60,3600,0,0,1000,29.658,1.865,38.916,51.32,39.189,10,39.2175,51.3656,1.0,1.0,1.0,1.0,0.999,0.9997,0.0,0.0,1.0,12.351,98.4,1.0,10,0.0,0.0
alpha,7,5000,0,5,10,0,60,3600,0,0,1000,29.594,1.854,38.5205,50.974199999999996,39.176,10,38.5865,51.220699999999994,1.0,1.0,1.0,1.0,1.0,1.0,0.0,0.0,1.0,12.341,98.5,1.0,10,0.0,0.0
alpha,8,5000,0,5,10,0,60,3600,0,0,1000,29.614,1.853,40.051,52.96470000000001,39.217,10,40.503,53.780300000000004,1.0,1.0,1.0,1.0,0.998,0.9998,0.0,0.0,1.0,12.544,98.5,1.0,10,0.0,0.0
alpha,1,5000,0.3,5,10,0,60,3600,0,0,1000,24.261,2.1,1017.027,1230.8869,34.448,10,1016.551,1232.0151,1.0,1.0,1.0,1.0,1.0,0.9998,0.035126978587119426,0.035126978587119426,1.9743579215340081,14.291331658291456,98.5,1.0,10,0.0,0.0
alpha,2,5000,0.3,5,10,0,60,3600,0,0,1000,24.353,2.16,1014.022,1231.3084,34.228,10,1006.5195,1231.2806,1.0,1.0,1.0,1.0,1.0,0.9998,0.03425207385603425,0.03425207385603425,1.9702558613449703,14.30587939698492,98.5,1.0,10,0.0,0.0
alpha,3,5000,0.3,5,10,0,60,3600,0,0,1000,24.285,2.117,1012.877,1232.1837,34.283,10,1007.5005,1230.9665,1.0,1.0,1.0,1.0,0.999,0.9998,0.034590676988963925,0.034590676988963925,1.9788749794103113,212.06330653266332,98.5,1.0,10,0.0,0.0
alpha,4,5000,0.3,5,10,0,60,3600,0,0,1000,24.348,2.111,1006.031,1231.5233,34.351,10,1007.431,1230.8283000000001,1.0,1.0,1.0,1.0,1.0,0.9997,0.03544220620546623,0.03544220620546623,1.96784328220292,14.115020100502512,98.4,1.0,10,0.0,0.0
alpha,5,5000,0.3,5,10,0,60,3600,0,0,1000,24.26,2.087,1006.591,1230.2596,34.37,10,1007.447,1230.2171,1.0,1.0,1.0,1.0,1.0,1.0,0.03417643429981493,0.03417643429981493,1.972074850915073,14.558015075376883,98.4,1.0,10,0.0,0.0
alpha,6,5000,0.3,5,10,0,60,3600,0,0,1000,24.265,2.127,1007.9625,1231.3826999999999,34.337,10,1016.6775,1231.5833,1.0,1.0,1.0,1.0,0.999,0.9994,0.03446360232089214,0.03446360232089214,1.9770174066910826,14.316809045226124,98.4,1.0,10,0.0,0.0
alpha,7,5000,0.3,5,10,0,60,3600,0,0,1000,24.074,2.065,1006.3105,1230.7396,34.148,10,1007.2345,1230.7251,1.0,1.0,1.0,1.0,1.0,0.9996,0.034921819916220814,0.034921819916220814,1.9675666708141513,14.111,98.5,1.0,10,0.0,0.0
alpha,8,5000,0.3,5,10,0,60,3600,0,0,1000,24.25,2.106,1007.3715,1231.8775,34.23,10,1007.0455,1231.0415,1.0,1.0,1.0,1.0,0.998,0.9996,0.03461221122112211,0.03461221122112211,1.970585808580858,14.235361809045221,98.4,1.0,10,0.0,0.0
alpha,1,5000,0,5,1,0,60,3600,0,0,1000,11.447,2.03,143.525,157.94389999999999,12.397,1,143.1015,156.8681,1.0,1.0,1.0,1.0,1.0,0.9998,0.0,0.0,1.0,12.648,98.5,1.0,10,0.0,0.0
alpha,2,5000,0,5,1,0,60,3600,0,0,1000,11.446,2.04,142.678,156.1745,12.415,1,142.378,155.6251,1.0,1.0,1.0,1.0,1.0,1.0,0.0,0.0,1.0,12.555,98.5,1.0,10,0.0,0.0
alpha,3,5000,0,5,1,0,60,3600,0,0,1000,11.415,2.016,142.415,155.43529999999998,12.371,1,142.105,155.9837,1.0,1.0,1.0,1.0,0.999,0.9996,0.0,0.0,1.0,12.561,98.4,1.0,10,0.0,0.0
alpha,4,5000,0,5,1,0,60,3600,0,0,1000,11.396,1.992,142.885,155.9292,12.374,1,142.184,155.5135,1.0,1.0,1.0,1.0,1.0,0.9998,0.0,0.0,1.0,12.573,98.4,1.0,10,0.0,0.0
alpha,5,5000,0,5,1,0,60,3600,0,0,1000,11.436,2.032,143.695,156.6902,12.43,1,143.655,157.4264,1.0,1.0,1.0,1.0,1.0,0.9998,0.0,0.0,1.0,12.668,98.4,1.0,10,0.0,0.0
alpha,6,5000,0,5,1,0,60,3600,0,0,1000,11.398,2.008,142.9385,156.4408,12.432,1,143.963,157.2218,1.0,1.0,1.0,1.0,0.999,0.9997,0.0,0.0,1.0,12.656859296482411,98.4,1.0,10,0.0,0.0
alpha,7,5000,0,5,1,0,60,3600,0,0,1000,11.402,2.002,142.7325,156.9248,12.428,1,143.6985,157.94889999999998,1.0,1.0,1.0,1.0,1.0,0.9998,0.0,0.0,1.0,12.563,98.4,1.0,10,0.0,0.0
alpha,8,5000,0,5,1,0,60,3600,0,0,1000,11.404,2.001,142.7275,156.4828,12.405,1,143.4345,156.5395,1.0,1.0,1.0,1.0,0.998,0.9997,0.0,0.0,1.0,12.561,98.4,1.0,10,0.0,0.0
alpha,1,5000,0.3,5,1,0,60,3600,0,0,1000,11.5,2.036,2358.7105,3755.8008,12.465,1,2352.216,3778.4681,1.0,1.0,1.0,1.0,1.0,0.9996,0.03718702373176573,0.03718702373176573,1.970476812540823,13.739211055276376,98.5,1.0,10,0.0,0.0
alpha,2,5000,0.3,5,1,0,60,3600,0,0,1000,11.494,2.045,2347.576,3756.3284,12.523,1,2350.3915,3765.379,1.0,1.0,1.0,1.0,1.0,0.9997,0.03375765738367294,0.03375765738367294,1.9678932962592866,13.893015075376884,98.5,1.0,10,0.0,0.0
alpha,3,5000,0.3,5,1,0,60,3600,0,0,1000,11.456,1.999,2360.415,3578.5389,12.419,1,2347.7395,3566.9226,1.0,1.0,1.0,1.0,0.999,0.9995,0.03409836065573771,0.03409836065573771,1.9564153005464482,13.816638190954755,98.4,1.0,10,0.0,0.0
alpha,4,5000,0.3,5,1,0,60,3600,0,0,1000,11.489,2.022,2361.8345,3743.0312000000004,12.404,1,2353.288,3571.8025,1.0,1.0,1.0,1.0,1.0,0.9999,0.03346000960992443,0.03346000960992443,1.9720438562005853,14.374718592964797,98.4,1.0,10,0.0,0.0
alpha,5,5000,0.3,5,1,0,60,3600,0,0,1000,11.419,1.985,2353.2505,3570.576,12.513,1,2360.88,3745.8568000000005,1.0,1.0,1.0,1.0,1.0,1.0,0.03506017791732077,0.03506017791732077,1.976975405546834,13.971190954773869,98.4,1.0,10,0.0,0.0
alpha,6,5000,0.3,5,1,0,60,3600,0,0,1000,11.473,2.044,2359.7545,3755.1405,12.521,1,2360.649,3746.6085,1.0,1.0,1.0,1.0,0.999,0.9998,0.03435678872749413,0.03435678872749413,1.9758197790728016,13.932005025125621,98.4,1.0,10,0.0,0.0
alpha,7,5000,0.3,5,1,0,60,3600,0,0,1000,11.523,2.037,2363.4815,3752.8659,12.473,1,2360.77,3745.909,1.0,1.0,1.0,1.0,1.0,0.9999,0.0358323186641155,0.0358323186641155,1.9868672812663073,13.920824120603013,98.4,1.0,10,0.0,0.0
alpha,8,5000,0.3,5,1,0,60,3600,0,0,1000,11.477,2.016,2350.5615,3608.357500000003,12.447,1,2361.802,3731.4202,1.0,1.0,1.0,1.0,0.998,0.9996,0.034025475484208687,0.034025475484208687,1.9723433955679637,13.989814070351748,98.4,1.0,10,0.0,0.0
alpha,1,5000,0,5,2,0,60,3600,0,0,1000,12.962,1.898,86.8895,97.104,14.961,2,87.396,98.59710000000001,1.0,1.0,1.0,1.0,1.0,1.0,0.0,0.0,1.0,12.607,98.5,1.0,10,0.0,0.0
alpha,2,5000,0,5,2,0,60,3600,0,0,1000,13.063,1.942,87.527,96.5043,15.074,2,87.238,98.4072,1.0,1.0,1.0,1.0,1.0,0.9996,0.0,0.0,1.0,12.54,98.5,1.0,10,0.0,0.0
alpha,3,5000,0,5,2,0,60,3600,0,0,1000,12.97,1.882,86.699,93.9659,14.984,2,86.5425,94.0134,1.0,1.0,1.0,1.0,0.999,0.9997,0.0,0.0,1.0,12.504,98.4,1.0,10,0.0,0.0
alpha,4,5000,0,5,2,0,60,3600,0,0,1000,12.964,1.895,86.2805,93.6301,14.987,2,86.4495,95.05630000000002,1.0,1.0,1.0,1.0,1.0,0.9999,0.0,0.0,1.0,12.483,98.4,1.0,10,0.0,0.0
alpha,5,5000,0,5,2,0,60,3600,0,0,1000,12.908,1.901,87.1635,93.66740000000001,15.081,2,87.9935,98.7028,1.0,1.0,1.0,1.0,1.0,0.9997,0.0,0.0,1.0,12.630296482412058,98.4,1.0,10,0.0,0.0
alpha,6,5000,0,5,2,0,60,3600,0,0,1000,13.029,1.921,87.228,99.17269999999999,15.031,2,87.359,94.8428,1.0,1.0,1.0,1.0,0.999,0.9999,0.0,0.0,1.0,12.533,98.4,1.0,10,0.0,0.0
alpha,7,5000,0,5,2,0,60,3600,0,0,1000,13.045,1.907,86.733,94.47170000000001,15.028,2,86.62,97.6182,1.0,1.0,1.0,1.0,1.0,0.9998,0.0,0.0,1.0,12.487,98.4,1.0,10,0.0,0.0
alpha,8,5000,0,5,2,0,60,3600,0,0,1000,13.054,1.937,86.6465,95.97270000000002,14.988,2,86.3495,94.50460000000001,1.0,1.0,1.0,1.0,0.998,0.9998,0.0,0.0,1.0,12.469,98.4,1.0,10,0.0,0.0
alpha,1,5000,0.3,5,2,0,60,3600,0,0,1000,12.75,1.978,1479.8355,2110.5157999999997,14.755,2,1484.6585,2137.5872000000004,1.0,1.0,1.0,1.0,1.0,0.9998,0.03497353460105861,0.03497353460105861,1.9730641050774358,16.927457286432066,98.5,1.0,10,0.0,0.0
alpha,2,5000,0.3,5,2,0,60,3600,0,0,1000,12.78,2.032,1470.9975,2261.4192000000003,14.81,2,1494.686,2250.2878,1.0,1.0,1.0,1.0,1.0,0.9999,0.03399765533411489,0.03399765533411489,1.976905041031653,14.445160804020095,98.5,1.0,10,0.0,0.0
alpha,3,5000,0.3,5,2,0,60,3600,0,0,1000,12.709,1.987,1468.978,2128.3985000000002,14.679,2,1480.3375,2100.8028,1.0,1.0,1.0,1.0,0.999,0.9996,0.03407121474712463,0.03407121474712463,1.9772727272727273,212.13745226130652,98.4,1.0,10,0.0,0.0
alpha,4,5000,0.3,5,2,0,60,3600,0,0,1000,12.757,2.012,1493.6325,2238.7421,14.72,2,1475.0255,2134.0026000000003,1.0,1.0,1.0,1.0,1.0,0.9999,0.03536523138517094,0.03536523138517094,1.974957805079091,14.350447236180884,98.4,1.0,10,0.0,0.0
alpha,5,5000,0.3,5,2,0,60,3600,0,0,1000,12.731,1.962,1472.138,2150.5208000000016,14.78,2,1480.8165,2277.545,1.0,1.0,1.0,1.0,1.0,0.9999,0.03665085649327741,0.03665085649327741,1.9842028928697424,212.30949246231154,98.4,1.0,10,0.0,0.0
alpha,6,5000,0.3,5,2,0,60,3600,0,0,1000,12.761,1.987,1469.479,2259.5915,14.768,2,1457.76,2124.0948,1.0,1.0,1.0,1.0,0.999,0.9994,0.03353049473148184,0.03353049473148184,1.9622390222883779,14.205969849246227,98.4,1.0,10,0.0,0.0
alpha,7,5000,0.3,5,2,0,60,3600,0,0,1000,12.692,1.987,1483.459,2248.0246,14.786,2,1475.682,2123.3435,1.0,1.0,1.0,1.0,1.0,0.9999,0.03591333699662454,0.03591333699662454,1.974056048355444,14.032,98.4,1.0,10,0.0,0.0
alpha,8,5000,0.3,5,2,0,60,3600,0,0,1000,12.791,2.056,1455.862,2132.0589,14.696,2,1467.939,2121.9887999999996,1.0,1.0,1.0,1.0,0.998,0.9997,0.03248715031192373,0.03248715031192373,1.9589594695334878,13.907954773869346,98.4,1.0,10,0.0,0.0
alpha,1,5000,0,5,3,0,60,3600,0,0,1000,14.801,1.909,64.354,77.7427,17.637,3,64.964,77.8012,1.0,1.0,1.0,1.0,1.0,0.9999,0.0,0.0,1.0,12.457,98.5,1.0,10,0.0,0.0
alpha,2,5000,0,5,3,0,60,3600,0,0,1000,14.788,1.904,64.5865,77.0715,17.831,3,65.5155,78.2706,1.0,1.0,1.0,1.0,1.0,0.9999,0.0,0.0,1.0,12.432417085427135,98.5,1.0,10,0.0,0.0
alpha,3,5000,0,5,3,0,60,3600,0,0,1000,14.784,1.897,65.3395,78.0692,17.826,3,65.944,78.5176,1.0,1.0,1.0,1.0,0.999,0.9996,0.0,0.0,1.0,12.563894472361808,98.4,1.0,10,0.0,0.0
alpha,4,5000,0,5,3,0,60,3600,0,0,1000,14.745,1.86,64.6915,77.38589999999999,17.768,3,65.2505,77.96340000000001,1.0,1.0,1.0,1.0,1.0,0.9998,0.0,0.0,1.0,12.507,98.4,1.0,10,0.0,0.0
alpha,5,5000,0,5,3,0,60,3600,0,0,1000,14.652,1.855,63.8585,76.8563,17.833,3,65.0815,78.0719,1.0,1.0,1.0,1.0,1.0,0.9999,0.0,0.0,1.0,12.456,98.4,1.0,10,0.0,0.0
alpha,6,5000,0,5,3,0,60,3600,0,0,1000,14.826,1.906,63.907,76.95739999999999,17.718,3,64.0225,77.3802,1.0,1.0,1.0,1.0,0.999,0.9997,0.0,0.0,1.0,12.383,98.4,1.0,10,0.0,0.0
alpha,7,5000,0,5,3,0,60,3600,0,0,1000,14.767,1.878,65.2595,77.8085,17.725,3,65.8885,78.72019999999999,1.0,1.0,1.0,1.0,1.0,0.9998,0.0,0.0,1.0,12.549597989949747,98.4,1.0,10,0.0,0.0
alpha,8,5000,0,5,3,0,60,3600,0,0,1000,14.806,1.888,65.0455,78.1792,17.687,3,65.6565,78.79169999999999,1.0,1.0,1.0,1.0,0.998,0.9997,0.0,0.0,1.0,12.593,98.4,1.0,10,0.0,0.0
alpha,1,5000,0.3,5,3,0,60,3600,0,0,1000,14.16,2.059,1245.062,1683.047,17.217,3,1254.3005,1847.7272,1.0,1.0,1.0,1.0,1.0,0.9998,0.03485216901011382,0.03485216901011382,1.9798780702681749,18.841969849246205,98.5,1.0,10,0.0,0.0
alpha,2,5000,0.3,5,3,0,60,3600,0,0,1000,14.188,2.027,1244.5925,1697.7455000000002,17.278,3,1237.552,1708.963,1.0,1.0,1.0,1.0,1.0,0.9999,0.03481346167357549,0.03481346167357549,1.9824351858357339,14.247090452261304,98.5,1.0,10,0.0,0.0
alpha,3,5000,0.3,5,3,0,60,3600,0,0,1000,14.087,1.992,1255.3775,1822.3166,17.098,3,1243.368,1833.5341,1.0,1.0,1.0,1.0,0.999,0.9995,0.03640234167110165,0.03640234167110165,1.9942167819762284,212.31023618090452,98.4,1.0,10,0.0,0.0
alpha,4,5000,0.3,5,3,0,60,3600,0,0,1000,14.112,2.023,1231.984,1696.3195,17.06,3,1232.066,1683.9457,1.0,1.0,1.0,1.0,1.0,0.9998,0.03283401959392304,0.03283401959392304,1.9691182734630128,14.317030150753759,98.4,1.0,10,0.0,0.0
alpha,5,5000,0.3,5,3,0,60,3600,0,0,1000,14.092,2.019,1242.6475,1684.8594,17.198,3,1232.0265,1675.9919000000002,1.0,1.0,1.0,1.0,1.0,0.9997,0.03386355602686462,0.03386355602686462,1.9659243548957228,14.003170854271355,98.4,1.0,10,0.0,0.0
alpha,6,5000,0.3,5,3,0,60,3600,0,0,1000,14.146,2.027,1233.2635,1697.5025,17.133,3,1233.744,1685.4083999999998,1.0,1.0,1.0,1.0,0.999,0.9997,0.03539729127621203,0.03539729127621203,1.960925068071714,13.914035175879395,98.4,1.0,10,0.0,0.0
alpha,7,5000,0.3,5,3,0,60,3600,0,0,1000,14.144,2.043,1242.5315,1683.2083,17.086,3,1232.081,1694.0342,1.0,1.0,1.0,1.0,1.0,0.9999,0.03496280552603613,0.03496280552603613,1.9689337584130358,13.979894472361808,98.4,1.0,10,0.0,0.0
alpha,8,5000,0.3,5,3,0,60,3600,0,0,1000,14.115,2.03,1243.889,1823.4015,17.029,3,1117.601,1686.3003,1.0,1.0,1.0,1.0,0.998,0.9998,0.03375497441728255,0.03375497441728255,1.9645750426378623,13.999648241206028,98.4,1.0,10,0.0,0.0
alpha,1,5000,0,5,4,0,60,3600,0,0,1000,16.65,1.864,61.938,66.88440000000001,20.786,4,62.46,68.1874,1.0,1.0,1.0,1.0,1.0,0.9999,0.0,0.0,1.0,12.636,98.5,1.0,10,0.0,0.0
alpha,2,5000,0,5,4,0,60,3600,0,0,1000,16.712,1.874,61.6155,67.2537,20.678,4,61.645,70.3023,1.0,1.0,1.0,1.0,1.0,0.9999,0.0,0.0,1.0,12.524,98.5,1.0,10,0.0,0.0
alpha,3,5000,0,5,4,0,60,3600,0,0,1000,16.742,1.877,61.7935,67.377,20.597,4,61.4575,67.7787,1.0,1.0,1.0,1.0,0.999,0.9998,0.0,0.0,1.0,12.593,98.4,1.0,10,0.0,0.0
alpha,4,5000,0,5,4,0,60,3600,0,0,1000,16.442,1.806,60.7925,65.45819999999999,20.644,4,61.58,66.50160000000001,1.0,1.0,1.0,1.0,1.0,0.9999,0.0,0.0,1.0,12.459,98.4,1.0,10,0.0,0.0
alpha,5,5000,0,5,4,0,60,3600,0,0,1000,16.648,1.861,61.285,66.12589999999999,20.736,4,61.3995,67.46610000000001,1.0,1.0,1.0,1.0,1.0,0.9999,0.0,0.0,1.0,12.475,98.4,1.0,10,0.0,0.0
alpha,6,5000,0,5,4,0,60,3600,0,0,1000,16.673,1.893,61.3965,67.3132,20.652,4,61.8895,68.296,1.0,1.0,1.0,1.0,0.999,0.9997,0.0,0.0,1.0,12.558,98.4,1.0,10,0.0,0.0
alpha,7,5000,0,5,4,0,60,3600,0,0,1000,16.597,1.846,61.232,66.24560000000001,20.777,4,61.8305,66.88539999999999,1.0,1.0,1.0,1.0,1.0,0.9995,0.0,0.0,1.0,12.508,98.4,1.0,10,0.0,0.0
alpha,8,5000,0,5,4,0,60,3600,0,0,1000,16.504,1.819,61.118,65.8337,20.476,4,61.407,67.0437,1.0,1.0,1.0,1.0,0.998,0.9994,0.0,0.0,1.0,12.529,98.4,1.0,10,0.0,0.0
alpha,1,5000,0.3,5,4,0,60,3600,0,0,1000,15.579,2.055,1067.2375,1479.5402,19.599,4,1055.456,1481.235,1.0,1.0,1.0,1.0,1.0,0.9997,0.033453075886843285,0.033453075886843285,1.9702354224132401,14.79321105527629,98.5,1.0,10,0.0,0.0
alpha,2,5000,0.3,5,4,0,60,3600,0,0,1000,15.699,2.119,1058.414,1504.6775,19.604,4,1058.2175,1495.064,1.0,1.0,1.0,1.0,1.0,0.9998,0.033830623262946044,0.033830623262946044,1.969651471105006,14.385,98.5,1.0,10,0.0,0.0
alpha,3,5000,0.3,5,4,0,60,3600,0,0,1000,15.511,2.065,1067.402,1498.6675000000002,19.51,4,1044.419,1459.0989,1.0,1.0,1.0,1.0,0.999,0.9996,0.03442829051287837,0.03442829051287837,1.9707617420457109,14.0847688442211,98.4,1.0,10,0.0,0.0
alpha,4,5000,0.3,5,4,0,60,3600,0,0,1000,15.517,2.069,1055.7985,1482.309,19.452,4,1054.2255,1471.634,1.0,1.0,1.0,1.0,1.0,0.9997,0.03358196906584003,0.03358196906584003,1.9648035131906099,13.945,98.4,1.0,10,0.0,0.0
alpha,5,5000,0.3,5,4,0,60,3600,0,0,1000,15.453,2.031,1056.0905,1622.3923,19.632,4,1062.071,1481.5231,1.0,1.0,1.0,1.0,1.0,0.9999,0.03461476596429146,0.03461476596429146,1.9804085571819205,15.094,98.4,1.0,10,0.0,0.0
alpha,6,5000,0.3,5,4,0,60,3600,0,0,1000,15.559,2.048,1055.6105,1471.7396999999999,19.504,4,1056.089,1496.1734000000001,1.0,1.0,1.0,1.0,0.999,0.9995,0.03541190483855391,0.03541190483855391,1.9657470302288897,13.858281407035173,98.4,1.0,10,0.0,0.0
alpha,7,5000,0.3,5,4,0,60,3600,0,0,1000,15.627,2.077,1066.0665,1489.9026000000001,19.531,4,1059.95,1484.1512000000002,1.0,1.0,1.0,1.0,1.0,0.9997,0.03385968290647667,0.03385968290647667,1.9763784581808845,14.554532663316575,98.4,1.0,10,0.0,0.0
alpha,8,5000,0.3,5,4,0,60,3600,0,0,1000,15.426,2.034,1055.515,1506.2028,19.37,4,1056.0355,1632.7635,1.0,1.0,1.0,1.0,0.998,0.9998,0.03597869853227692,0.03597869853227692,1.983341992466554,14.748537688442193,98.4,1.0,10,0.0,0.0
alpha,1,5000,0,5,5,0,60,3600,0,0,1000,18.56,1.837,50.5505,62.8416,23.587,5,50.8155,63.2058,1.0,1.0,1.0,1.0,1.0,0.9998,0.0,0.0,1.0,12.455,98.5,1.0,10,0.0,0.0
alpha,2,5000,0,5,5,0,60,3600,0,0,1000,18.737,1.882,50.993,64.0472,23.749,5,51.2065,64.5256,1.0,1.0,1.0,1.0,1.0,0.9996,0.0,0.0,1.0,12.522683417085426,98.5,1.0,10,0.0,0.0
alpha,3,5000,0,5,5,0,60,3600,0,0,1000,18.617,1.848,50.297,62.9213,23.69,5,50.768,63.8115,1.0,1.0,1.0,1.0,0.999,0.9995,0.0,0.0,1.0,12.416,98.4,1.0,10,0.0,0.0
alpha,4,5000,0,5,5,0,60,3600,0,0,1000,18.525,1.85,50.1895,62.5731,23.72,5,50.6975,62.985699999999994,1.0,1.0,1.0,1.0,1.0,0.9998,0.0,0.0,1.0,12.407,98.4,1.0,10,0.0,0.0
alpha,5,5000,0,5,5,0,60,3600,0,0,1000,18.625,1.844,50.794,63.4115,23.596,5,51.246,64.1885,1.0,1.0,1.0,1.0,1.0,0.9994,0.0,0.0,1.0,12.513,98.4,1.0,10,0.0,0.0
alpha,6,5000,0,5,5,0,60,3600,0,0,1000,18.697,1.888,50.923,63.9409,23.685,5,51.4375,64.4978,1.0,1.0,1.0,1.0,0.999,0.9997,0.0,0.0,1.0,12.536,98.4,1.0,10,0.0,0.0
alpha,7,5000,0,5,5,0,60,3600,0,0,1000,18.843,1.889,50.6205,63.0664,23.593,5,50.625,62.9252,1.0,1.0,1.0,1.0,1.0,0.9998,0.0,0.0,1.0,12.427,98.4,1.0,10,0.0,0.0
alpha,8,5000,0,5,5,0,60,3600,0,0,1000,18.527,1.832,50.2755,62.9909,23.65,5,50.5995,63.342,1.0,1.0,1.0,1.0,0.998,0.9998,0.0,0.0,1.0,12.417,98.4,1.0,10,0.0,0.0
alpha,1,5000,0.3,5,5,0,60,3600,0,0,1000,16.922,2.061,1030.665,1431.9937,21.889,5,1031.5785,1436.0501000000002,1.0,1.0,1.0,1.0,1.0,0.9998,0.03324361894058147,0.03324361894058147,1.9612552128005678,13.952125628140701,98.5,1.0,10,0.0,0.0
alpha,2,5000,0.3,5,5,0,60,3600,0,0,1000,16.936,2.082,1030.1225,1432.8733,22.099,5,1041.4635,1444.2459,1.0,1.0,1.0,1.0,1.0,0.9997,0.032701630674305864,0.032701630674305864,1.9708535331276626,13.99421608040201,98.5,1.0,10,0.0,0.0
alpha,3,5000,0.3,5,5,0,60,3600,0,0,1000,16.922,2.091,1031.3265,1443.7188999999998,21.913,5,1032.0995,1434.283,1.0,1.0,1.0,1.0,0.999,0.9996,0.034697798138022755,0.034697798138022755,1.9713610166986848,14.772180904522607,98.4,1.0,10,0.0,0.0
alpha,4,5000,0.3,5,5,0,60,3600,0,0,1000,16.879,2.051,1030.98,1434.8544000000002,22.011,5,1043.054,1447.0645,1.0,1.0,1.0,1.0,1.0,0.9999,0.0354381823546769,0.0354381823546769,1.981764532310416,16.808005025125574,98.4,1.0,10,0.0,0.0
alpha,5,5000,0.3,5,5,0,60,3600,0,0,1000,16.991,2.077,1030.9315,1436.1882000000003,21.906,5,1029.5925,1433.4211,1.0,1.0,1.0,1.0,1.0,0.9999,0.03265775732365696,0.03265775732365696,1.9643921290969701,14.109768844221101,98.4,1.0,10,0.0,0.0
alpha,6,5000,0.3,5,5,0,60,3600,0,0,1000,16.845,2.044,1030.4035,1444.9747,21.969,5,1031.925,1445.5248000000001,1.0,1.0,1.0,1.0,0.999,0.9998,0.034482758620689655,0.034482758620689655,1.9731176435795825,14.195,98.4,1.0,10,0.0,0.0
alpha,7,5000,0.3,5,5,0,60,3600,0,0,1000,16.993,2.083,1030.324,1433.1407,22.11,5,1030.7455,1444.5109,1.0,1.0,1.0,1.0,1.0,0.9998,0.03395595695393367,0.03395595695393367,1.9577456528751136,13.876,98.5,1.0,10,0.0,0.0
alpha,8,5000,0.3,5,5,0,60,3600,0,0,1000,17.022,2.11,1032.669,1444.306,21.807,5,1032.5605,1433.265,1.0,1.0,1.0,1.0,0.998,0.9998,0.03361021608678944,0.03361021608678944,1.9705282449968962,14.043276381909541,98.4,1.0,10,0.0,0.0
alpha,1,5000,0,5,6,0,60,3600,0,0,1000,20.418,1.808,50.561,61.2294,26.669,6,51.172,63.255300000000005,1.0,1.0,1.0,1.0,1.0,0.9997,0.0,0.0,1.0,12.605,98.5,1.0,10,0.0,0.0
alpha,2,5000,0,5,6,0,60,3600,0,0,1000,20.892,1.889,50.212,62.7572,26.747,6,50.607,62.938199999999995,1.0,1.0,1.0,1.0,1.0,0.9998,0.0,0.0,1.0,12.511,98.5,1.0,10,0.0,0.0
alpha,3,5000,0,5,6,0,60,3600,0,0,1000,20.726,1.853,49.7985,62.1084,26.707,6,50.4115,62.2239,1.0,1.0,1.0,1.0,0.999,0.9998,0.0,0.0,1.0,12.431,98.5,1.0,10,0.0,0.0
alpha,4,5000,0,5,6,0,60,3600,0,0,1000,20.664,1.856,49.7105,61.289300000000004,26.604,6,50.1295,60.8279,1.0,1.0,1.0,1.0,1.0,0.9999,0.0,0.0,1.0,12.42,98.4,1.0,10,0.0,0.0
alpha,5,5000,0,5,6,0,60,3600,0,0,1000,20.603,1.842,50.34,62.0444,26.751,6,50.704,62.8546,1.0,1.0,1.0,1.0,1.0,0.9998,0.0,0.0,1.0,12.522,98.4,1.0,10,0.0,0.0
alpha,6,5000,0,5,6,0,60,3600,0,0,1000,20.722,1.867,50.098,62.1744,26.594,6,50.566,62.5705,1.0,1.0,1.0,1.0,0.999,0.9999,0.0,0.0,1.0,12.502,98.4,1.0,10,0.0,0.0
alpha,7,5000,0,5,6,0,60,3600,0,0,1000,20.803,1.876,49.693,61.9662,26.75,6,49.757,61.7404,1.0,1.0,1.0,1.0,1.0,0.9999,0.0,0.0,1.0,12.385,98.5,1.0,10,0.0,0.0
alpha,8,5000,0,5,6,0,60,3600,0,0,1000,20.555,1.835,49.364,61.1704,26.359,6,49.3615,55.87600000000001,1.0,1.0,1.0,1.0,0.998,0.9997,0.0,0.0,1.0,12.307,98.4,1.0,10,0.0,0.0
alpha,1,5000,0.3,5,6,0,60,3600,0,0,1000,18.394,2.067,1018.304,1272.2188000000003,24.387,6,1029.977,1304.6142,1.0,1.0,1.0,1.0,1.0,0.9999,0.03447432098094125,0.03447432098094125,1.9727576737989723,14.057226130653264,98.5,1.0,10,0.0,0.0
alpha,2,5000,0.3,5,6,0,60,3600,0,0,1000,18.359,2.081,1019.234,1270.2008999999998,24.612,6,1028.874,1280.8644,1.0,1.0,1.0,1.0,1.0,0.9998,0.03448648941061913,0.03448648941061913,1.9677044169754672,14.256090452261276,98.5,1.0,10,0.0,0.0
alpha,3,5000,0.3,5,6,0,60,3600,0,0,1000,18.488,2.072,1028.912,1269.4916,24.295,6,1018.0525,1271.0987,1.0,1.0,1.0,1.0,0.999,0.9999,0.03379278471032814,0.03379278471032814,1.9684365059946172,14.379587939698489,98.4,1.0,10,0.0,0.0
alpha,4,5000,0.3,5,6,0,60,3600,0,0,1000,18.42,2.081,1017.891,1419.1359,24.311,6,1028.7655,1270.0068,1.0,1.0,1.0,1.0,1.0,1.0,0.0353924477961395,0.0353924477961395,1.9612044322234625,13.884060301507535,98.4,1.0,10,0.0,0.0
alpha,5,5000,0.3,5,6,0,60,3600,0,0,1000,18.339,2.088,1018.7445,1270.0913999999998,24.44,6,1019.4415,1281.0325,1.0,1.0,1.0,1.0,1.0,0.9997,0.03317110307512439,0.03317110307512439,1.9737078223986515,16.491105527638197,98.4,1.0,10,0.0,0.0
alpha,6,5000,0.3,5,6,0,60,3600,0,0,1000,18.411,2.071,1017.6285,1418.4249,24.416,6,1019.119,1306.4507,1.0,1.0,1.0,1.0,0.999,0.9999,0.03331794607217531,0.03331794607217531,1.962391723463763,14.041944723618089,98.4,1.0,10,0.0,0.0
alpha,7,5000,0.3,5,6,0,60,3600,0,0,1000,18.327,2.049,1018.763,1290.3928,24.351,6,1029.6425,1268.6788000000001,1.0,1.0,1.0,1.0,1.0,0.9997,0.034162168057145975,0.034162168057145975,1.961121108021157,13.926020100502502,98.5,1.0,10,0.0,0.0
alpha,8,5000,0.3,5,6,0,60,3600,0,0,1000,18.263,2.045,1018.4,1418.8164,24.322,6,1018.0545,1271.1271000000002,1.0,1.0,1.0,1.0,0.998,0.9997,0.034741014076807436,0.034741014076807436,1.9671723383900506,14.162,98.4,1.0,10,0.0,0.0
alpha,1,5000,0,5,8,0,60,3600,0,0,1000,24.895,1.835,49.0045,53.181,32.928,8,49.1945,54.9555,1.0,1.0,1.0,1.0,1.0,0.9995,0.0,0.0,1.0,12.489,98.5,1.0,10,0.0,0.0
alpha,2,5000,0,5,8,0,60,3600,0,0,1000,25.308,1.907,49.0605,54.3005,33.262,8,49.275,55.387600000000006,1.0,1.0,1.0,1.0,1.0,0.9999,0.0,0.0,1.0,12.479,98.5,1.0,10,0.0,0.0
alpha,3,5000,0,5,8,0,60,3600,0,0,1000,25.13,1.835,48.5495,52.765800000000006,33.019,8,48.5925,53.770900000000005,1.0,1.0,1.0,1.0,0.999,0.9996,0.0,0.0,1.0,12.378,98.5,1.0,10,0.0,0.0
alpha,4,5000,0,5,8,0,60,3600,0,0,1000,24.936,1.824,49.2215,53.9835,32.817,8,49.296,55.0538,1.0,1.0,1.0,1.0,1.0,0.9998,0.0,0.0,1.0,12.558,98.4,1.0,10,0.0,0.0
alpha,5,5000,0,5,8,0,60,3600,0,0,1000,25.064,1.858,48.8195,53.2506,33.239,8,49.1925,54.165099999999995,1.0,1.0,1.0,1.0,1.0,1.0,0.0,0.0,1.0,12.44,98.4,1.0,10,0.0,0.0
alpha,6,5000,0,5,8,0,60,3600,0,0,1000,24.891,1.844,48.662,52.1212,32.934,8,48.738,52.5242,1.0,1.0,1.0,1.0,0.999,0.9994,0.0,0.0,1.0,12.348,98.4,1.0,10,0.0,0.0
alpha,7,5000,0,5,8,0,60,3600,0,0,1000,24.964,1.845,48.353,51.9921,33.008,8,48.737,52.7776,1.0,1.0,1.0,1.0,1.0,0.9999,0.0,0.0,1.0,12.322,98.5,1.0,10,0.0,0.0
alpha,8,5000,0,5,8,0,60,3600,0,0,1000,24.65,1.785,48.9955,53.604800000000004,33.046,8,49.3275,55.427,1.0,1.0,1.0,1.0,0.998,0.9996,0.0,0.0,1.0,12.533,98.4,1.0,10,0.0,0.0
alpha,1,5000,0.3,5,8,0,60,3600,0,0,1000,21.355,2.112,1016.928,1244.0348000000001,29.291,8,1007.4195,1243.865,1.0,1.0,1.0,1.0,1.0,0.9997,0.033883599868686394,0.033883599868686394,1.967195047601182,14.166070351758783,98.5,1.0,10,0.0,0.0
alpha,2,5000,0.3,5,8,0,60,3600,0,0,1000,21.414,2.127,1017.973,1243.3683999999998,29.276,8,1006.5025,1242.0195,1.0,1.0,1.0,1.0,1.0,0.9995,0.03373155305692199,0.03373155305692199,1.9644178964628718,13.987140703517587,98.5,1.0,10,0.0,0.0
alpha,3,5000,0.3,5,8,0,60,3600,0,0,1000,21.312,2.105,1017.516,1243.2356000000002,29.318,8,1007.5105,1243.8761000000002,1.0,1.0,1.0,1.0,0.999,0.9997,0.035772929861599814,0.035772929861599814,1.9778090546563454,14.160829145728636,98.5,1.0,10,0.0,0.0
alpha,4,5000,0.3,5,8,0,60,3600,0,0,1000,21.391,2.112,1006.6575,1233.3026,29.255,8,1017.9805,1243.7485,1.0,1.0,1.0,1.0,1.0,0.9999,0.03590020166017915,0.03590020166017915,1.977864278009661,14.136603015075373,98.4,1.0,10,0.0,0.0
alpha,5,5000,0.3,5,8,0,60,3600,0,0,1000,21.432,2.1,1017.0435,1243.2083,29.314,8,1017.2785,1232.9505,1.0,1.0,1.0,1.0,1.0,0.9998,0.034202030599354324,0.034202030599354324,1.9661956674308707,14.185130653266318,98.4,1.0,10,0.0,0.0
alpha,6,5000,0.3,5,8,0,60,3600,0,0,1000,21.287,2.101,1017.128,1243.9388000000001,29.166,8,1008.3365,1243.828,1.0,1.0,1.0,1.0,0.999,0.9996,0.03417897439521353,0.03417897439521353,1.9717334463995477,14.341517587939695,98.4,1.0,10,0.0,0.0
alpha,7,5000,0.3,5,8,0,60,3600,0,0,1000,21.521,2.135,1017.3275,1245.3327,29.28,8,1007.56,1242.4088000000002,1.0,1.0,1.0,1.0,1.0,0.9998,0.03532627742342469,0.03532627742342469,1.9690661433144085,14.002477386934668,98.5,1.0,10,0.0,0.0
alpha,8,5000,0.3,5,8,0,60,3600,0,0,1000,21.228,2.087,1006.921,1244.2459,29.139,8,1017.32,1236.2888,1.0,1.0,1.0,1.0,0.998,0.9998,0.03420114711922015,0.03420114711922015,1.9716524653621923,14.131306532663315,98.4,1.0,10,0.0,0.0
churn,1,5000,0,5,3,0,10,3600,0,600,1500,14.819333333333333,1.8713333333333333,68.154,81.0034,17.793333333333333,3,68.371,81.38340000000001,1.0,1.0,1.0,1.0,1.0,0.9997333333333334,0.0,0.0,1.0,13.087,98.5,1.0,10,0.0,0.0
churn,2,5000,0,5,3,0,10,3600,0,600,1500,14.855333333333334,1.8913333333333333,68.573,80.98790000000001,18.033333333333335,3,69.8465,81.87920000000001,1.0,1.0,1.0,1.0,1.0,0.9996666666666667,0.0,0.0,1.0,13.114,98.5,1.0,10,0.0,0.0
churn,3,5000,0,5,3,0,10,3600,0,600,1500,14.798,1.89,67.9075,80.5296,17.730666666666668,3,67.9925,81.0309,1.0,1.0,1.0,1.0,0.9993333333333333,0.9998,0.0,0.0,1.0,13.11,98.5,1.0,10,0.0,0.0
churn,4,5000,0,5,3,0,10,3600,0,600,1500,14.802666666666667,1.884,68.2835,80.8427,17.822,3,68.729,80.9339,1.0,1.0,1.0,1.0,0.9993333333333333,0.9996666666666667,0.0,0.0,1.0,13.116,98.4,1.0,10,0.0,0.0
churn,1,5000,0,5,3,0,10,60,0,600,1500,14.800666666666666,1.8666666666666667,68.385,80.64460000000001,17.873333333333335,3,68.1195,81.3883,1.0,1.0,1.0,1.0,1.0,0.9997333333333334,0.0,0.0,1.0,13.119,98.5,1.0,10,0.0,33.14833333333333
churn,2,5000,0,5,3,0,10,60,0,600,1500,14.902666666666667,1.9266666666666667,68.743,80.80740000000002,17.874,3,68.766,81.3448,1.0,1.0,1.0,1.0,1.0,0.9996666666666667,0.0,0.0,1.0,13.122,98.5,1.0,10,0.0,33.333333333333336
churn,3,5000,0,5,3,0,10,60,0,600,1500,14.919333333333332,1.9193333333333333,68.4645,81.1762,17.717333333333332,3,67.8765,80.94220000000001,1.0,1.0,1.0,1.0,0.9993333333333333,0.9998,0.0,0.0,1.0,13.112,98.5,1.0,10,0.0,33.26833333333333
churn,4,5000,0,5,3,0,10,60,0,600,1500,14.751333333333333,1.8646666666666667,67.818,81.07190000000001,17.768666666666668,3,68.1395,80.86990000000002,1.0,1.0,1.0,1.0,0.9993333333333333,0.9998,0.0,0.0,1.0,13.089,98.4,1.0,10,0.0,33.093333333333334
churn,1,5000,0,5,3,0,60,3600,0,600,1500,14.768,1.866,63.852,76.4487,17.762666666666668,3,63.8735,76.6479,1.0,1.0,1.0,1.0,1.0,0.9998666666666667,0.0,0.0,1.0,12.319,98.5,1.0,10,0.0,0.0
churn,2,5000,0,5,3,0,60,3600,0,600,1500,14.892666666666667,1.904,64.038,76.5042,17.893333333333334,3,64.205,76.8486,1.0,1.0,1.0,1.0,1.0,0.9998,0.0,0.0,1.0,12.326,98.5,1.0,10,0.0,0.0
churn,3,5000,0,5,3,0,60,3600,0,600,1500,14.852,1.894,63.8525,76.55069999999999,17.762666666666668,3,63.445,76.46239999999999,1.0,1.0,1.0,1.0,0.9993333333333333,0.9996,0.0,0.0,1.0,12.323,98.4,1.0,10,0.0,0.0
churn,4,5000,0,5,3,0,60,3600,0,600,1500,14.787333333333333,1.866,64.0235,76.23039999999999,17.814666666666668,3,63.7215,76.2863,1.0,1.0,1.0,1.0,0.9993333333333333,0.9998,0.0,0.0,1.0,12.311,98.4,1.0,10,0.0,0.0
churn,1,5000,0,5,3,0,60,60,0,600,1500,14.772,1.8653333333333333,63.785,76.3071,17.826666666666668,3,64.3005,76.65740000000001,1.0,1.0,1.0,1.0,1.0,0.9998666666666667,0.0,0.0,1.0,12.448,98.5,1.0,10,0.0,33.17333333333333
churn,2,5000,0,5,3,0,60,60,0,600,1500,14.815333333333333,1.882,64.0785,76.5472,17.936666666666667,3,64.3035,76.6901,1.0,1.0,1.0,1.0,1.0,0.9994666666666666,0.0,0.0,1.0,12.446,98.5,1.0,10,0.0,33.20333333333333
churn,3,5000,0,5,3,0,60,60,0,600,1500,14.764,1.868,63.7325,76.40780000000001,17.782666666666668,3,63.7335,76.3013,1.0,1.0,1.0,1.0,0.9993333333333333,0.9995333333333334,0.0,0.0,1.0,12.45785427135678,98.4,1.0,10,0.0,33.211666666666666
churn,4,5000,0,5,3,0,60,60,0,600,1500,14.715333333333334,1.8526666666666667,63.8015,76.4265,17.807333333333332,3,64.229,76.5022,1.0,1.0,1.0,1.0,0.9993333333333333,0.9998666666666667,0.0,0.0,1.0,12.486,98.4,1.0,10,0.0,33.031666666666666
churn,1,5000,0,5,3,100,10,3600,0,600,1500,13.307333333333334,1.0286666666666666,3077.6865,5070.9488,22.576666666666668,9.604666666666667,3046.352,5057.063,0.08266666666666667,0.08266666666666667,0.116,0.7126436781609196,0.16666666666666666,0.07733333333333334,0.714604632283924,0.714604632283924,3.858418529135696,12.74,98.5,1.0,10,12.0684,825.2566666666667
churn,2,5000,0,5,3,100,10,3600,0,600,1500,12.844666666666667,0.976,3039.836,5048.2469,22.7,9.650666666666666,3049.4235,5049.317099999999,0.07466666666666667,0.07466666666666667,0.11133333333333334,0.6706586826347305,0.14666666666666667,0.07193333333333334,0.7126490049174841,0.7126490049174841,3.8505960196699363,12.719,98.5,1.0,10,12.0654,815.8933333333333
churn,3,5000,0,5,3,100,10,3600,0,600,1500,12.969333333333333,1.0093333333333334,3042.6775,5047.1529,22.689333333333334,9.660666666666666,3045.744,5056.8867,0.07266666666666667,0.07266666666666667,0.112,0.6488095238095238,0.16533333333333333,0.077,0.7087468266789753,0.7087468266789753,3.834987306715901,12.699,98.4,1.0,10,12.0684,821.0566666666666
churn,4,5000,0,5,3,100,10,3600,0,600,1500,12.774,0.972,3035.7105,5049.7716,22.386666666666667,9.644,3036.859,5045.0603,0.08266666666666667,0.08266666666666667,0.11133333333333334,0.7425149700598802,0.16,0.0734,0.7028347485303723,0.7028347485303723,3.8113389941214892,12.668,98.4,1.0,10,12.0768,820.6116666666667
churn,1,5000,0,5,3,100,10,60,0,600,1500,12.974,0.9846666666666667,3045.574,5047.3795,22.578666666666667,9.486,3056.5365,5054.853,0.11733333333333333,0.11733333333333333,0.218,0.5229357798165137,0.15733333333333333,0.08066666666666666,0.711611253196931,0.711611253196931,3.846445012787724,12.72,98.5,1.0,10,12.0728,825.9116666666666
churn,2,5000,0,5,3,100,10,60,0,600,1500,13.027333333333333,1.02,3051.116,5047.912,22.616,9.510666666666667,3056.9685,5064.0244,0.11333333333333333,0.11333333333333333,0.216,0.49382716049382713,0.16666666666666666,0.07526666666666666,0.7151457945355749,0.7151457945355749,3.8605831781422997,12.733,98.5,1.0,10,12.0764,835.255
churn,3,5000,0,5,3,100,10,60,0,600,1500,12.978666666666667,0.9666666666666667,3043.403,5046.7209,22.413333333333334,9.458,3045.9635,5059.490599999999,0.116,0.116,0.234,0.47293447293447294,0.16333333333333333,0.0758,0.7116783630240868,0.7116783630240868,3.8467134520963473,12.687,98.5,1.0,10,12.0698,827.2116666666667
churn,4,5000,0,5,3,100,10,60,0,600,1500,12.768666666666666,0.9333333333333333,3037.7275,5042.8928,22.464666666666666,9.466666666666667,3046.6505,5054.8637,0.13066666666666665,0.13066666666666665,0.22866666666666666,0.5276967930029155,0.15733333333333333,0.0748,0.7090556274256145,0.7090556274256145,3.836222509702458,12.692251256281406,98.4,1.0,10,12.0766,829.305
churn,1,5000,0,5,3,100,60,3600,0,600,1500,12.874666666666666,0.9553333333333334,3066.889,5048.3763,22.466,9.678,3071.9805,5045.1695,0.07533333333333334,0.07533333333333334,0.118,0.6384180790960452,0.13266666666666665,0.07100000000000001,0.7370759079337039,0.7370759079337039,3.9483036317348157,12.628,98.5,1.0,10,12.0974,805.5116666666667
churn,2,5000,0,5,3,100,60,3600,0,600,1500,12.884,0.9073333333333333,3102.6455,5048.4624,22.283333333333335,9.606,3050.9895,5043.446599999999,0.07933333333333334,0.07933333333333334,0.11,0.7212121212121212,0.12933333333333333,0.06906666666666667,0.7354598090866413,0.7354598090866413,3.9418392363465653,12.656,98.5,1.0,10,12.1052,797.4916666666667
churn,3,5000,0,5,3,100,60,3600,0,600,1500,12.528,0.8426666666666667,3043.7175,5035.683599999999,22.476666666666667,9.639333333333333,3045.473,5051.2183,0.07266666666666667,0.07266666666666667,0.112,0.6488095238095238,0.118,0.06993333333333333,0.7338624894869639,0.7338624894869639,3.9354499579478555,12.625,98.4,1.0,10,12.117,786.325
churn,4,5000,0,5,3,100,60,3600,0,600,1500,12.418666666666667,0.8253333333333334,3039.3595,5031.5712,22.192,9.616,3042.146,5045.3451,0.07866666666666666,0.07866666666666666,0.11266666666666666,0.6982248520710059,0.13266666666666665,0.06966666666666667,0.732529606316014,0.732529606316014,3.930118425264056,12.634,98.4,1.0,10,12.0686,792.5216666666666
churn,1,5000,0,5,3,100,60,60,0,600,1500,12.88,0.9473333333333334,3053.301,5047.2336000000005,22.513333333333332,9.504,3083.3995,5047.2336,0.10533333333333333,0.10533333333333333,0.21133333333333335,0.4794952681388013,0.14466666666666667,0.07646666666666667,0.7302363907915744,0.7302363907915744,3.9209455631662977,12.595,98.5,1.0,10,12.0848,808.0966666666667
churn,2,5000,0,5,3,100,60,60,0,600,1500,12.812,0.944,3055.635,5046.1941,22.43,9.504666666666667,3101.4675,5048.523099999999,0.108,0.108,0.202,0.5181518151815182,0.14533333333333334,0.07433333333333333,0.7378645806351344,0.7378645806351344,3.9514583225405375,12.652,98.5,1.0,10,12.0724,805.5066666666667
churn,3,5000,0,5,3,100,60,60,0,600,1500,12.665333333333333,0.898,3041.9075,5042.1893,22.208,9.547333333333333,3045.089,5042.9728,0.092,0.092,0.18666666666666668,0.48214285714285715,0.128,0.06913333333333334,0.7297112321987944,0.7297112321987944,3.9188449287951777,12.6,98.4,1.0,10,12.13,798.2116666666667
churn,4,5000,0,5,3,100,60,60,0,600,1500,12.903333333333334,0.9406666666666667,3055.2285,5046.4444,22.054666666666666,9.493333333333334,3043.8415,5042.4085,0.10666666666666667,0.10666666666666667,0.19866666666666666,0.5268456375838926,0.152,0.07113333333333334,0.733591643322774,0.733591643322774,3.934366573291096,12.612,98.4,1.0,10,12.0686,807.1016666666667
churn,1,5000,0,5,3,10,10,3600,0,600,1500,14.517333333333333,1.7786666666666666,76.516,1055.8753000000002,18.498,4.024,76.5295,1057.2875,0.99,0.99,0.992,0.9979838709677419,1.0,0.9612,0.028882194678869547,0.028882194678869547,1.1155287787154782,13.024105527638188,98.5,1.0,10,1.2016,136.44
churn,2,5000,0,5,3,10,10,3600,0,600,1500,14.425333333333333,1.7673333333333334,74.416,1055.3083000000001,18.618666666666666,4.0953333333333335,76.827,1057.3343,0.984,0.984,0.9933333333333333,0.9906040268456375,0.998,0.9624666666666667,0.02917808534647537,0.02917808534647537,1.1167123413859015,13.01,98.5,1.0,10,1.2016,136.04833333333335
churn,3,5000,0,5,3,10,10,3600,0,600,1500,14.433333333333334,1.748,75.5345,1056.2502,18.546,4.101333333333334,77.0125,1056.7351999999998,0.9906666666666667,0.9906666666666667,0.994,0.9966465459423206,1.0,0.9602666666666667,0.031027079437634185,0.031027079437634185,1.1241083177505367,13.012,98.4,1.0,10,1.2016,136.44
churn,4,5000,0,5,3,10,10,3600,0,600,1500,14.528666666666666,1.7786666666666666,76.0655,1056.0861,18.572,4.034666666666666,77.345,1057.1199,0.982,0.982,0.988,0.9939271255060729,1.0,0.9594,0.030757586183169337,0.030757586183169337,1.1230303447326773,12.992,98.4,1.0,10,1.2004,136.27333333333334
churn,1,5000,0,5,3,10,10,60,0,600,1500,14.462,1.7446666666666666,75.2935,1054.4995,17.542666666666666,3.1046666666666667,76.0755,1055.3659,1.0,1.0,1.0,1.0,0.9993333333333333,0.9606666666666667,0.02798154555940023,0.02798154555940023,1.111926182237601,13.023,98.5,1.0,10,1.2012,171.51833333333335
churn,2,5000,0,5,3,10,10,60,0,600,1500,14.513333333333334,1.7546666666666666,75.903,1055.9947,17.724,3.1206666666666667,76.7735,1057.4432,1.0,1.0,1.0,1.0,0.9993333333333333,0.9610666666666666,0.029513451631368058,0.029513451631368058,1.1180538065254721,13.011,98.5,1.0,10,1.2016,171.39333333333335
churn,3,5000,0,5,3,10,10,60,0,600,1500,14.478,1.7746666666666666,75.3785,1056.0655,17.60333333333333,3.1086666666666667,75.817,1056.8043,1.0,1.0,1.0,1.0,1.0,0.96,0.02933799673255252,0.02933799673255252,1.11735198693021,13.017,98.4,1.0,10,1.2016,171.11833333333334
churn,4,5000,0,5,3,10,10,60,0,600,1500,14.511333333333333,1.7793333333333334,76.095,1056.7118,17.515333333333334,3.1226666666666665,75.763,1055.2328,1.0,1.0,1.0,1.0,1.0,0.9604,0.029453824153519697,0.029453824153519697,1.1178152966140789,13.014,98.4,1.0,10,1.2012,171.28666666666666
churn,1,5000,0,5,3,10,60,3600,0,600,1500,14.515333333333333,1.8633333333333333,1053.7905,2010.8015,19.138666666666666,4.513333333333334,1055.2775,2024.8209000000002,0.986,0.986,0.9966666666666667,0.9892976588628762,0.9993333333333333,0.8486666666666667,0.1274965111756766,0.1274965111756766,1.5099860447027065,12.495,98.5,1.0,10,1.2016,137.475
churn,2,5000,0,5,3,10,60,3600,0,600,1500,14.703333333333333,1.8906666666666667,1045.717,1118.3595,19.160666666666668,4.493333333333333,1055.07,2022.9158,0.986,0.986,0.9966666666666667,0.9892976588628762,1.0,0.8571333333333333,0.12282095514799346,0.12282095514799346,1.4912838205919738,12.534,98.5,1.0,10,1.2016,136.795
churn,3,5000,0,5,3,10,60,3600,0,600,1500,14.565333333333333,1.856,1053.38,2010.6182,18.913333333333334,4.302666666666667,1054.2475,2023.4402000000002,0.996,0.996,0.998,0.9979959919839679,1.0,0.8509333333333333,0.12446302897358559,0.12446302897358559,1.4978521158943423,12.518,98.4,1.0,10,1.2008,136.95666666666668
churn,4,5000,0,5,3,10,60,3600,0,600,1500,14.533333333333333,1.8246666666666667,1046.019,1118.128,18.886,4.285333333333333,1045.5945,1121.7321000000002,0.9913333333333333,0.9913333333333333,0.9993333333333333,0.9919946631087392,0.9993333333333333,0.8568,0.11720555593693509,0.11720555593693509,1.4688222237477404,12.525,98.4,1.0,10,1.2016,136.73666666666668
churn,1,5000,0,5,3,10,60,60,0,600,1500,14.544,1.8373333333333333,1045.1005,1130.4487000000001,17.878,3.4006666666666665,1043.5485,1107.2131000000002,1.0,1.0,1.0,1.0,1.0,0.8576,0.11166498208214647,0.11166498208214647,1.446659928328586,12.58,98.5,1.0,10,1.2016,168.64166666666668
churn,2,5000,0,5,3,10,60,60,0,600,1500,14.591333333333333,1.8606666666666667,1046.079,1132.4056,18.008,3.3913333333333333,1043.0345,1107.3836999999999,1.0,1.0,1.0,1.0,1.0,0.8552666666666667,0.11229800054779512,0.11229800054779512,1.4491920021911806,12.564,98.5,1.0,10,1.2036,168.65
churn,3,5000,0,5,3,10,60,60,0,600,1500,14.651333333333334,1.9073333333333333,1047.5895,1129.5042,17.902,3.354,1043.0,1113.5788000000002,1.0,1.0,1.0,1.0,1.0,0.8620666666666666,0.11246832119454782,0.11246832119454782,1.4498732847781912,12.536,98.4,1.0,10,1.2036,169.30166666666668
churn,4,5000,0,5,3,10,60,60,0,600,1500,14.582,1.874,1045.301,1107.1676,17.938666666666666,3.404,1043.316,1096.1388,1.0,1.0,1.0,1.0,0.9993333333333333,0.8592666666666667,0.10978820835718374,0.10978820835718374,1.439152833428735,12.534,98.4,1.0,10,1.2012,168.93833333333333
churn,1,5000,0,5,3,2.5,10,3600,0,600,1500,14.765333333333333,1.8626666666666667,69.2055,89.38660000000002,17.796,3.16,69.2585,94.42590000000004,1.0,1.0,1.0,1.0,1.0,0.9922,0.006757063171738243,0.006757063171738243,1.027028252686953,13.184,98.5,1.0,10,0.2998,34.031666666666666
churn,2,5000,0,5,3,2.5,10,3600,0,600,1500,14.800666666666666,1.8613333333333333,69.1505,89.02080000000002,17.929333333333332,3.1633333333333336,69.9005,1005.9445999999999,1.0,1.0,1.0,1.0,0.9993333333333333,0.9921333333333333,0.0066516347237880495,0.0066516347237880495,1.0266065388951522,13.163,98.5,1.0,10,0.2998,33.71666666666667
churn,3,5000,0,5,3,2.5,10,3600,0,600,1500,14.668666666666667,1.8146666666666667,68.6995,84.5453,17.838,3.212666666666667,69.052,94.68470000000015,1.0,1.0,1.0,1.0,1.0,0.9933333333333333,0.006190118568079926,0.006190118568079926,1.0247604742723198,13.211,98.5,1.0,10,0.2998,34.18
churn,4,5000,0,5,3,2.5,10,3600,0,600,1500,14.709333333333333,1.8393333333333333,69.0865,86.6659000000001,17.868,3.2106666666666666,69.356,85.53650000000005,1.0,1.0,1.0,1.0,1.0,0.9922,0.0060385925085130535,0.0060385925085130535,1.0241543700340523,13.206,98.4,1.0,10,0.2998,33.98833333333334
churn,1,5000,0,5,3,2.5,10,60,0,600,1500,14.676666666666666,1.8146666666666667,68.595,87.5018,17.621333333333332,3.026666666666667,69.1805,91.64620000000008,1.0,1.0,1.0,1.0,1.0,0.992,0.006240462796365045,0.006240462796365045,1.0249618511854601,13.186,98.5,1.0,10,0.2998,68.98
churn,2,5000,0,5,3,2.5,10,60,0,600,1500,14.742666666666667,1.85,69.4405,91.4739000000001,17.851333333333333,3.028,71.22,96.69610000000024,0.9993333333333333,0.9993333333333333,1.0,0.9993333333333333,1.0,0.9921333333333333,0.007035107894202801,0.007035107894202801,1.0281404315768112,13.204,98.5,1.0,10,0.2998,69.03166666666667
churn,3,5000,0,5,3,2.5,10,60,0,600,1500,14.662666666666667,1.8226666666666667,68.761,86.59040000000009,17.71066666666667,3.0246666666666666,69.283,87.47610000000002,1.0,1.0,1.0,1.0,1.0,0.9928,0.006155873066351679,0.006155873066351679,1.0246234922654067,13.197,98.4,1.0,10,0.3002,68.86166666666666
churn,4,5000,0,5,3,2.5,10,60,0,600,1500,14.570666666666666,1.8026666666666666,68.4255,85.23550000000003,17.706666666666667,3.0273333333333334,69.3675,84.95710000000001,1.0,1.0,1.0,1.0,1.0,0.9933333333333333,0.005652421652421653,0.005652421652421653,1.0226096866096865,13.229,98.4,1.0,10,0.2998,69.065
churn,1,5000,0,5,3,2.5,60,3600,0,600,1500,14.726,1.8793333333333333,74.272,1054.5991000000001,17.884666666666668,3.21,74.16,1054.4977,1.0,1.0,1.0,1.0,0.9993333333333333,0.9674666666666667,0.02841205414843201,0.02841205414843201,1.113648216593728,12.451,98.5,1.0,10,0.3004,34.10666666666667
churn,2,5000,0,5,3,2.5,60,3600,0,600,1500,14.716666666666667,1.844,73.942,1054.4303,18.01,3.223333333333333,74.372,1055.0368999999998,1.0,1.0,1.0,1.0,0.9993333333333333,0.9686666666666667,0.026641057507626256,0.026641057507626256,1.106564230030505,12.447,98.5,1.0,10,0.3004,33.858333333333334
churn,3,5000,0,5,3,2.5,60,3600,0,600,1500,14.673333333333334,1.8726666666666667,73.8385,1054.6388,17.848,3.243333333333333,73.8725,1055.187,1.0,1.0,1.0,1.0,1.0,0.9690666666666666,0.028212309583987977,0.028212309583987977,1.1128492383359518,12.427,98.4,1.0,10,0.3002,34.18333333333333
churn,4,5000,0,5,3,2.5,60,3600,0,600,1500,14.662,1.834,73.7255,1054.5766999999998,17.916,3.243333333333333,74.4195,1054.9795,1.0,1.0,1.0,1.0,1.0,0.9676666666666667,0.027976001090859508,0.027976001090859508,1.111904004363438,12.408,98.4,1.0,10,0.3002,34.031666666666666
churn,1,5000,0,5,3,2.5,60,60,0,600,1500,14.666,1.8486666666666667,73.296,1044.8624,17.818666666666665,3.084,73.7745,1045.068,1.0,1.0,1.0,1.0,0.9993333333333333,0.9716666666666667,0.02383165914605111,0.02383165914605111,1.0953266365842045,12.472,98.5,1.0,10,0.3002,68.01833333333333
churn,2,5000,0,5,3,2.5,60,60,0,600,1500,14.759333333333334,1.852,73.5105,1054.5041,17.920666666666666,3.098,74.58,1048.8295000000007,1.0,1.0,1.0,1.0,1.0,0.9695333333333334,0.025015211953214794,0.025015211953214794,1.100060847812859,12.494,98.5,1.0,10,0.3004,68.25666666666666
churn,3,5000,0,5,3,2.5,60,60,0,600,1500,14.702,1.8773333333333333,74.0215,1054.6015,17.776,3.08,73.3085,1044.5489,0.9993333333333333,0.9993333333333333,1.0,0.9993333333333333,1.0,0.9693333333333334,0.025602648706261198,0.025602648706261198,1.1024105948250449,12.463,98.4,1.0,10,0.2998,68.48833333333333
churn,4,5000,0,5,3,2.5,60,60,0,600,1500,14.700666666666667,1.8526666666666667,73.232,1054.0727,17.78933333333333,3.0833333333333335,73.9925,1054.7838000000002,1.0,1.0,1.0,1.0,1.0,0.9702,0.025617773747449557,0.025617773747449557,1.1024710949897982,12.388,98.4,1.0,10,0.3,68.36166666666666
churn,1,5000,0,5,3,25,10,3600,0,600,1500,14.434,1.7866666666666666,1045.2085,1123.5222000000003,20.701333333333334,6.269333333333333,1048.205,2023.24,0.7673333333333333,0.7673333333333333,0.808,0.9496699669966997,0.9993333333333333,0.8362,0.11958705743781611,0.11958705743781611,1.4783482297512645,12.853,98.5,1.0,10,3.0042,342.3433333333333
churn,2,5000,0,5,3,25,10,3600,0,600,1500,14.463333333333333,1.826,1046.9375,1125.8355000000001,21.050666666666668,6.551333333333333,1048.1795,2024.7081,0.7453333333333333,0.7453333333333333,0.794,0.9387069689336692,1.0,0.8338666666666666,0.12001657305957095,0.12001657305957095,1.4800662922382837,12.85,98.5,1.0,10,3.0092,342.2316666666667
churn,3,5000,0,5,3,25,10,3600,0,600,1500,14.438,1.8346666666666667,1045.4555,1135.2572000000005,20.878666666666668,6.425333333333334,1054.977,2025.2048,0.7466666666666667,0.7466666666666667,0.802,0.9310058187863675,1.0,0.8312,0.1213512702771304,0.1213512702771304,1.4854050811085215,12.828,98.5,1.0,10,3.009,342.56666666666666
churn,4,5000,0,5,3,25,10,3600,0,600,1500,14.45,1.822,1045.4165,1128.2330000000002,20.976,6.512,1047.1995,1137.5376999999999,0.7353333333333333,0.7353333333333333,0.776,0.947594501718213,0.9993333333333333,0.8358,0.11800511862765442,0.11800511862765442,1.4720204745106178,12.872,98.4,1.0,10,3.007,342.45
churn,1,5000,0,5,3,25,10,60,0,600,1500,14.487333333333334,1.8173333333333332,1046.542,1111.8847,17.936,3.5246666666666666,1047.462,2012.1623,0.9993333333333333,0.9993333333333333,1.0,0.9993333333333333,0.9993333333333333,0.8346,0.11889821906431669,0.11889821906431669,1.4755928762572668,12.853,98.5,1.0,10,3.004,371.22333333333336
churn,2,5000,0,5,3,25,10,60,0,600,1500,14.416,1.8026666666666666,1046.104,1119.1450000000002,17.950666666666667,3.488,1053.915,2010.5695,1.0,1.0,1.0,1.0,0.9993333333333333,0.836,0.11978854056050603,0.11978854056050603,1.4791541622420241,12.869,98.5,1.0,10,3.004,370.0366666666667
churn,3,5000,0,5,3,25,10,60,0,600,1500,14.444,1.8173333333333332,1045.874,1125.0851000000007,17.990666666666666,3.53,1055.7665,2022.7654,1.0,1.0,1.0,1.0,0.9993333333333333,0.8353333333333334,0.12233318725926609,0.12233318725926609,1.4893327490370645,12.866,98.5,1.0,10,3.0082,370.5733333333333
churn,4,5000,0,5,3,25,10,60,0,600,1500,14.435333333333332,1.8086666666666666,1044.9805,1113.8178000000003,17.914,3.473333333333333,1053.6355,2012.8844000000001,1.0,1.0,1.0,1.0,1.0,0.8367333333333333,0.11882993951147434,0.11882993951147434,1.4753197580458974,12.831,98.4,1.0,10,3.0052,370.93
churn,1,5000,0,5,3,25,60,3600,0,600,1500,15.372,2.1813333333333333,2060.1465,3080.2574,22.722666666666665,7.398,2065.5295,4020.8609000000006,0.646,0.646,0.774,0.834625322997416,0.994,0.5688666666666666,0.37228797915083073,0.37228797915083073,2.4891519166033227,12.55,98.5,1.0,10,3.0164,348.895
churn,2,5000,0,5,3,25,60,3600,0,600,1500,15.400666666666666,2.164,2061.6165,3093.7066,23.226666666666667,7.625333333333334,2069.9225,4038.4266000000002,0.6146666666666667,0.6146666666666667,0.7633333333333333,0.8052401746724891,0.992,0.5596,0.3811151968690192,0.3811151968690192,2.5244607874760767,12.568,98.5,1.0,10,3.0134,347.7316666666667
churn,3,5000,0,5,3,25,60,3600,0,600,1500,15.429333333333334,2.198,2061.44,3094.5978999999998,22.978,7.498666666666667,2073.296,4035.2947999999997,0.626,0.626,0.742,0.8436657681940701,0.9893333333333333,0.5594,0.3775640057804715,0.3775640057804715,2.510256023121886,12.574,98.4,1.0,10,3.018,348.8933333333333
churn,4,5000,0,5,3,25,60,3600,0,600,1500,15.374666666666666,2.1586666666666665,2059.14,3081.895,23.044,7.5,2068.2565,4036.3603,0.62,0.62,0.7633333333333333,0.8122270742358079,0.992,0.5647333333333333,0.3742075984302902,0.3742075984302902,2.496830393721161,12.558,98.4,1.0,10,3.0144,348.0933333333333
churn,1,5000,0,5,3,25,60,60,0,600,1500,15.290666666666667,2.1286666666666667,2052.423,3082.4891000000002,19.861333333333334,4.562666666666667,2050.5015,3081.054,0.9906666666666667,0.9906666666666667,0.9986666666666667,0.9919893190921228,0.9933333333333333,0.5754,0.34667858076889546,0.34667858076889546,2.386714323075582,12.57831658291457,98.5,1.0,10,3.018,370.2816666666667
churn,2,5000,0,5,3,25,60,60,0,600,1500,15.424666666666667,2.1606666666666667,2052.401,3079.7624,20.058,4.617333333333334,2050.904,3080.6252999999997,0.9853333333333333,0.9853333333333333,0.994,0.9912810194500336,0.9913333333333333,0.5751333333333333,0.3513110717525595,0.3513110717525595,2.405244287010238,12.582,98.5,1.0,10,3.012,368.005
churn,3,5000,0,5,3,25,60,60,0,600,1500,15.213333333333333,2.108,2054.801,3071.4451,19.879333333333335,4.620666666666667,2049.405,3070.1021,0.9973333333333333,0.9973333333333333,0.9993333333333333,0.9979986657771848,0.9926666666666667,0.573,0.34551938391528836,0.34551938391528836,2.3820775356611534,12.593,98.4,1.0,10,3.0132,368.8883333333333
churn,4,5000,0,5,3,25,60,60,0,600,1500,15.212666666666667,2.116,2051.1085,3072.725,20.004,4.568,2050.7345,3070.5349,0.9966666666666667,0.9966666666666667,1.0,0.9966666666666667,0.9933333333333333,0.5768,0.3455941530898571,0.3455941530898571,2.3823766123594283,12.588,98.4,1.0,10,3.0222,370.525
churn,1,5000,0,5,3,50,10,3600,0,600,1500,16.370666666666665,2.1813333333333333,3056.466,5070.208799999999,25.420666666666666,8.936666666666667,3080.7525,5085.352900000001,0.25866666666666666,0.25866666666666666,0.332,0.7791164658634538,0.8113333333333334,0.3404,0.5521488575950652,0.5521488575950652,3.2085954303802606,12.735,98.5,1.0,10,6.0648,657.52
churn,2,5000,0,5,3,50,10,3600,0,600,1500,16.372,2.2026666666666666,3058.399,5071.1896,25.323333333333334,8.824666666666667,3072.105,5083.998600000001,0.2826666666666667,0.2826666666666667,0.358,0.7895716945996276,0.804,0.3358,0.5487567436011844,0.5487567436011844,3.1950269744047377,12.734,98.5,1.0,10,6.0306,648.82
churn,3,5000,0,5,3,50,10,3600,0,600,1500,16.340666666666667,2.1986666666666665,3057.344,5067.3408,25.464,8.864,3079.282,5082.196099999999,0.2753333333333333,0.2753333333333333,0.3546666666666667,0.7763157894736842,0.8106666666666666,0.33653333333333335,0.5517799680233146,0.5517799680233146,3.2071198720932586,12.714,98.5,1.0,10,6.0588,655.1983333333334
churn,4,5000,0,5,3,50,10,3600,0,600,1500,16.609333333333332,2.267333333333333,3060.8965,5093.2483,25.505333333333333,8.906,3070.9305,5088.0339,0.266,0.266,0.36,0.7388888888888889,0.8153333333333334,0.33593333333333336,0.547226627587176,0.547226627587176,3.188906510348704,12.69,98.4,1.0,10,6.0446,654.4416666666667
churn,1,5000,0,5,3,50,10,60,0,600,1500,16.302,2.216,3058.483,5070.43,23.352666666666668,6.98,3066.863,5071.311900000001,0.7533333333333333,0.7533333333333333,0.8826666666666667,0.8436555891238671,0.8013333333333333,0.3400666666666667,0.5449889822900514,0.5449889822900514,3.1799559291602058,12.708,98.5,1.0,10,6.0384,664.4116666666666
churn,2,5000,0,5,3,50,10,60,0,600,1500,16.482,2.242,3058.1065,5073.0149,23.700666666666667,7.006666666666667,3069.105,5094.1796,0.7446666666666667,0.7446666666666667,0.8733333333333333,0.850381679389313,0.8233333333333334,0.34086666666666665,0.5433244916003537,0.5433244916003537,3.1732979664014147,12.728597989949748,98.5,1.0,10,6.0466,665.205
churn,3,5000,0,5,3,50,10,60,0,600,1500,16.36,2.1526666666666667,3067.1715,5069.611400000001,23.416666666666668,6.811333333333334,3067.557,5083.8483,0.7813333333333333,0.7813333333333333,0.9053333333333333,0.8600883652430045,0.7873333333333333,0.3408,0.5451989969260638,0.5451989969260638,3.180795987704255,12.704,98.4,1.0,10,6.0546,665.885
churn,4,5000,0,5,3,50,10,60,0,600,1500,16.093333333333334,2.1513333333333335,3055.2185,5059.8149,23.378,7.077333333333334,3069.178,5086.3355,0.736,0.736,0.886,0.8239277652370203,0.7926666666666666,0.3456666666666667,0.5431046901689613,0.5431046901689613,3.1724187606758454,12.709,98.4,1.0,10,6.0486,664.6633333333333
churn,1,5000,0,5,3,50,60,3600,0,600,1500,16.438,2.006666666666667,4027.282,6064.008599999999,25.598666666666666,9.022,4030.0135,6069.978,0.23933333333333334,0.23933333333333334,0.322,0.7432712215320911,0.568,0.234,0.65316425023222,0.65316425023222,3.61265700092888,12.624,98.5,1.0,10,6.0946,595.6783333333333
churn,2,5000,0,5,3,50,60,3600,0,600,1500,16.314,1.998,4026.5505,6063.425200000001,25.78,9.142,4030.145,6070.1737,0.21533333333333332,0.21533333333333332,0.3373333333333333,0.6383399209486166,0.5613333333333334,0.23493333333333333,0.6535566885166303,0.6535566885166303,3.614226754066521,12.674,98.5,1.0,10,6.0482,584.2733333333333
churn,3,5000,0,5,3,50,60,3600,0,600,1500,16.236666666666668,1.942,4026.3045,6051.8876,25.376666666666665,9.094666666666667,4029.4115,6060.063,0.216,0.216,0.3373333333333333,0.6403162055335968,0.5346666666666666,0.22973333333333334,0.6569765058017959,0.6569765058017959,3.6279060232071836,12.66,98.4,1.0,10,6.0484,580.7933333333333
churn,4,5000,0,5,3,50,60,3600,0,600,1500,16.270666666666667,1.9806666666666666,4026.213,6057.1383000000005,25.316,9.039333333333333,4027.997,6065.2046,0.238,0.238,0.3466666666666667,0.6865384615384615,0.548,0.23006666666666667,0.6501915159460069,0.6501915159460069,3.6007660637840275,12.616,98.4,1.0,10,6.0606,586.28
churn,1,5000,0,5,3,50,60,60,0,600,1500,16.143333333333334,1.9666666666666666,4026.156,6052.3295,24.244666666666667,7.919333333333333,4027.4875,6055.6646,0.5413333333333333,0.5413333333333333,0.8306666666666667,0.6468699839486356,0.5693333333333334,0.24493333333333334,0.6412746648050428,0.6412746648050428,3.565098659220171,12.662,98.5,1.0,10,6.0406,597.8616666666667
churn,2,5000,0,5,3,50,60,60,0,600,1500,16.262666666666668,1.9573333333333334,4026.7635,6056.5593,24.316,7.951333333333333,4026.4485,6065.5557,0.5246666666666666,0.5246666666666666,0.81,0.6436213991769547,0.5373333333333333,0.23153333333333334,0.6496802272123577,0.6496802272123577,3.598720908849431,12.653,98.5,1.0,10,6.0464,590.4433333333334
churn,3,5000,0,5,3,50,60,60,0,600,1500,16.387333333333334,2.0313333333333334,4026.8445,6054.0665,24.403333333333332,7.891333333333334,4026.732,6058.245099999999,0.5653333333333334,0.5653333333333334,0.834,0.6754596322941646,0.566,0.23773333333333332,0.6424446290704979,0.6424446290704979,3.5697785162819917,12.622,98.4,1.0,10,6.0486,598.0166666666667
churn,4,5000,0,5,3,50,60,60,0,600,1500,16.055333333333333,1.9493333333333334,4026.164,6053.5199,24.312666666666665,7.968,4026.7155,6062.6195,0.5346666666666666,0.5346666666666666,0.7993333333333333,0.6638865721434529,0.5466666666666666,0.23426666666666668,0.6471604938271605,0.6471604938271605,3.588641975308642,12.609582914572863,98.4,1.0,10,6.0484,596.495
churn,1,5000,0,5,3,5,10,3600,0,600,1500,14.655333333333333,1.82,69.5595,1033.3042,17.972666666666665,3.3446666666666665,69.584,1041.878,1.0,1.0,1.0,1.0,1.0,0.9834,0.012726237905520774,0.012726237905520774,1.0509049516220832,13.066,98.5,1.0,10,0.6,68.305
churn,2,5000,0,5,3,5,10,3600,0,600,1500,14.546666666666667,1.7846666666666666,67.911,1030.9994,18.087333333333333,3.404,70.125,1035.6983000000005,1.0,1.0,1.0,1.0,0.9986666666666667,0.9852,0.01236172881742502,0.01236172881742502,1.0494469152697001,13.082,98.5,1.0,10,0.5998,67.605
churn,3,5000,0,5,3,5,10,3600,0,600,1500,14.536666666666667,1.7853333333333334,68.1195,1033.0109,17.996666666666666,3.3753333333333333,68.879,1043.0338000000002,0.9993333333333333,0.9993333333333333,1.0,0.9993333333333333,1.0,0.9832,0.013855545647849648,0.013855545647849648,1.0554221825913985,13.019,98.4,1.0,10,0.6008,68.24166666666666
churn,4,5000,0,5,3,5,10,3600,0,600,1500,14.586666666666666,1.8013333333333332,69.5415,1033.9124000000002,18.041333333333334,3.452,69.3165,1043.5296,1.0,1.0,1.0,1.0,1.0,0.9827333333333333,0.014144045334064529,0.014144045334064529,1.0565761813362582,13.078,98.4,1.0,10,0.6006,68.05666666666667
churn,1,5000,0,5,3,5,10,60,0,600,1500,14.508666666666667,1.78,68.6085,1031.4803,17.651333333333334,3.054,69.0215,1032.3597,1.0,1.0,1.0,1.0,0.9993333333333333,0.9848666666666667,0.012139535949059758,0.012139535949059758,1.048558143796239,13.09,98.5,1.0,10,0.6002,103.74833333333333
churn,2,5000,0,5,3,5,10,60,0,600,1500,14.645333333333333,1.8226666666666667,70.455,1032.9964,17.718,3.0513333333333335,70.2045,1035.787,1.0,1.0,1.0,1.0,0.9973333333333333,0.9815333333333334,0.014078420669577875,0.014078420669577875,1.0563136826783115,13.058,98.5,1.0,10,0.5998,103.38
churn,3,5000,0,5,3,5,10,60,0,600,1500,14.562,1.7953333333333332,69.545,1032.327,17.602666666666668,3.050666666666667,69.688,1033.7443,1.0,1.0,1.0,1.0,0.9993333333333333,0.9832666666666666,0.013097936845961852,0.013097936845961852,1.0523917473838473,13.116,98.4,1.0,10,0.5998,103.37833333333333
churn,4,5000,0,5,3,5,10,60,0,600,1500,14.57,1.78,69.8425,1043.1806,17.648,3.058666666666667,69.992,1034.5987,1.0,1.0,1.0,1.0,1.0,0.9818666666666667,0.013740597635977046,0.013740597635977046,1.0549623905439083,13.152,98.4,1.0,10,0.6006,103.66166666666666
churn,1,5000,0,5,3,5,60,3600,0,600,1500,14.572666666666667,1.81,1006.7205,1066.2488999999998,18.124666666666666,3.57,1017.83,1066.6308999999999,1.0,1.0,1.0,1.0,1.0,0.9301333333333334,0.05914261518390515,0.05914261518390515,1.2365704607356207,12.304,98.5,1.0,10,0.6008,68.405
churn,2,5000,0,5,3,5,60,3600,0,600,1500,14.652,1.8553333333333333,1005.903,1067.7033000000001,18.297333333333334,3.5573333333333332,1017.5995,1068.9416999999999,0.9993333333333333,0.9993333333333333,1.0,0.9993333333333333,0.9993333333333333,0.9306,0.05763473053892216,0.05763473053892216,1.2305389221556886,12.578,98.5,1.0,10,0.6008,67.82666666666667
churn,3,5000,0,5,3,5,60,3600,0,600,1500,14.565333333333333,1.8213333333333332,1017.046,1067.2053999999998,18.186666666666667,3.550666666666667,1018.3855,1068.2608,1.0,1.0,1.0,1.0,1.0,0.9320666666666667,0.059905940368019724,0.059905940368019724,1.2396237614720789,12.602,98.4,1.0,10,0.6004,68.235
churn,4,5000,0,5,3,5,60,3600,0,600,1500,14.603333333333333,1.846,1006.675,1066.6873999999998,18.22533333333333,3.584,1018.249,1068.0106,0.9993333333333333,0.9993333333333333,0.9993333333333333,1.0,1.0,0.9317333333333333,0.05813025736886498,0.05813025736886498,1.2325210294754598,12.579,98.4,1.0,10,0.6008,68.17666666666666
churn,1,5000,0,5,3,5,60,60,0,600,1500,14.552666666666667,1.8173333333333332,1005.5395,1066.3295,17.800666666666668,3.17,1005.1305,1066.4233000000002,1.0,1.0,1.0,1.0,1.0,0.9352,0.05114791547687036,0.05114791547687036,1.2045916619074815,12.592859296482409,98.5,1.0,10,0.6002,102.01333333333334
churn,2,5000,0,5,3,5,60,60,0,600,1500,14.691333333333333,1.846,1005.352,1067.3781000000001,17.882,3.1746666666666665,1005.591,1066.0893,1.0,1.0,1.0,1.0,1.0,0.9346666666666666,0.05158964125357159,0.05158964125357159,1.2063585650142863,12.585,98.5,1.0,10,0.6008,101.61833333333334
churn,3,5000,0,5,3,5,60,60,0,600,1500,14.564666666666668,1.8266666666666667,1006.8175,1067.5876,17.74266666666667,3.174,1008.146,1067.9112,1.0,1.0,1.0,1.0,1.0,0.9325333333333333,0.05615560640732265,0.05615560640732265,1.2246224256292906,12.509,98.4,1.0,10,0.6,101.655
churn,4,5000,0,5,3,5,60,60,0,600,1500,14.56,1.816,1005.143,1058.3068999999998,17.771333333333335,3.1846666666666668,88.4105,1066.3263,1.0,1.0,1.0,1.0,1.0,0.9381333333333334,0.050297346752058554,0.050297346752058554,1.2011893870082342,12.518,98.4,1.0,10,0.6008,102.115
heat_alpha_size,1,1000,0,5,10,0,60,3600,0,0,500,24.044,1.336,37.3905,40.4703,34.146,10,37.8945,41.2973,1.0,1.0,1.0,1.0,0.996,0.9984,0.0,0.0,1.0,12.531,75.3,1.0,10,0.0,0.0
heat_alpha_size,2,1000,0,5,10,0,60,3600,0,0,500,24.456,1.368,37.3845,48.5863,34.516,10,37.5465,48.89860000000001,1.0,1.0,1.0,1.0,0.996,0.999,0.0,0.0,1.0,12.468,75.2,1.0,10,0.0,0.0
heat_alpha_size,3,1000,0,5,10,0,60,3600,0,0,500,23.956,1.302,37.4525,40.888000000000005,34.052,10,37.754,43.181500000000014,1.0,1.0,1.0,1.0,1.0,0.9988,0.0,0.0,1.0,12.511,75.2,1.0,10,0.0,0.0
heat_alpha_size,1,1000,0,5,1,0,60,3600,0,0,500,10.81,1.44,135.611,148.0515,11.9,1,136.368,148.7672,1.0,1.0,1.0,1.0,0.996,0.9988,0.0,0.0,1.0,12.353,75.3,1.0,10,0.0,0.0
heat_alpha_size,2,1000,0,5,1,0,60,3600,0,0,500,10.9,1.492,135.3075,148.0795,11.92,1,135.3375,147.68689999999998,1.0,1.0,1.0,1.0,0.996,0.9992,0.0,0.0,1.0,12.273,75.2,1.0,10,0.0,0.0
heat_alpha_size,3,1000,0,5,1,0,60,3600,0,0,500,10.9,1.448,135.699,148.20489999999998,11.856,1,135.263,147.1215,1.0,1.0,1.0,1.0,1.0,0.9998,0.0,0.0,1.0,12.276,75.2,1.0,10,0.0,0.0
heat_alpha_size,1,1000,0,5,2,0,60,3600,0,0,500,11.948,1.4,74.652,87.6494,14,2,75.194,87.8924,1.0,1.0,1.0,1.0,0.996,0.9986,0.0,0.0,1.0,12.305582914572865,75.2,1.0,10,0.0,0.0
heat_alpha_size,2,1000,0,5,2,0,60,3600,0,0,500,11.97,1.438,75.4095,87.861,13.982,2,75.3365,87.7056,1.0,1.0,1.0,1.0,0.996,0.9992,0.0,0.0,1.0,12.339587939698493,75.2,1.0,10,0.0,0.0
heat_alpha_size,3,1000,0,5,2,0,60,3600,0,0,500,11.904,1.38,74.586,87.519,13.892,2,74.729,87.36030000000001,1.0,1.0,1.0,1.0,1.0,0.9994,0.0,0.0,1.0,12.304,75.2,1.0,10,0.0,0.0
heat_alpha_size,1,1000,0,5,3,0,60,3600,0,0,500,13.198,1.38,61.6645,72.3915,16.224,3,61.722,73.1472,1.0,1.0,1.0,1.0,0.996,0.999,0.0,0.0,1.0,12.332,75.3,1.0,10,0.0,0.0
heat_alpha_size,2,1000,0,5,3,0,60,3600,0,0,500,13.166,1.392,61.697,72.1709,16.316,3,62.182,73.6957,1.0,1.0,1.0,1.0,0.996,0.9982,0.0,0.0,1.0,12.373,75.2,1.0,10,0.0,0.0
heat_alpha_size,3,1000,0,5,3,0,60,3600,0,0,500,13.156,1.348,61.8645,73.15660000000001,16.114,3,61.754,72.78290000000001,1.0,1.0,1.0,1.0,1.0,0.9988,0.0,0.0,1.0,12.357,75.2,1.0,10,0.0,0.0
heat_alpha_size,1,1000,0,5,4,0,60,3600,0,0,500,14.478,1.37,50.1845,62.0208,18.62,4,50.472,62.8089,1.0,1.0,1.0,1.0,0.996,0.9988,0.0,0.0,1.0,12.384,75.3,1.0,10,0.0,0.0
heat_alpha_size,2,1000,0,5,4,0,60,3600,0,0,500,14.426,1.346,50.1905,62.3729,18.452,4,50.4455,63.0835,1.0,1.0,1.0,1.0,0.996,0.9982,0.0,0.0,1.0,12.378,75.2,1.0,10,0.0,0.0
heat_alpha_size,3,1000,0,5,4,0,60,3600,0,0,500,14.488,1.362,50.2655,62.3589,18.414,4,50.4615,63.026199999999996,1.0,1.0,1.0,1.0,1.0,0.9994,0.0,0.0,1.0,12.383,75.2,1.0,10,0.0,0.0
heat_alpha_size,1,1000,0,5,5,0,60,3600,0,0,500,16.014,1.386,47.9565,51.4854,20.892,5,47.6515,51.8135,1.0,1.0,1.0,1.0,0.996,0.9984,0.0,0.0,1.0,12.374,75.3,1.0,10,0.0,0.0
heat_alpha_size,2,1000,0,5,5,0,60,3600,0,0,500,15.892,1.33,41.1045,52.1185,21.032,5,42.875,52.595699999999994,1.0,1.0,1.0,1.0,0.996,0.999,0.0,0.0,1.0,12.468,75.2,1.0,10,0.0,0.0
heat_alpha_size,3,1000,0,5,5,0,60,3600,0,0,500,15.974,1.326,47.8835,51.604000000000006,20.892,5,40.4375,51.7551,1.0,1.0,1.0,1.0,1.0,0.9978,0.0,0.0,1.0,12.391,75.2,1.0,10,0.0,0.0
heat_alpha_size,1,1000,0,5,6,0,60,3600,0,0,500,17.386,1.374,38.5525,51.3452,23.616,6,39.3465,52.073800000000006,1.0,1.0,1.0,1.0,0.996,0.999,0.0,0.0,1.0,12.425,75.3,1.0,10,0.0,0.0
heat_alpha_size,2,1000,0,5,6,0,60,3600,0,0,500,17.45,1.338,38.395,51.129400000000004,23.64,6,39.272,51.466300000000004,1.0,1.0,1.0,1.0,0.996,0.9986,0.0,0.0,1.0,12.389,75.2,1.0,10,0.0,0.0
heat_alpha_size,3,1000,0,5,6,0,60,3600,0,0,500,17.344,1.316,38.927,51.305099999999996,23.418,6,39.2645,51.609700000000004,1.0,1.0,1.0,1.0,1.0,0.9996,0.0,0.0,1.0,12.446,75.2,1.0,10,0.0,0.0
heat_alpha_size,1,1000,0,5,8,0,60,3600,0,0,500,20.82,1.364,38.0005,50.50620000000001,28.588,8,38.379,50.328,1.0,1.0,1.0,1.0,0.996,0.9992,0.0,0.0,1.0,12.46,75.3,1.0,10,0.0,0.0
heat_alpha_size,2,1000,0,5,8,0,60,3600,0,0,500,20.824,1.35,38.061,50.414300000000004,28.56,8,38.329,50.478300000000004,1.0,1.0,1.0,1.0,0.996,0.999,0.0,0.0,1.0,12.468,75.2,1.0,10,0.0,0.0
heat_alpha_size,3,1000,0,5,8,0,60,3600,0,0,500,20.334,1.292,37.765,49.6336,28.802,8,38.1405,50.8934,1.0,1.0,1.0,1.0,1.0,0.9988,0.0,0.0,1.0,12.434,75.2,1.0,10,0.0,0.0
heat_alpha_size,1,16000,0,5,10,0,60,3600,0,0,500,32.698,2.144,50.7995,58.8845,42.77,10,51.5385,59.0803,1.0,1.0,1.0,1.0,1.0,1.0,0.0,0.0,1.0,12.921,115.2,1.0,10,0.0,0.0
heat_alpha_size,2,16000,0,5,10,0,60,3600,0,0,500,33.236,2.206,51.3095,58.7756,43.88,10,51.7575,65.4224,1.0,1.0,1.0,1.0,1.0,0.9998,0.0,0.0,1.0,12.856,115.2,1.0,10,0.0,0.0
heat_alpha_size,3,16000,0,5,10,0,60,3600,0,0,500,33.528,2.236,51.2225,63.70570000000001,43.348,10,51.8045,64.09870000000001,1.0,1.0,1.0,1.0,1.0,1.0,0.0,0.0,1.0,12.936,115.2,1.0,10,0.0,0.0
heat_alpha_size,1,16000,0,5,1,0,60,3600,0,0,500,11.812,2.396,159.984,176.12189999999998,12.844,1,160.359,176.8861,1.0,1.0,1.0,1.0,1.0,1.0,0.0,0.0,1.0,13.139,115.2,1.0,10,0.0,0.0
heat_alpha_size,2,16000,0,5,1,0,60,3600,0,0,500,11.832,2.426,160.5205,177.723,12.798,1,159.3245,177.07,1.0,1.0,1.0,1.0,1.0,1.0,0.0,0.0,1.0,13.222,115.2,1.0,10,0.0,0.0
heat_alpha_size,3,16000,0,5,1,0,60,3600,0,0,500,11.784,2.384,162.329,179.50680000000003,12.794,1,162.7055,180.97060000000002,1.0,1.0,1.0,1.0,1.0,1.0,0.0,0.0,1.0,13.329,115.2,1.0,10,0.0,0.0
heat_alpha_size,1,16000,0,5,2,0,60,3600,0,0,500,13.79,2.314,93.911,109.0053,15.804,2,95.755,110.4202,1.0,1.0,1.0,1.0,1.0,1.0,0.0,0.0,1.0,12.986,115.2,1.0,10,0.0,0.0
heat_alpha_size,2,16000,0,5,2,0,60,3600,0,0,500,13.774,2.276,94.071,108.56890000000001,15.87,2,95.1255,110.07169999999999,1.0,1.0,1.0,1.0,1.0,0.9998,0.0,0.0,1.0,13.026,115.2,1.0,10,0.0,0.0
heat_alpha_size,3,16000,0,5,2,0,60,3600,0,0,500,13.736,2.294,95.234,108.3665,15.81,2,95.4105,110.3382,1.0,1.0,1.0,1.0,1.0,1.0,0.0,0.0,1.0,13.054603015075376,115.2,1.0,10,0.0,0.0
heat_alpha_size,1,16000,0,5,3,0,60,3600,0,0,500,15.816,2.222,76.731,87.57790000000001,18.956,3,77.4425,89.46430000000001,1.0,1.0,1.0,1.0,1.0,0.9998,0.0,0.0,1.0,12.761,115.2,1.0,10,0.0,0.0
heat_alpha_size,2,16000,0,5,3,0,60,3600,0,0,500,15.926,2.264,76.2575,88.5704,18.958,3,76.931,90.2016,1.0,1.0,1.0,1.0,1.0,1.0,0.0,0.0,1.0,12.779,115.2,1.0,10,0.0,0.0
heat_alpha_size,3,16000,0,5,3,0,60,3600,0,0,500,15.846,2.226,77.2845,89.8431,18.952,3,78.5225,90.3427,1.0,1.0,1.0,1.0,1.0,1.0,0.0,0.0,1.0,12.943,115.2,1.0,10,0.0,0.0
heat_alpha_size,1,16000,0,5,4,0,60,3600,0,0,500,18.084,2.212,64.992,77.7632,22.05,4,65.4225,78.8538,1.0,1.0,1.0,1.0,1.0,1.0,0.0,0.0,1.0,12.789,115.2,1.0,10,0.0,0.0
heat_alpha_size,2,16000,0,5,4,0,60,3600,0,0,500,18.216,2.256,65.254,78.8853,22.154,4,66.1625,80.03410000000001,1.0,1.0,1.0,1.0,1.0,0.9998,0.0,0.0,1.0,12.85,115.2,1.0,10,0.0,0.0
heat_alpha_size,3,16000,0,5,4,0,60,3600,0,0,500,18.354,2.302,64.6735,78.2912,22.23,4,65.199,78.0919,1.0,1.0,1.0,1.0,1.0,1.0,0.0,0.0,1.0,12.727,115.2,1.0,10,0.0,0.0
heat_alpha_size,1,16000,0,5,5,0,60,3600,0,0,500,20.628,2.22,56.4365,68.16069999999999,25.28,5,55.388,68.69669999999999,1.0,1.0,1.0,1.0,1.0,1.0,0.0,0.0,1.0,12.779,115.2,1.0,10,0.0,0.0
heat_alpha_size,2,16000,0,5,5,0,60,3600,0,0,500,20.334,2.214,54.034,67.1664,25.668,5,56.161,68.62010000000001,1.0,1.0,1.0,1.0,1.0,0.9998,0.0,0.0,1.0,12.754,115.2,1.0,10,0.0,0.0
heat_alpha_size,3,16000,0,5,5,0,60,3600,0,0,500,20.53,2.23,55.732,68.1066,25.828,5,60.4785,69.9309,1.0,1.0,1.0,1.0,1.0,0.9998,0.0,0.0,1.0,12.775,115.2,1.0,10,0.0,0.0
heat_alpha_size,1,16000,0,5,6,0,60,3600,0,0,500,22.898,2.198,53.32,66.7987,28.932,6,54.093,67.4646,1.0,1.0,1.0,1.0,1.0,1.0,0.0,0.0,1.0,12.777,115.2,1.0,10,0.0,0.0
heat_alpha_size,2,16000,0,5,6,0,60,3600,0,0,500,22.746,2.188,53.5085,67.356,29.152,6,55.711,69.20060000000001,1.0,1.0,1.0,1.0,1.0,0.9998,0.0,0.0,1.0,12.832,115.2,1.0,10,0.0,0.0
heat_alpha_size,3,16000,0,5,6,0,60,3600,0,0,500,22.962,2.244,54.016,67.0285,29.474,6,56.2695,68.6007,1.0,1.0,1.0,1.0,1.0,1.0,0.0,0.0,1.0,12.861,115.2,1.0,10,0.0,0.0
heat_alpha_size,1,16000,0,5,8,0,60,3600,0,0,500,27.768,2.164,51.6495,64.3937,35.642,8,52.635,66.5145,1.0,1.0,1.0,1.0,1.0,1.0,0.0,0.0,1.0,12.806,115.2,1.0,10,0.0,0.0
heat_alpha_size,2,16000,0,5,8,0,60,3600,0,0,500,28.326,2.266,52.2915,65.21509999999999,36.49,8,53.1365,66.0423,1.0,1.0,1.0,1.0,1.0,1.0,0.0,0.0,1.0,12.806,115.2,1.0,10,0.0,0.0
heat_alpha_size,3,16000,0,5,8,0,60,3600,0,0,500,27.954,2.202,52.0745,66.10589999999999,35.9,8,53.037,67.2957,1.0,1.0,1.0,1.0,1.0,1.0,0.0,0.0,1.0,12.856,115.2,1.0,10,0.0,0.0
heat_alpha_size,1,2000,0,5,10,0,60,3600,0,0,500,26.818,1.572,37.299,49.496300000000005,36.41,10,37.3855,49.4581,1.0,1.0,1.0,1.0,1.0,0.9998,0.0,0.0,1.0,12.289,85.3,1.0,10,0.0,0.0
heat_alpha_size,2,2000,0,5,10,0,60,3600,0,0,500,26.916,1.614,38.1005,50.5623,36.366,10,38.45,51.234,1.0,1.0,1.0,1.0,0.996,0.9992,0.0,0.0,1.0,12.455,85.3,1.0,10,0.0,0.0
heat_alpha_size,3,2000,0,5,10,0,60,3600,0,0,500,26.526,1.546,37.913,50.697900000000004,36.216,10,38.3435,50.405,1.0,1.0,1.0,1.0,1.0,0.9994,0.0,0.0,1.0,12.491,85.3,1.0,10,0.0,0.0
heat_alpha_size,1,2000,0,5,1,0,60,3600,0,0,500,11.008,1.606,137.2815,150.0168,12.104,1,137.984,150.7647,1.0,1.0,1.0,1.0,1.0,0.9998,0.0,0.0,1.0,12.326,85.2,1.0,10,0.0,0.0
heat_alpha_size,2,2000,0,5,1,0,60,3600,0,0,500,11.07,1.654,137.4665,150.5728,12.114,1,137.384,150.5499,1.0,1.0,1.0,1.0,0.996,0.999,0.0,0.0,1.0,12.287,85.2,1.0,10,0.0,0.0
heat_alpha_size,3,2000,0,5,1,0,60,3600,0,0,500,11.122,1.722,137.2265,150.9795,12.106,1,137.716,151.2069,1.0,1.0,1.0,1.0,1.0,0.9996,0.0,0.0,1.0,12.326,85.2,1.0,10,0.0,0.0
heat_alpha_size,1,2000,0,5,2,0,60,3600,0,0,500,12.418,1.626,76.2365,88.25689999999999,14.46,2,76.9175,89.1383,1.0,1.0,1.0,1.0,1.0,0.9998,0.0,0.0,1.0,12.336251256281406,85.2,1.0,10,0.0,0.0
heat_alpha_size,2,2000,0,5,2,0,60,3600,0,0,500,12.344,1.608,76.5825,89.0435,14.388,2,76.8085,88.9709,1.0,1.0,1.0,1.0,0.996,0.9996,0.0,0.0,1.0,12.35456783919598,85.3,1.0,10,0.0,0.0
heat_alpha_size,3,2000,0,5,2,0,60,3600,0,0,500,12.384,1.536,76.5535,88.9957,14.418,2,77.3175,88.80030000000001,1.0,1.0,1.0,1.0,1.0,0.9996,0.0,0.0,1.0,12.348,85.2,1.0,10,0.0,0.0
heat_alpha_size,1,2000,0,5,3,0,60,3600,0,0,500,13.806,1.564,62.06,74.283,16.842,3,62.1905,74.6791,1.0,1.0,1.0,1.0,1.0,0.9996,0.0,0.0,1.0,12.336,85.2,1.0,10,0.0,0.0
heat_alpha_size,2,2000,0,5,3,0,60,3600,0,0,500,13.862,1.608,61.6725,74.2138,16.872,3,62.035,74.25919999999999,1.0,1.0,1.0,1.0,0.996,0.9988,0.0,0.0,1.0,12.265,85.2,1.0,10,0.0,0.0
heat_alpha_size,3,2000,0,5,3,0,60,3600,0,0,500,13.864,1.592,62.5195,74.8447,16.844,3,62.2775,75.3986,1.0,1.0,1.0,1.0,1.0,1.0,0.0,0.0,1.0,12.343,85.2,1.0,10,0.0,0.0
heat_alpha_size,1,2000,0,5,4,0,60,3600,0,0,500,15.578,1.612,51.003,63.6326,19.578,4,51.5865,64.4041,1.0,1.0,1.0,1.0,1.0,0.9996,0.0,0.0,1.0,12.365,85.2,1.0,10,0.0,0.0
heat_alpha_size,2,2000,0,5,4,0,60,3600,0,0,500,15.342,1.576,50.8045,63.2569,19.504,4,51.0885,63.8237,1.0,1.0,1.0,1.0,0.996,0.9988,0.0,0.0,1.0,12.347,85.3,1.0,10,0.0,0.0
heat_alpha_size,3,2000,0,5,4,0,60,3600,0,0,500,15.376,1.538,50.442,62.7008,19.568,4,50.9355,63.2483,1.0,1.0,1.0,1.0,1.0,0.9988,0.0,0.0,1.0,12.29,85.2,1.0,10,0.0,0.0
heat_alpha_size,1,2000,0,5,5,0,60,3600,0,0,500,17.012,1.548,48.503,51.4799,22.24,5,48.821,54.72460000000002,1.0,1.0,1.0,1.0,1.0,0.9994,0.0,0.0,1.0,12.257,85.3,1.0,10,0.0,0.0
heat_alpha_size,2,2000,0,5,5,0,60,3600,0,0,500,16.876,1.552,49.3195,53.0246,22.12,5,49.8765,54.2866,1.0,1.0,1.0,1.0,0.996,0.9988,0.0,0.0,1.0,12.421,85.3,1.0,10,0.0,0.0
heat_alpha_size,3,2000,0,5,5,0,60,3600,0,0,500,17.054,1.574,48.979,52.84210000000001,22.18,5,49.0845,53.621199999999995,1.0,1.0,1.0,1.0,1.0,0.9996,0.0,0.0,1.0,12.351,85.2,1.0,10,0.0,0.0
heat_alpha_size,1,2000,0,5,6,0,60,3600,0,0,500,18.866,1.558,48.76,52.4283,24.998,6,48.781,52.5154,1.0,1.0,1.0,1.0,1.0,0.9996,0.0,0.0,1.0,12.395,85.2,1.0,10,0.0,0.0
heat_alpha_size,2,2000,0,5,6,0,60,3600,0,0,500,19.11,1.61,48.165,51.613200000000006,24.974,6,48.499,52.2134,1.0,1.0,1.0,1.0,0.996,0.9996,0.0,0.0,1.0,12.317,85.3,1.0,10,0.0,0.0
heat_alpha_size,3,2000,0,5,6,0,60,3600,0,0,500,19.212,1.612,48.6975,52.052,24.99,6,48.7245,52.170300000000005,1.0,1.0,1.0,1.0,1.0,1.0,0.0,0.0,1.0,12.368,85.2,1.0,10,0.0,0.0
heat_alpha_size,1,2000,0,5,8,0,60,3600,0,0,500,22.768,1.558,38.0885,50.6486,30.178,8,38.4995,50.4291,1.0,1.0,1.0,1.0,1.0,0.9996,0.0,0.0,1.0,12.292,85.3,1.0,10,0.0,0.0
heat_alpha_size,2,2000,0,5,8,0,60,3600,0,0,500,22.692,1.578,38.024,50.7506,31.06,8,38.652,50.7549,1.0,1.0,1.0,1.0,0.996,0.9988,0.0,0.0,1.0,12.28,85.3,1.0,10,0.0,0.0
heat_alpha_size,3,2000,0,5,8,0,60,3600,0,0,500,22.604,1.56,37.694,49.9736,30.45,8,37.921,49.9334,1.0,1.0,1.0,1.0,1.0,0.9992,0.0,0.0,1.0,12.243,85.2,1.0,10,0.0,0.0
heat_alpha_size,1,250,0,5,10,0,60,3600,0,0,500,19.31,0.882,26.11,38.32,28.944,10,26.421,38.8445,1.0,1.0,1.0,1.0,0.996,0.9956,0.0,0.0,1.0,12.51,55.0,1.0,10,0.0,0.0
heat_alpha_size,2,250,0,5,10,0,60,3600,0,0,500,19.342,0.904,26.158,39.3232,29.294,10,26.7305,39.4261,1.0,1.0,1.0,1.0,0.994,0.995,0.0,0.0,1.0,12.585,55.3,1.0,10,0.0,0.0
heat_alpha_size,3,250,0,5,10,0,60,3600,0,0,500,19.318,0.88,26.2485,39.1989,29.238,10,26.6815,39.4661,1.0,1.0,1.0,1.0,0.998,0.9964,0.0,0.0,1.0,12.598,55.5,1.0,10,0.0,0.0
heat_alpha_size,1,250,0,5,1,0,60,3600,0,0,500,10.406,0.956,125.152,136.7262,11.37,1,124.571,137.047,1.0,1.0,1.0,1.0,0.996,0.996,0.0,0.0,1.0,12.248,55.0,1.0,10,0.0,0.0
heat_alpha_size,2,250,0,5,1,0,60,3600,0,0,500,10.452,1.008,125.999,138.4758,11.408,1,125.803,138.1695,1.0,1.0,1.0,1.0,0.994,0.9946,0.0,0.0,1.0,12.292,55.2,1.0,10,0.0,0.0
heat_alpha_size,3,250,0,5,1,0,60,3600,0,0,500,10.342,0.93,125.264,137.46089999999998,11.384,1,125.7275,137.9631,1.0,1.0,1.0,1.0,0.998,0.9946,0.0,0.0,1.0,12.356,55.4,1.0,10,0.0,0.0
heat_alpha_size,1,250,0,5,2,0,60,3600,0,0,500,10.952,0.908,72.8715,75.91539999999999,12.898,2,72.5255,76.17110000000001,1.0,1.0,1.0,1.0,0.996,0.9964,0.0,0.0,1.0,12.279,55.0,1.0,10,0.0,0.0
heat_alpha_size,2,250,0,5,2,0,60,3600,0,0,500,10.946,0.908,73.138,78.23960000000001,13.058,2,73.8505,78.593,1.0,1.0,1.0,1.0,0.994,0.9962,0.0,0.0,1.0,12.381,55.2,1.0,10,0.0,0.0
heat_alpha_size,3,250,0,5,2,0,60,3600,0,0,500,11.016,0.986,73.085,77.0877,12.87,2,72.2135,76.60839999999999,1.0,1.0,1.0,1.0,0.998,0.9966,0.0,0.0,1.0,12.321,55.4,1.0,10,0.0,0.0
heat_alpha_size,1,250,0,5,3,0,60,3600,0,0,500,11.73,0.916,50.8985,63.3005,14.688,3,51.1385,63.046099999999996,1.0,1.0,1.0,1.0,0.996,0.9956,0.0,0.0,1.0,12.437,55.0,1.0,10,0.0,0.0
heat_alpha_size,2,250,0,5,3,0,60,3600,0,0,500,11.742,0.916,51.187,63.5343,14.758,3,51.468,64.2557,1.0,1.0,1.0,1.0,0.994,0.9966,0.0,0.0,1.0,12.422,55.3,1.0,10,0.0,0.0
heat_alpha_size,3,250,0,5,3,0,60,3600,0,0,500,11.744,0.936,50.9535,63.223099999999995,14.688,3,51.1495,63.3018,1.0,1.0,1.0,1.0,0.998,0.9964,0.0,0.0,1.0,12.324,55.4,1.0,10,0.0,0.0
heat_alpha_size,1,250,0,5,4,0,60,3600,0,0,500,12.686,0.908,48.841,52.354699999999994,16.624,4,49.046,52.6299,1.0,1.0,1.0,1.0,0.996,0.9962,0.0,0.0,1.0,12.46,55.0,1.0,10,0.0,0.0
heat_alpha_size,2,250,0,5,4,0,60,3600,0,0,500,12.644,0.938,48.7865,51.7526,16.728,4,49.1295,52.353699999999996,1.0,1.0,1.0,1.0,0.994,0.996,0.0,0.0,1.0,12.385,55.3,1.0,10,0.0,0.0
heat_alpha_size,3,250,0,5,4,0,60,3600,0,0,500,12.594,0.9,48.3925,51.5824,16.58,4,48.3495,52.0214,1.0,1.0,1.0,1.0,0.998,0.9956,0.0,0.0,1.0,12.415,55.5,1.0,10,0.0,0.0
heat_alpha_size,1,250,0,5,5,0,60,3600,0,0,500,13.464,0.86,37.6815,49.581900000000005,18.5,5,38.013,49.7939,1.0,1.0,1.0,1.0,0.996,0.996,0.0,0.0,1.0,12.402,55.0,1.0,10,0.0,0.0
heat_alpha_size,2,250,0,5,5,0,60,3600,0,0,500,13.674,0.97,37.7055,50.00620000000001,18.724,5,37.8805,50.069300000000005,1.0,1.0,1.0,1.0,0.994,0.9962,0.0,0.0,1.0,12.407,55.3,1.0,10,0.0,0.0
heat_alpha_size,3,250,0,5,5,0,60,3600,0,0,500,13.452,0.892,37.4345,48.774,18.498,5,37.81,49.8831,1.0,1.0,1.0,1.0,0.998,0.9944,0.0,0.0,1.0,12.398,55.4,1.0,10,0.0,0.0
heat_alpha_size,1,250,0,5,6,0,60,3600,0,0,500,14.512,0.866,37.1645,39.8636,20.578,6,37.4225,40.2273,1.0,1.0,1.0,1.0,0.996,0.997,0.0,0.0,1.0,12.344542713567838,55.1,1.0,10,0.0,0.0
heat_alpha_size,2,250,0,5,6,0,60,3600,0,0,500,14.52,0.868,37.1625,39.5373,20.674,6,37.696,41.1344,1.0,1.0,1.0,1.0,0.994,0.9948,0.0,0.0,1.0,12.37167336683417,55.3,1.0,10,0.0,0.0
heat_alpha_size,3,250,0,5,6,0,60,3600,0,0,500,14.728,0.942,37.6315,48.6554,20.662,6,37.9045,48.9094,1.0,1.0,1.0,1.0,0.998,0.9946,0.0,0.0,1.0,12.485,55.4,1.0,10,0.0,0.0
heat_alpha_size,1,250,0,5,8,0,60,3600,0,0,500,17.04,0.906,37.017,39.7761,24.678,8,36.9465,39.9745,1.0,1.0,1.0,1.0,0.996,0.9966,0.0,0.0,1.0,12.568,55.0,1.0,10,0.0,0.0
heat_alpha_size,2,250,0,5,8,0,60,3600,0,0,500,16.72,0.884,36.042,39.530199999999994,25.05,8,37.0875,40.295,1.0,1.0,1.0,1.0,0.994,0.9956,0.0,0.0,1.0,12.546,55.3,1.0,10,0.0,0.0
heat_alpha_size,3,250,0,5,8,0,60,3600,0,0,500,16.458,0.866,36.369,39.190400000000004,24.918,8,37.008,39.952400000000004,1.0,1.0,1.0,1.0,0.998,0.9958,0.0,0.0,1.0,12.536,55.5,1.0,10,0.0,0.0
heat_alpha_size,1,4000,0,5,10,0,60,3600,0,0,500,28.812,1.778,38.856,51.610200000000006,38.404,10,39.291,52.0535,1.0,1.0,1.0,1.0,1.0,0.9998,0.0,0.0,1.0,12.499,95.3,1.0,10,0.0,0.0
heat_alpha_size,2,4000,0,5,10,0,60,3600,0,0,500,28.804,1.762,38.933,51.888400000000004,38.752,10,39.3365,52.5814,1.0,1.0,1.0,1.0,0.998,0.9994,0.0,0.0,1.0,12.506,95.3,1.0,10,0.0,0.0
heat_alpha_size,3,4000,0,5,10,0,60,3600,0,0,500,29.416,1.822,39.026,52.127900000000004,38.726,10,39.3815,52.072700000000005,1.0,1.0,1.0,1.0,1.0,1.0,0.0,0.0,1.0,12.463,95.2,1.0,10,0.0,0.0
heat_alpha_size,1,4000,0,5,1,0,60,3600,0,0,500,11.344,1.94,142.1785,155.6516,12.322,1,141.6675,154.6302,1.0,1.0,1.0,1.0,1.0,0.9996,0.0,0.0,1.0,12.5,95.2,1.0,10,0.0,0.0
heat_alpha_size,2,4000,0,5,1,0,60,3600,0,0,500,11.366,1.968,141.5365,155.3329,12.42,1,142.652,156.0428,1.0,1.0,1.0,1.0,0.998,0.9994,0.0,0.0,1.0,12.482,95.2,1.0,10,0.0,0.0
heat_alpha_size,3,4000,0,5,1,0,60,3600,0,0,500,11.304,1.886,141.5835,154.61480000000003,12.32,1,141.0145,155.07,1.0,1.0,1.0,1.0,1.0,0.9998,0.0,0.0,1.0,12.498,95.1,1.0,10,0.0,0.0
heat_alpha_size,1,4000,0,5,2,0,60,3600,0,0,500,12.886,1.878,86.581,92.7572,15.046,2,87.7465,93.4632,1.0,1.0,1.0,1.0,1.0,1.0,0.0,0.0,1.0,12.554,95.2,1.0,10,0.0,0.0
heat_alpha_size,2,4000,0,5,2,0,60,3600,0,0,500,12.862,1.86,85.4465,91.3456,14.9,2,85.929,92.18289999999999,1.0,1.0,1.0,1.0,0.998,0.9998,0.0,0.0,1.0,12.473,95.2,1.0,10,0.0,0.0
heat_alpha_size,3,4000,0,5,2,0,60,3600,0,0,500,12.84,1.86,85.874,91.00389999999999,14.82,2,86.409,92.3181,1.0,1.0,1.0,1.0,1.0,0.9998,0.0,0.0,1.0,12.489,95.1,1.0,10,0.0,0.0
heat_alpha_size,1,4000,0,5,3,0,60,3600,0,0,500,14.42,1.772,63.791,76.9213,17.6,3,64.629,77.6764,1.0,1.0,1.0,1.0,1.0,0.9998,0.0,0.0,1.0,12.499,95.2,1.0,10,0.0,0.0
heat_alpha_size,2,4000,0,5,3,0,60,3600,0,0,500,14.436,1.778,64.2065,76.8767,17.746,3,65.0685,77.94640000000001,1.0,1.0,1.0,1.0,0.998,0.9992,0.0,0.0,1.0,12.522,95.2,1.0,10,0.0,0.0
heat_alpha_size,3,4000,0,5,3,0,60,3600,0,0,500,14.486,1.8,63.8045,76.5421,17.46,3,64.3915,77.2517,1.0,1.0,1.0,1.0,1.0,0.9994,0.0,0.0,1.0,12.473,95.1,1.0,10,0.0,0.0
heat_alpha_size,1,4000,0,5,4,0,60,3600,0,0,500,16.316,1.778,60.958,65.2621,20.332,4,60.7035,65.895,1.0,1.0,1.0,1.0,1.0,1.0,0.0,0.0,1.0,12.566,95.2,1.0,10,0.0,0.0
heat_alpha_size,2,4000,0,5,4,0,60,3600,0,0,500,16.564,1.85,61.3335,65.6519,20.468,4,61.054,65.7362,1.0,1.0,1.0,1.0,0.998,0.9996,0.0,0.0,1.0,12.519994974874372,95.3,1.0,10,0.0,0.0
heat_alpha_size,3,4000,0,5,4,0,60,3600,0,0,500,16.358,1.806,60.163,65.67530000000001,20.368,4,61.1715,66.39160000000001,1.0,1.0,1.0,1.0,1.0,1.0,0.0,0.0,1.0,12.531,95.2,1.0,10,0.0,0.0
heat_alpha_size,1,4000,0,5,5,0,60,3600,0,0,500,18.35,1.794,50.322,62.852199999999996,23.374,5,50.9975,63.5683,1.0,1.0,1.0,1.0,1.0,1.0,0.0,0.0,1.0,12.494,95.3,1.0,10,0.0,0.0
heat_alpha_size,2,4000,0,5,5,0,60,3600,0,0,500,18.2,1.778,50.473,63.168699999999994,23.332,5,51.175,63.673,1.0,1.0,1.0,1.0,0.998,0.9996,0.0,0.0,1.0,12.533,95.2,1.0,10,0.0,0.0
heat_alpha_size,3,4000,0,5,5,0,60,3600,0,0,500,18.302,1.798,50.4065,62.916700000000006,23.266,5,50.9855,63.5015,1.0,1.0,1.0,1.0,1.0,0.9996,0.0,0.0,1.0,12.46,95.2,1.0,10,0.0,0.0
heat_alpha_size,1,4000,0,5,6,0,60,3600,0,0,500,20.474,1.818,49.8935,61.3826,26.136,6,50.2435,61.1208,1.0,1.0,1.0,1.0,1.0,0.9996,0.0,0.0,1.0,12.458,95.2,1.0,10,0.0,0.0
heat_alpha_size,2,4000,0,5,6,0,60,3600,0,0,500,20.498,1.8,50.0405,61.2721,26.414,6,50.3685,56.44860000000002,1.0,1.0,1.0,1.0,0.998,0.9998,0.0,0.0,1.0,12.461,95.3,1.0,10,0.0,0.0
heat_alpha_size,3,4000,0,5,6,0,60,3600,0,0,500,20.142,1.762,50.1605,61.5421,26.26,6,50.6485,61.582,1.0,1.0,1.0,1.0,1.0,0.9998,0.0,0.0,1.0,12.506,95.2,1.0,10,0.0,0.0
heat_alpha_size,1,4000,0,5,8,0,60,3600,0,0,500,24.332,1.77,48.3725,52.149699999999996,32.844,8,49.6765,53.5328,1.0,1.0,1.0,1.0,1.0,1.0,0.0,0.0,1.0,12.521,95.3,1.0,10,0.0,0.0
heat_alpha_size,2,4000,0,5,8,0,60,3600,0,0,500,24.394,1.78,48.465,51.75920000000001,32.412,8,48.423,52.83,1.0,1.0,1.0,1.0,0.998,0.9996,0.0,0.0,1.0,12.424,95.3,1.0,10,0.0,0.0
heat_alpha_size,3,4000,0,5,8,0,60,3600,0,0,500,24.528,1.778,48.174,52.7853,32.12,8,46.2945,53.0388,1.0,1.0,1.0,1.0,1.0,0.9998,0.0,0.0,1.0,12.539,95.2,1.0,10,0.0,0.0
heat_alpha_size,1,500,0,5,10,0,60,3600,0,0,500,21.518,1.092,36.0535,39.628099999999996,31.616,10,36.3915,40.4814,1.0,1.0,1.0,1.0,0.996,0.9972,0.0,0.0,1.0,12.616,65.3,1.0,10,0.0,0.0
heat_alpha_size,2,500,0,5,10,0,60,3600,0,0,500,21.248,1.06,27.3625,39.4305,31.286,10,28.4665,39.7894,1.0,1.0,1.0,1.0,0.994,0.9976,0.0,0.0,1.0,12.484432160804019,65.4,1.0,10,0.0,0.0
heat_alpha_size,3,500,0,5,10,0,60,3600,0,0,500,21.986,1.134,36.2585,39.432300000000005,31.546,10,35.9615,40.2479,1.0,1.0,1.0,1.0,1.0,0.9992,0.0,0.0,1.0,12.543,65.3,1.0,10,0.0,0.0
heat_alpha_size,1,500,0,5,1,0,60,3600,0,0,500,10.624,1.184,133.3185,140.1789,11.68,1,134.3255,140.14520000000002,1.0,1.0,1.0,1.0,0.996,0.9974,0.0,0.0,1.0,12.320261306532663,65.3,1.0,10,0.0,0.0
heat_alpha_size,2,500,0,5,1,0,60,3600,0,0,500,10.638,1.22,134.13,139.3126,11.628,1,134.257,140.0524,1.0,1.0,1.0,1.0,0.994,0.9978,0.0,0.0,1.0,12.342,65.3,1.0,10,0.0,0.0
heat_alpha_size,3,500,0,5,1,0,60,3600,0,0,500,10.602,1.184,133.668,139.68370000000002,11.578,1,133.9645,139.84779999999998,1.0,1.0,1.0,1.0,1.0,0.9974,0.0,0.0,1.0,12.33410552763819,65.3,1.0,10,0.0,0.0
heat_alpha_size,1,500,0,5,2,0,60,3600,0,0,500,11.392,1.108,74.0755,84.7743,13.53,2,74.4695,85.6408,1.0,1.0,1.0,1.0,0.996,0.9982,0.0,0.0,1.0,12.298,65.3,1.0,10,0.0,0.0
heat_alpha_size,2,500,0,5,2,0,60,3600,0,0,500,11.398,1.124,73.671,84.9675,13.392,2,74.078,85.2698,1.0,1.0,1.0,1.0,0.994,0.9984,0.0,0.0,1.0,12.336,65.3,1.0,10,0.0,0.0
heat_alpha_size,3,500,0,5,2,0,60,3600,0,0,500,11.422,1.174,73.907,84.81689999999999,13.432,2,73.9455,85.338,1.0,1.0,1.0,1.0,1.0,0.9982,0.0,0.0,1.0,12.293,65.3,1.0,10,0.0,0.0
heat_alpha_size,1,500,0,5,3,0,60,3600,0,0,500,12.414,1.142,59.7825,64.163,15.464,3,60.3505,64.49130000000001,1.0,1.0,1.0,1.0,0.996,0.9968,0.0,0.0,1.0,12.328,65.3,1.0,10,0.0,0.0
heat_alpha_size,2,500,0,5,3,0,60,3600,0,0,500,12.408,1.168,60.64,64.1855,15.406,3,60.508,64.7672,1.0,1.0,1.0,1.0,0.994,0.9986,0.0,0.0,1.0,12.443170854271356,65.4,1.0,10,0.0,0.0
heat_alpha_size,3,500,0,5,3,0,60,3600,0,0,500,12.492,1.162,60.376,64.40259999999999,15.354,3,58.8605,64.2062,1.0,1.0,1.0,1.0,1.0,0.9988,0.0,0.0,1.0,12.375211055276381,65.3,1.0,10,0.0,0.0
heat_alpha_size,1,500,0,5,4,0,60,3600,0,0,500,13.396,1.096,49.7105,52.8498,17.66,4,50.1265,57.86870000000004,1.0,1.0,1.0,1.0,0.996,0.9968,0.0,0.0,1.0,12.444,65.3,1.0,10,0.0,0.0
heat_alpha_size,2,500,0,5,4,0,60,3600,0,0,500,13.784,1.214,49.8615,61.11690000000001,17.636,4,50.1095,60.4949,1.0,1.0,1.0,1.0,0.994,0.9988,0.0,0.0,1.0,12.482,65.3,1.0,10,0.0,0.0
heat_alpha_size,3,500,0,5,4,0,60,3600,0,0,500,13.434,1.098,49.704,56.79030000000001,17.55,4,50.097,61.110800000000005,1.0,1.0,1.0,1.0,1.0,0.9974,0.0,0.0,1.0,12.461,65.3,1.0,10,0.0,0.0
heat_alpha_size,1,500,0,5,5,0,60,3600,0,0,500,14.568,1.092,38.1675,50.5689,19.66,5,38.415,50.679,1.0,1.0,1.0,1.0,0.996,0.9976,0.0,0.0,1.0,12.351,65.3,1.0,10,0.0,0.0
heat_alpha_size,2,500,0,5,5,0,60,3600,0,0,500,14.756,1.136,38.723,51.2828,19.702,5,38.9725,51.546800000000005,1.0,1.0,1.0,1.0,0.994,0.9976,0.0,0.0,1.0,12.504,65.4,1.0,10,0.0,0.0
heat_alpha_size,3,500,0,5,5,0,60,3600,0,0,500,14.72,1.114,38.4235,50.897,19.636,5,38.654,51.527699999999996,1.0,1.0,1.0,1.0,1.0,0.999,0.0,0.0,1.0,12.423,65.3,1.0,10,0.0,0.0
heat_alpha_size,1,500,0,5,6,0,60,3600,0,0,500,15.872,1.068,37.962,49.9953,22.06,6,38.3825,50.4715,1.0,1.0,1.0,1.0,0.996,0.9976,0.0,0.0,1.0,12.426,65.3,1.0,10,0.0,0.0
heat_alpha_size,2,500,0,5,6,0,60,3600,0,0,500,15.774,1.098,38.2925,50.526900000000005,21.95,6,38.804,50.801,1.0,1.0,1.0,1.0,0.994,0.9974,0.0,0.0,1.0,12.513,65.4,1.0,10,0.0,0.0
heat_alpha_size,3,500,0,5,6,0,60,3600,0,0,500,16.152,1.166,38.201,50.4147,21.888,6,38.255,50.4658,1.0,1.0,1.0,1.0,1.0,0.9978,0.0,0.0,1.0,12.460748743718591,65.3,1.0,10,0.0,0.0
heat_alpha_size,1,500,0,5,8,0,60,3600,0,0,500,18.632,1.104,37.467,41.7955,26.58,8,37.7115,41.1655,1.0,1.0,1.0,1.0,0.996,0.9976,0.0,0.0,1.0,12.496246231155778,65.3,1.0,10,0.0,0.0
heat_alpha_size,2,500,0,5,8,0,60,3600,0,0,500,18.776,1.122,37.2765,41.7807,26.53,8,37.7275,41.1954,1.0,1.0,1.0,1.0,0.994,0.9974,0.0,0.0,1.0,12.491,65.4,1.0,10,0.0,0.0
heat_alpha_size,3,500,0,5,8,0,60,3600,0,0,500,18.568,1.102,37.588,42.367700000000006,26.68,8,37.9645,44.3453,1.0,1.0,1.0,1.0,1.0,0.9976,0.0,0.0,1.0,12.53,65.3,1.0,10,0.0,0.0
heat_alpha_size,1,8000,0,5,10,0,60,3600,0,0,500,30.702,1.968,40.7495,53.0604,41.222,10,45.3595,54.0451,1.0,1.0,1.0,1.0,1.0,0.9998,0.0,0.0,1.0,12.56,105.2,1.0,10,0.0,0.0
heat_alpha_size,2,8000,0,5,10,0,60,3600,0,0,500,31.072,2.02,41.458,52.917,41.258,10,48.7005,53.9245,1.0,1.0,1.0,1.0,0.998,0.9998,0.0,0.0,1.0,12.539,105.2,1.0,10,0.0,0.0
heat_alpha_size,3,8000,0,5,10,0,60,3600,0,0,500,31.038,1.984,41.5635,52.4024,41.124,10,43.3315,53.3218,1.0,1.0,1.0,1.0,1.0,1.0,0.0,0.0,1.0,12.547,105.2,1.0,10,0.0,0.0
heat_alpha_size,1,8000,0,5,1,0,60,3600,0,0,500,11.584,2.2,151.976,166.669,12.538,1,151.8605,166.9759,1.0,1.0,1.0,1.0,1.0,0.9998,0.0,0.0,1.0,12.93,105.2,1.0,10,0.0,0.0
heat_alpha_size,2,8000,0,5,1,0,60,3600,0,0,500,11.566,2.198,151.436,165.8149,12.6,1,152.48,165.78670000000002,1.0,1.0,1.0,1.0,0.998,0.9998,0.0,0.0,1.0,12.99,105.2,1.0,10,0.0,0.0
heat_alpha_size,3,8000,0,5,1,0,60,3600,0,0,500,11.594,2.176,150.023,164.0666,12.58,1,150.079,162.02230000000003,1.0,1.0,1.0,1.0,1.0,1.0,0.0,0.0,1.0,12.645,105.2,1.0,10,0.0,0.0
heat_alpha_size,1,8000,0,5,2,0,60,3600,0,0,500,13.272,2.04,90.0425,102.2159,15.328,2,91.2935,105.25619999999999,1.0,1.0,1.0,1.0,1.0,1.0,0.0,0.0,1.0,12.844,105.2,1.0,10,0.0,0.0
heat_alpha_size,2,8000,0,5,2,0,60,3600,0,0,500,13.4,2.112,90.6395,103.4163,15.418,2,90.808,102.35760000000002,1.0,1.0,1.0,1.0,0.998,0.9996,0.0,0.0,1.0,12.858,105.2,1.0,10,0.0,0.0
heat_alpha_size,3,8000,0,5,2,0,60,3600,0,0,500,13.262,2.05,89.993,104.28,15.444,2,91.557,103.6793,1.0,1.0,1.0,1.0,1.0,1.0,0.0,0.0,1.0,12.86,105.2,1.0,10,0.0,0.0
heat_alpha_size,1,8000,0,5,3,0,60,3600,0,0,500,15.348,2.068,70.6605,81.5782,18.212,3,70.5095,82.0995,1.0,1.0,1.0,1.0,1.0,1.0,0.0,0.0,1.0,12.813,105.2,1.0,10,0.0,0.0
heat_alpha_size,2,8000,0,5,3,0,60,3600,0,0,500,15.498,2.134,73.9775,81.3523,18.262,3,73.0525,81.6888,1.0,1.0,1.0,1.0,0.998,0.9996,0.0,0.0,1.0,12.698,105.2,1.0,10,0.0,0.0
heat_alpha_size,3,8000,0,5,3,0,60,3600,0,0,500,15.154,1.996,67.9995,80.7033,18.38,3,73.285,82.60390000000001,1.0,1.0,1.0,1.0,1.0,0.9998,0.0,0.0,1.0,12.683,105.2,1.0,10,0.0,0.0
heat_alpha_size,1,8000,0,5,4,0,60,3600,0,0,500,17.43,2.058,63.451,75.9304,21.23,4,63.7895,74.056,1.0,1.0,1.0,1.0,1.0,1.0,0.0,0.0,1.0,12.711,105.2,1.0,10,0.0,0.0
heat_alpha_size,2,8000,0,5,4,0,60,3600,0,0,500,17.404,2.048,63.08,74.30839999999999,21.276,4,63.4165,74.4965,1.0,1.0,1.0,1.0,0.998,0.9998,0.0,0.0,1.0,12.637,105.2,1.0,10,0.0,0.0
heat_alpha_size,3,8000,0,5,4,0,60,3600,0,0,500,17.376,2.078,63.4405,73.3623,21.42,4,63.749,76.57500000000002,1.0,1.0,1.0,1.0,1.0,1.0,0.0,0.0,1.0,12.733211055276382,105.2,1.0,10,0.0,0.0
heat_alpha_size,1,8000,0,5,5,0,60,3600,0,0,500,19.288,2.004,51.987,65.0602,24.666,5,53.4405,65.9802,1.0,1.0,1.0,1.0,1.0,1.0,0.0,0.0,1.0,12.615,105.2,1.0,10,0.0,0.0
heat_alpha_size,2,8000,0,5,5,0,60,3600,0,0,500,19.762,2.074,52.3255,65.7962,24.784,5,52.8565,66.57910000000001,1.0,1.0,1.0,1.0,0.998,0.9998,0.0,0.0,1.0,12.592678391959799,105.2,1.0,10,0.0,0.0
heat_alpha_size,3,8000,0,5,5,0,60,3600,0,0,500,19.382,1.98,52.057,65.6075,24.588,5,52.7675,66.4584,1.0,1.0,1.0,1.0,1.0,1.0,0.0,0.0,1.0,12.651,105.2,1.0,10,0.0,0.0
heat_alpha_size,1,8000,0,5,6,0,60,3600,0,0,500,21.364,1.96,50.8475,63.2602,27.776,6,51.687,64.2714,1.0,1.0,1.0,1.0,1.0,0.9996,0.0,0.0,1.0,12.542,105.2,1.0,10,0.0,0.0
heat_alpha_size,2,8000,0,5,6,0,60,3600,0,0,500,21.896,2.032,51.354,64.195,27.846,6,51.7265,65.2734,1.0,1.0,1.0,1.0,0.998,0.9996,0.0,0.0,1.0,12.567,105.2,1.0,10,0.0,0.0
heat_alpha_size,3,8000,0,5,6,0,60,3600,0,0,500,21.388,1.974,51.002,64.37440000000001,27.918,6,52.043,65.0219,1.0,1.0,1.0,1.0,1.0,1.0,0.0,0.0,1.0,12.621,105.2,1.0,10,0.0,0.0
heat_alpha_size,1,8000,0,5,8,0,60,3600,0,0,500,25.922,1.97,49.6215,54.88340000000001,34.02,8,50.2175,61.00750000000001,1.0,1.0,1.0,1.0,1.0,0.9998,0.0,0.0,1.0,12.54,105.2,1.0,10,0.0,0.0
heat_alpha_size,2,8000,0,5,8,0,60,3600,0,0,500,26.23,2.006,49.961,57.320800000000084,34.514,8,50.531,60.932700000000004,1.0,1.0,1.0,1.0,0.998,0.9998,0.0,0.0,1.0,12.568,105.2,1.0,10,0.0,0.0
heat_alpha_size,3,8000,0,5,8,0,60,3600,0,0,500,26.118,1.976,49.8095,61.39110000000001,34.23,8,50.207,61.5235,1.0,1.0,1.0,1.0,1.0,0.9998,0.0,0.0,1.0,12.548,105.2,1.0,10,0.0,0.0
heat_churn_liveness,1,2000,0,5,3,0,10,60,0,300,750,13.888,1.5906666666666667,63.8805,76.287,17.076,3,64.1435,76.7392,1.0,1.0,1.0,1.0,0.9973333333333333,0.9989333333333333,0.0,0.0,1.0,12.658,85.2,1.0,10,0.0,32.72
heat_churn_liveness,2,2000,0,5,3,0,10,60,0,300,750,13.904,1.6013333333333333,63.761,76.304,16.877333333333333,3,63.7835,76.258,1.0,1.0,1.0,1.0,0.9973333333333333,0.9989333333333333,0.0,0.0,1.0,12.631,85.3,1.0,10,0.0,32.583333333333336
heat_churn_liveness,3,2000,0,5,3,0,10,60,0,300,750,13.849333333333334,1.5853333333333333,63.63,76.1575,16.874666666666666,3,63.8125,76.2882,1.0,1.0,1.0,1.0,1.0,0.9997333333333334,0.0,0.0,1.0,12.631,85.2,1.0,10,0.0,32.64666666666667
heat_churn_liveness,1,2000,0,5,3,0,20,60,0,300,750,13.850666666666667,1.58,62.705,75.0583,17.038666666666668,3,62.983,75.5962,1.0,1.0,1.0,1.0,0.9973333333333333,0.9990666666666667,0.0,0.0,1.0,12.473,85.2,1.0,10,0.0,32.44
heat_churn_liveness,2,2000,0,5,3,0,20,60,0,300,750,13.830666666666668,1.5853333333333333,62.6235,74.82610000000001,16.817333333333334,3,62.8495,75.08340000000001,1.0,1.0,1.0,1.0,0.9973333333333333,0.9994666666666666,0.0,0.0,1.0,12.487,85.3,1.0,10,0.0,32.33
heat_churn_liveness,3,2000,0,5,3,0,20,60,0,300,750,14.016,1.62,62.8145,75.08619999999999,16.816,3,62.7105,75.2565,1.0,1.0,1.0,1.0,1.0,0.9993333333333333,0.0,0.0,1.0,12.441,85.2,1.0,10,0.0,32.81666666666667
heat_churn_liveness,1,2000,0,5,3,0,40,60,0,300,750,13.844,1.5853333333333333,62.636,74.7208,17.024,3,63.314,75.56,1.0,1.0,1.0,1.0,0.9973333333333333,0.9996,0.0,0.0,1.0,12.408,85.2,1.0,10,0.0,32.24666666666667
heat_churn_liveness,2,2000,0,5,3,0,40,60,0,300,750,13.806666666666667,1.5826666666666667,62.8145,74.6208,16.721333333333334,3,62.6555,74.5294,1.0,1.0,1.0,1.0,0.9973333333333333,0.9993333333333333,0.0,0.0,1.0,12.357,85.3,1.0,10,0.0,32.54333333333334
heat_churn_liveness,3,2000,0,5,3,0,40,60,0,300,750,13.896,1.6093333333333333,62.5685,75.5602,16.916,3,62.643,74.72810000000001,1.0,1.0,1.0,1.0,1.0,0.9992,0.0,0.0,1.0,12.367,85.2,1.0,10,0.0,32.71
heat_churn_liveness,1,2000,0,5,3,0,5,60,0,300,750,13.845333333333333,1.5813333333333333,65.247,77.542,16.969333333333335,3,65.4585,78.672,1.0,1.0,1.0,1.0,0.9973333333333333,0.9988,0.0,0.0,1.0,12.97,85.2,1.0,10,0.0,32.44
heat_churn_liveness,2,2000,0,5,3,0,5,60,0,300,750,13.813333333333333,1.5786666666666667,65.356,77.846,16.88,3,65.366,78.3997,1.0,1.0,1.0,1.0,0.9973333333333333,0.9989333333333333,0.0,0.0,1.0,12.972,85.3,1.0,10,0.0,32.50666666666667
heat_churn_liveness,3,2000,0,5,3,0,5,60,0,300,750,13.829333333333333,1.5626666666666666,65.7035,78.60730000000001,16.832,3,65.841,78.6147,1.0,1.0,1.0,1.0,1.0,0.9996,0.0,0.0,1.0,13.009,85.2,1.0,10,0.0,32.36666666666667
heat_churn_liveness,1,2000,0,5,3,0,80,60,0,300,750,13.974666666666666,1.6093333333333333,62.1575,74.53280000000001,16.965333333333334,3,62.2025,74.0951,1.0,1.0,1.0,1.0,0.9973333333333333,0.9992,0.0,0.0,1.0,12.282,85.2,1.0,10,0.0,32.406666666666666
heat_churn_liveness,2,2000,0,5,3,0,80,60,0,300,750,13.792,1.576,62.0325,74.15240000000001,16.889333333333333,3,62.194,74.50160000000001,1.0,1.0,1.0,1.0,0.9973333333333333,0.9989333333333333,0.0,0.0,1.0,12.319,85.2,1.0,10,0.0,32.526666666666664
heat_churn_liveness,3,2000,0,5,3,0,80,60,0,300,750,13.804,1.6066666666666667,61.9465,74.35210000000001,16.78933333333333,3,61.856,73.84819999999999,1.0,1.0,1.0,1.0,1.0,0.9996,0.0,0.0,1.0,12.268,85.2,1.0,10,0.0,32.403333333333336
heat_churn_liveness,1,2000,0,5,3,10,10,60,0,300,750,13.756,1.564,1033.422,1081.1186,17.072,3.412,1042.562,1082.132,1.0,1.0,1.0,1.0,1.0,0.864,0.10047660733391693,0.10047660733391693,1.4019064293356678,12.623,85.2,1.0,10,1.504,150.34333333333333
heat_churn_liveness,2,2000,0,5,3,10,10,60,0,300,750,13.677333333333333,1.5293333333333334,1031.133,1081.5656999999999,17.194666666666667,3.424,1041.307,1096.9639,1.0,1.0,1.0,1.0,1.0,0.8686666666666667,0.10055377440979306,0.10055377440979306,1.4022150976391723,12.609,85.3,1.0,10,1.503,150.4
heat_churn_liveness,3,2000,0,5,3,10,10,60,0,300,750,13.646666666666667,1.516,1041.981,1083.8752,17.084,3.4133333333333336,1042.178,1081.5039,1.0,1.0,1.0,1.0,0.9986666666666667,0.8524,0.10020499804763765,0.10020499804763765,1.4008199921905506,12.668316582914573,85.2,1.0,10,1.504,150.81666666666666
heat_churn_liveness,1,2000,0,5,3,10,20,60,0,300,750,13.793333333333333,1.5786666666666667,1055.4005,2036.6749,17.608,3.724,1055.734,2039.4719,1.0,1.0,1.0,1.0,1.0,0.7834666666666666,0.15931207245399365,0.15931207245399365,1.6372482898159746,12.509844221105526,85.2,1.0,10,1.507,148.82666666666665
heat_churn_liveness,2,2000,0,5,3,10,20,60,0,300,750,13.890666666666666,1.6426666666666667,1055.1645,2034.8756,17.562666666666665,3.6613333333333333,1055.742,2038.1542,1.0,1.0,1.0,1.0,0.9986666666666667,0.7962666666666667,0.15764728459028976,0.15764728459028976,1.630589138361159,12.525613065326631,85.3,1.0,10,1.505,148.07333333333332
heat_churn_liveness,3,2000,0,5,3,10,20,60,0,300,750,13.773333333333333,1.6093333333333333,1055.914,2037.5576999999998,17.592,3.796,1056.124,2047.3458999999998,1.0,1.0,1.0,1.0,1.0,0.7897333333333333,0.17043091357547033,0.17043091357547033,1.6817236543018814,12.481,85.2,1.0,10,1.509,148.85333333333332
heat_churn_liveness,1,2000,0,5,3,10,40,60,0,300,750,13.950666666666667,1.66,1080.068,2071.8628,18.161333333333335,4.1306666666666665,1104.1735,2095.9728,0.9946666666666667,0.9946666666666667,1.0,0.9946666666666667,1.0,0.7029333333333333,0.24473458496140285,0.24473458496140285,1.9789383398456113,12.41,85.2,1.0,10,1.514,146.78666666666666
heat_churn_liveness,2,2000,0,5,3,10,40,60,0,300,750,14.058666666666667,1.6773333333333333,1082.6215,2071.8106000000002,18.112,4.089333333333333,1090.727,2071.8206999999998,1.0,1.0,1.0,1.0,1.0,0.7025333333333333,0.2353164617064717,0.2353164617064717,1.9412658468258868,12.392,85.3,1.0,10,1.509,146.09333333333333
heat_churn_liveness,3,2000,0,5,3,10,40,60,0,300,750,13.953333333333333,1.6773333333333333,1069.8145,2066.5080000000003,18.190666666666665,4.16,1080.6995,2074.8181,0.9986666666666667,0.9986666666666667,1.0,0.9986666666666667,0.9986666666666667,0.7125333333333334,0.2348961311225462,0.2348961311225462,1.9395845244901848,12.413,85.2,1.0,10,1.507,146.81
heat_churn_liveness,1,2000,0,5,3,10,5,60,0,300,750,13.637333333333334,1.4973333333333334,1017.546,1067.7746000000002,16.958666666666666,3.2693333333333334,1012.6625,1068.9226,1.0,1.0,1.0,1.0,0.9986666666666667,0.9024,0.06694315686752866,0.06694315686752866,1.2677726274701147,12.815,85.2,1.0,10,1.504,152.3
heat_churn_liveness,2,2000,0,5,3,10,5,60,0,300,750,13.708,1.5186666666666666,1017.0295,1058.7492,16.958666666666666,3.2786666666666666,1017.853,1068.2206,1.0,1.0,1.0,1.0,0.9973333333333333,0.8997333333333334,0.06455381919088651,0.06455381919088651,1.2582152767635462,12.839276381909547,85.3,1.0,10,1.519,153.50333333333333
heat_churn_liveness,3,2000,0,5,3,10,5,60,0,300,750,13.598666666666666,1.4986666666666666,1006.0025,1059.4871,16.973333333333333,3.2333333333333334,1007.1195,1059.8799,1.0,1.0,1.0,1.0,1.0,0.9070666666666667,0.061939133827545845,0.061939133827545845,1.2477565353101834,12.840824120603015,85.2,1.0,10,1.503,152.25333333333333
heat_churn_liveness,1,2000,0,5,3,10,80,60,0,300,750,14.221333333333334,1.7986666666666666,2024.3645,3031.6039,18.813333333333333,4.402666666666667,2023.5795,3043.553,0.9933333333333333,0.9933333333333333,1.0,0.9933333333333333,0.9933333333333333,0.6477333333333334,0.29533389214864486,0.29533389214864486,2.1813355685945797,12.312517587939697,85.2,1.0,10,1.513,145.80666666666667
heat_churn_liveness,2,2000,0,5,3,10,80,60,0,300,750,14.308,1.792,2023.0925,3040.3939,18.674666666666667,4.270666666666667,2025.5355,3040.9193,0.9986666666666667,0.9986666666666667,1.0,0.9986666666666667,0.996,0.6625333333333333,0.28963499582056285,0.28963499582056285,2.1585399832822514,12.246,85.2,1.0,10,1.508,145.07333333333332
heat_churn_liveness,3,2000,0,5,3,10,80,60,0,300,750,14.266666666666667,1.7733333333333334,2024.0215,3043.0914,18.924,4.444,2035.558,3042.0579,0.996,0.996,1.0,0.996,0.996,0.6550666666666667,0.3017161410018553,0.3017161410018553,2.206864564007421,12.251,85.2,1.0,10,1.514,145.87666666666667
heat_churn_liveness,1,2000,0,5,3,1,10,60,0,300,750,13.798666666666668,1.572,65.409,83.05060000000002,16.9,3.030666666666667,65.6685,82.74130000000002,1.0,1.0,1.0,1.0,1.0,0.9916,0.006987615054696159,0.006987615054696159,1.0279504602187846,12.895,85.2,1.0,10,0.1495,45.17333333333333
heat_churn_liveness,2,2000,0,5,3,1,10,60,0,300,750,13.864,1.568,64.968,79.8179,16.937333333333335,3.032,65.435,80.55369999999999,1.0,1.0,1.0,1.0,1.0,0.9936,0.005905795361789984,0.005905795361789984,1.02362318144716,12.868,85.3,1.0,10,0.1495,45.85666666666667
heat_churn_liveness,3,2000,0,5,3,1,10,60,0,300,750,13.896,1.604,64.949,79.7757,16.832,3.018666666666667,64.9415,81.5458,1.0,1.0,1.0,1.0,1.0,0.9933333333333333,0.0058704648253296125,0.0058704648253296125,1.0234818593013184,12.79,85.2,1.0,10,0.15,45.70666666666666
heat_churn_liveness,1,2000,0,5,3,1,20,60,0,300,750,13.826666666666666,1.5453333333333332,63.0375,1017.3406,16.988,3.038666666666667,63.406,1017.5627,1.0,1.0,1.0,1.0,1.0,0.9892,0.009792626728110598,0.009792626728110598,1.0391705069124424,12.464,85.2,1.0,10,0.15,45.63
heat_churn_liveness,2,2000,0,5,3,1,20,60,0,300,750,13.88,1.604,62.989,1018.4013,16.945333333333334,3.042666666666667,63.0385,1028.7241,1.0,1.0,1.0,1.0,0.9986666666666667,0.9874666666666667,0.00964630225080386,0.00964630225080386,1.0385852090032155,12.373,85.3,1.0,10,0.1495,45.443333333333335
heat_churn_liveness,3,2000,0,5,3,1,20,60,0,300,750,13.836,1.596,62.8195,1018.0874,16.769333333333332,3.042666666666667,62.648,1019.6401,1.0,1.0,1.0,1.0,1.0,0.9885333333333334,0.010884287925696595,0.010884287925696595,1.0435371517027863,12.357,85.2,1.0,10,0.15,46.11666666666667
heat_churn_liveness,1,2000,0,5,3,1,40,60,0,300,750,13.828,1.588,62.6755,1041.8222,16.930666666666667,3.06,62.535,1032.3562,1.0,1.0,1.0,1.0,1.0,0.9785333333333334,0.0165110233946279,0.0165110233946279,1.0660440935785116,12.202,85.2,1.0,10,0.15,45.03
heat_churn_liveness,2,2000,0,5,3,1,40,60,0,300,750,13.88,1.6093333333333333,63.5195,1040.937,16.969333333333335,3.074666666666667,63.762,1042.364,1.0,1.0,1.0,1.0,0.9973333333333333,0.9792,0.016657865680956268,0.016657865680956268,1.0666314627238251,12.286,85.3,1.0,10,0.15,44.88
heat_churn_liveness,3,2000,0,5,3,1,40,60,0,300,750,13.845333333333333,1.5773333333333333,63.5,1041.1611,16.932,3.064,63.2655,1042.3002,1.0,1.0,1.0,1.0,1.0,0.9792,0.01900408948761126,0.01900408948761126,1.076016357950445,12.281,85.2,1.0,10,0.15,45.06333333333333
heat_churn_liveness,1,2000,0,5,3,1,5,60,0,300,750,13.849333333333334,1.5693333333333332,66.2815,79.5531,16.857333333333333,3.012,66.373,80.1553,1.0,1.0,1.0,1.0,1.0,0.9952,0.0033219392422127003,0.0033219392422127003,1.0132877569688508,13.164,85.2,1.0,10,0.1495,45.79333333333334
heat_churn_liveness,2,2000,0,5,3,1,5,60,0,300,750,13.864,1.5586666666666666,66.151,79.2971,16.909333333333333,3.032,66.427,82.0804,1.0,1.0,1.0,1.0,0.9986666666666667,0.994,0.004229549168509084,0.004229549168509084,1.0169181966740364,13.123,85.3,1.0,10,0.15,45.913333333333334
heat_churn_liveness,3,2000,0,5,3,1,5,60,0,300,750,13.765333333333333,1.5346666666666666,66.0405,80.0485,16.761333333333333,3.010666666666667,66.4655,79.9911,1.0,1.0,1.0,1.0,1.0,0.9945333333333334,0.003682705819644328,0.003682705819644328,1.0147308232785772,13.227658291457287,85.2,1.0,10,0.1495,45.52
heat_churn_liveness,1,2000,0,5,3,1,80,60,0,300,750,13.837333333333333,1.5626666666666666,64.189,1046.2478,16.969333333333335,3.1146666666666665,63.863,1044.5339000000001,1.0,1.0,1.0,1.0,1.0,0.9674666666666667,0.027637344118638354,0.027637344118638354,1.1105493764745533,12.255,85.2,1.0,10,0.15,44.406666666666666
heat_churn_liveness,2,2000,0,5,3,1,80,60,0,300,750,13.848,1.5706666666666667,63.4625,1045.2662,16.986666666666668,3.0986666666666665,63.563,1041.9741999999999,1.0,1.0,1.0,1.0,1.0,0.968,0.02427651187385828,0.02427651187385828,1.097106047495433,12.271,85.3,1.0,10,0.15,44.78333333333333
heat_churn_liveness,3,2000,0,5,3,1,80,60,0,300,750,13.774666666666667,1.5706666666666667,63.4065,1043.5619,16.957333333333334,3.1213333333333333,63.7505,1043.2157,1.0,1.0,1.0,1.0,0.9986666666666667,0.9698666666666667,0.028829437898396756,0.028829437898396756,1.115317751593587,12.255,85.2,1.0,10,0.15,44.766666666666666
heat_churn_liveness,1,2000,0,5,3,20,10,60,0,300,750,14.597333333333333,1.78,2051.9435,4022.447,20.544,5.54,2076.0755,4050.1541,0.9386666666666666,0.9386666666666666,0.9733333333333334,0.9643835616438357,0.9693333333333334,0.4945333333333333,0.40696365028602316,0.40696365028602316,2.6278546011440924,12.516,85.2,1.0,10,3.0465,261.66333333333336
heat_churn_liveness,2,2000,0,5,3,20,10,60,0,300,750,14.772,1.8213333333333332,2050.7465,4035.3832,20.494666666666667,5.46,2065.501,4044.8311,0.952,0.952,0.984,0.967479674796748,0.9746666666666667,0.5052,0.40223663609930665,0.40223663609930665,2.6089465443972264,12.516,85.3,1.0,10,3.0725,263.62333333333333
heat_churn_liveness,3,2000,0,5,3,20,10,60,0,300,750,14.606666666666667,1.7946666666666666,2050.8695,4024.7733,20.44,5.612,2062.4735,4044.8421000000003,0.96,0.96,0.9826666666666667,0.9769335142469471,0.9786666666666667,0.5081333333333333,0.3993930059793441,0.3993930059793441,2.5975720239173765,12.526,85.2,1.0,10,3.046,261.74333333333334
heat_churn_liveness,1,2000,0,5,3,20,20,60,0,300,750,15.096,1.896,2073.7105,4058.221,20.908,5.765333333333333,2106.066,4062.1738,0.9453333333333334,0.9453333333333334,0.9906666666666667,0.9528936742934051,0.96,0.4726666666666667,0.4403192380616429,0.4403192380616429,2.761276952246572,12.426,85.2,1.0,10,3.0385,259.9766666666667
heat_churn_liveness,2,2000,0,5,3,20,20,60,0,300,750,15.161333333333333,1.9,2106.6175,4061.364,20.881333333333334,5.637333333333333,3016.6385,4061.1601,0.932,0.932,0.976,0.9549180327868853,0.9426666666666667,0.44666666666666666,0.45198210840203473,0.45198210840203473,2.8079284336081387,12.492,85.3,1.0,10,3.046,257.94
heat_churn_liveness,3,2000,0,5,3,20,20,60,0,300,750,15.106666666666667,1.8893333333333333,2076.906,4063.0143,21.11466666666667,6,3017.5455,4084.7744,0.888,0.888,0.96,0.925,0.94,0.4646666666666667,0.4558810553251566,0.4558810553251566,2.8235242213006266,12.484,85.2,1.0,10,3.0585,257.16
heat_churn_liveness,1,2000,0,5,3,20,40,60,0,300,750,15.541333333333334,1.9213333333333333,3029.221,5054.4132,21.950666666666667,6.236,3037.2655,5055.1501,0.8546666666666667,0.8546666666666667,0.9626666666666667,0.8864265927977839,0.872,0.40826666666666667,0.5060148451497313,0.5060148451497313,3.024059380598925,12.43459296482412,85.2,1.0,10,3.052,252.44666666666666
heat_churn_liveness,2,2000,0,5,3,20,40,60,0,300,750,15.44,1.904,3029.7425,5043.2285999999995,21.925333333333334,6.298666666666667,3042.4595,5045.7211,0.8626666666666667,0.8626666666666667,0.976,0.8825136612021858,0.8746666666666667,0.4093333333333333,0.5084120171673819,0.5084120171673819,3.0336480686695277,12.443,85.3,1.0,10,3.0725,252.32
heat_churn_liveness,3,2000,0,5,3,20,40,60,0,300,750,15.56,1.96,3030.7565,5040.723400000001,21.586666666666666,6.124,3032.021,5042.5331,0.8786666666666667,0.8786666666666667,0.9666666666666667,0.9089655172413793,0.9093333333333333,0.4176,0.5002363862981906,0.5002363862981906,3.0009455451927622,12.426,85.2,1.0,10,3.0685,255.17333333333335
heat_churn_liveness,1,2000,0,5,3,20,5,60,0,300,750,14.432,1.7653333333333334,2038.397,3055.5776,19.622666666666667,5.18,2050.007,3091.3681,0.9733333333333334,0.9733333333333334,0.9906666666666667,0.9825033647375505,0.9933333333333333,0.5597333333333333,0.35689878093830807,0.35689878093830807,2.4275951237532323,12.592,85.2,1.0,10,3.0365,262.62
heat_churn_liveness,2,2000,0,5,3,20,5,60,0,300,750,14.457333333333333,1.8053333333333332,2039.0805,3055.1957,19.645333333333333,5.108,2048.753,3079.4945,0.9733333333333334,0.9733333333333334,0.992,0.9811827956989247,0.9906666666666667,0.5582666666666667,0.34475305803366135,0.34475305803366135,2.3790122321346456,12.62,85.3,1.0,10,3.0365,262.98333333333335
heat_churn_liveness,3,2000,0,5,3,20,5,60,0,300,750,14.412,1.7733333333333334,2038.5535,3067.3478,19.773333333333333,5.216,2050.742,3069.2579,0.9653333333333334,0.9653333333333334,0.9786666666666667,0.9863760217983651,0.9893333333333333,0.5474666666666667,0.3549500621346712,0.3549500621346712,2.4198002485386847,12.593,85.2,1.0,10,3.0265,261.17
heat_churn_liveness,1,2000,0,5,3,20,80,60,0,300,750,15.565333333333333,1.9133333333333333,3042.4265,5053.2519,22.137333333333334,6.38,3043.7265,5070.0346,0.8306666666666667,0.8306666666666667,0.9813333333333333,0.8464673913043478,0.8106666666666666,0.3816,0.5382257789885918,0.5382257789885918,3.1529031159543672,12.393,85.2,1.0,10,3.0945,248.96666666666667
heat_churn_liveness,2,2000,0,5,3,20,80,60,0,300,750,15.502666666666666,1.9173333333333333,3041.186,5053.901599999999,22.036,6.496,3042.785,5072.135,0.8106666666666666,0.8106666666666666,0.9733333333333334,0.8328767123287671,0.8266666666666667,0.38053333333333333,0.5343183575294219,0.5343183575294219,3.1372734301176877,12.401,85.2,1.0,10,3.0545,247.18333333333334
heat_churn_liveness,3,2000,0,5,3,20,80,60,0,300,750,15.346666666666666,1.8333333333333333,3043.697,5051.3785,22.449333333333332,6.776,3054.3285,5106.0665,0.7853333333333333,0.7853333333333333,0.9666666666666667,0.8110344827586207,0.78,0.3696,0.5554695895121428,0.5554695895121428,3.221878358048571,12.311,85.2,1.0,10,3.05,240.50333333333333
heat_churn_liveness,1,2000,0,5,3,2,10,60,0,300,750,13.818666666666667,1.5613333333333332,65.3005,1030.8283000000001,16.805333333333333,3.0493333333333332,65.7575,1032.162,1.0,1.0,1.0,1.0,1.0,0.9829333333333333,0.013732411392099029,0.013732411392099029,1.054929645568396,12.828,85.2,1.0,10,0.3,57.903333333333336
heat_churn_liveness,2,2000,0,5,3,2,10,60,0,300,750,13.782666666666668,1.576,65.5515,1031.424,16.846666666666668,3.050666666666667,65.7385,1029.8794,1.0,1.0,1.0,1.0,1.0,0.9853333333333333,0.012086637014117193,0.012086637014117193,1.0483465480564689,12.844,85.3,1.0,10,0.3,57.946666666666665
heat_churn_liveness,3,2000,0,5,3,2,10,60,0,300,750,13.744,1.528,65.515,1031.9574,16.769333333333332,3.0573333333333332,65.4935,1031.5112,1.0,1.0,1.0,1.0,1.0,0.9825333333333334,0.0135003885003885,0.0135003885003885,1.054001554001554,12.825,85.2,1.0,10,0.2995,58.00666666666667
heat_churn_liveness,1,2000,0,5,3,2,20,60,0,300,750,13.788,1.5426666666666666,63.603,1043.8615,16.902666666666665,3.0853333333333333,63.779,1043.8009,1.0,1.0,1.0,1.0,1.0,0.9752,0.021107032457496136,0.021107032457496136,1.0844281298299845,12.483,85.2,1.0,10,0.3005,57.54666666666667
heat_churn_liveness,2,2000,0,5,3,2,20,60,0,300,750,13.758666666666667,1.5546666666666666,63.699,1042.6511,16.942666666666668,3.0973333333333333,64.5415,1043.7815,1.0,1.0,1.0,1.0,1.0,0.9762666666666667,0.020528425832005023,0.020528425832005023,1.0821137033280201,12.501,85.2,1.0,10,0.2995,57.53333333333333
heat_churn_liveness,3,2000,0,5,3,2,20,60,0,300,750,13.786666666666667,1.5613333333333332,63.4605,1042.2676,16.864,3.0773333333333333,63.8625,1043.0665999999999,1.0,1.0,1.0,1.0,1.0,0.9742666666666667,0.020647969052224373,0.020647969052224373,1.0825918762088975,12.485,85.2,1.0,10,0.2995,57.6
heat_churn_liveness,1,2000,0,5,3,2,40,60,0,300,750,13.725333333333333,1.532,65.112,1053.6846,16.973333333333333,3.148,72.312,1054.4747,1.0,1.0,1.0,1.0,0.9986666666666667,0.9581333333333334,0.03590959686395973,0.03590959686395973,1.143638387455839,12.26205025125628,85.2,1.0,10,0.3005,57.306666666666665
heat_churn_liveness,2,2000,0,5,3,2,40,60,0,300,750,13.789333333333333,1.5666666666666667,64.47,1045.4348,17.014666666666667,3.1213333333333333,70.6695,1054.8201000000001,1.0,1.0,1.0,1.0,0.9973333333333333,0.9612,0.03178884500529814,0.03178884500529814,1.1271553800211926,12.276,85.2,1.0,10,0.3,56.85666666666667
heat_churn_liveness,3,2000,0,5,3,2,40,60,0,300,750,13.776,1.5826666666666667,68.0735,1054.3443,16.934666666666665,3.1053333333333333,66.339,1053.0766999999998,1.0,1.0,1.0,1.0,0.996,0.9548,0.035741885625965995,0.035741885625965995,1.142967542503864,12.232,85.2,1.0,10,0.3,57.053333333333335
heat_churn_liveness,1,2000,0,5,3,2,5,60,0,300,750,13.932,1.5586666666666666,65.413,86.57440000000003,16.801333333333332,3.038666666666667,65.8205,1006.1999000000001,1.0,1.0,1.0,1.0,1.0,0.9890666666666666,0.007703047518174378,0.007703047518174378,1.0308121900726974,12.969,85.2,1.0,10,0.2995,58.29
heat_churn_liveness,2,2000,0,5,3,2,5,60,0,300,750,13.782666666666668,1.5986666666666667,65.8545,86.60730000000002,16.992,3.0493333333333332,66.475,1006.4994,1.0,1.0,1.0,1.0,0.9986666666666667,0.9890666666666666,0.00812734442627681,0.00812734442627681,1.0325093777051073,13.044,85.3,1.0,10,0.2995,58.1
heat_churn_liveness,3,2000,0,5,3,2,5,60,0,300,750,13.754666666666667,1.5453333333333332,65.422,1005.0849000000001,16.734666666666666,3.038666666666667,66.126,1006.7168,1.0,1.0,1.0,1.0,1.0,0.99,0.00835438119292792,0.00835438119292792,1.0334175247717117,12.985,85.2,1.0,10,0.2995,58.28333333333333
heat_churn_liveness,1,2000,0,5,3,2,80,60,0,300,750,13.906666666666666,1.6013333333333333,1004.79,1058.814,17.164,3.1986666666666665,1006.8565,1066.0047,1.0,1.0,1.0,1.0,1.0,0.9402666666666667,0.05644852659778033,0.05644852659778033,1.2257941063911213,12.277,85.2,1.0,10,0.3005,55.99666666666667
heat_churn_liveness,2,2000,0,5,3,2,80,60,0,300,750,13.852,1.5893333333333333,1004.197,1058.2409,17.064,3.2093333333333334,1005.559,1055.6451000000002,1.0,1.0,1.0,1.0,1.0,0.9376,0.05447545717035611,0.05447545717035611,1.2179018286814245,12.26086432160804,85.3,1.0,10,0.3005,56.08
heat_churn_liveness,3,2000,0,5,3,2,80,60,0,300,750,13.826666666666666,1.6306666666666667,1006.513,1065.2817,16.946666666666665,3.2066666666666666,1005.418,1056.0401000000002,1.0,1.0,1.0,1.0,0.9946666666666667,0.9329333333333334,0.059153567110036276,0.059153567110036276,1.236614268440145,12.255,85.2,1.0,10,0.3005,56.36666666666667
heat_churn_liveness,1,2000,0,5,3,40,10,60,0,300,750,13.749333333333333,1.192,4023.1165,5059.200599999999,22.610666666666667,8.862666666666666,4022.579,5074.8599,0.2733333333333333,0.2733333333333333,0.428,0.6230529595015576,0.35733333333333334,0.1528,0.6931096348736847,0.6931096348736847,3.772438539494739,12.562,85.2,1.0,10,6.0845,364.87333333333333
heat_churn_liveness,2,2000,0,5,3,40,10,60,0,300,750,13.990666666666666,1.2466666666666666,3570.2325,5071.0553,22.72,8.918666666666667,4022.875,5071.7381,0.2693333333333333,0.2693333333333333,0.476,0.5406162464985994,0.35733333333333334,0.14653333333333335,0.6854250623680676,0.6854250623680676,3.74170024947227,12.525472361809046,85.3,1.0,10,6.076,359.31666666666666
heat_churn_liveness,3,2000,0,5,3,40,10,60,0,300,750,13.946666666666667,1.2266666666666666,4022.3525,5073.485,22.94,8.930666666666667,4023.223,5056.4846,0.272,0.272,0.43733333333333335,0.5914634146341463,0.36933333333333335,0.15346666666666667,0.6882720465493395,0.6882720465493395,3.753088186197358,12.531,85.2,1.0,10,6.097,364.78
heat_churn_liveness,1,2000,0,5,3,40,20,60,0,300,750,13.877333333333333,1.1866666666666668,4023.124,5093.1042,22.501333333333335,9.04,4022.616,5053.9187,0.24,0.24,0.428,0.5514018691588785,0.336,0.14173333333333332,0.7006925477955521,0.7006925477955521,3.8027701911822085,12.529,85.2,1.0,10,6.0885,360.75666666666666
heat_churn_liveness,2,2000,0,5,3,40,20,60,0,300,750,13.786666666666667,1.2053333333333334,4022.586,5064.031,22.325333333333333,8.892,4022.44,5048.7385,0.2653333333333333,0.2653333333333333,0.42533333333333334,0.5956112852664577,0.356,0.15146666666666667,0.6895420034288513,0.6895420034288513,3.758168013715405,12.454,85.3,1.0,10,6.1165,364.0933333333333
heat_churn_liveness,3,2000,0,5,3,40,20,60,0,300,750,13.594666666666667,1.104,4022.2775,5064.6038,22.482666666666667,8.936,4022.894,5053.3928,0.25066666666666665,0.25066666666666665,0.42533333333333334,0.5768025078369906,0.32,0.14386666666666667,0.6981234034191394,0.6981234034191394,3.7924936136765575,12.536,85.2,1.0,10,6.114,354.47
heat_churn_liveness,1,2000,0,5,3,40,40,60,0,300,750,13.208,1.0026666666666666,4020.6435,5044.942,22.849333333333334,8.988,4022.6625,5077.928,0.23733333333333334,0.23733333333333334,0.38133333333333336,0.6013986013986014,0.304,0.13586666666666666,0.7003743473549404,0.7003743473549404,3.8014973894197617,12.466,85.2,1.0,10,6.0885,350.58
heat_churn_liveness,2,2000,0,5,3,40,40,60,0,300,750,13.525333333333334,1.1373333333333333,4022.3535,5055.2519,22.685333333333332,9.018666666666666,4022.4995,5082.1963,0.212,0.212,0.404,0.5181518151815182,0.292,0.13666666666666666,0.7028537805236834,0.7028537805236834,3.8114151220947337,12.48,85.3,1.0,10,6.1085,346.73
heat_churn_liveness,3,2000,0,5,3,40,40,60,0,300,750,13.92,1.2186666666666666,4022.87,5066.6305999999995,22.950666666666667,8.968,4024.033,5095.0105,0.256,0.256,0.4146666666666667,0.5819935691318328,0.35333333333333333,0.14973333333333333,0.7049744349405075,0.7049744349405075,3.81989773976203,12.488,85.2,1.0,10,6.109,369.11333333333334
heat_churn_liveness,1,2000,0,5,3,40,5,60,0,300,750,14.001333333333333,1.264,4019.997,5067.6859,22.74,8.905333333333333,4022.7065,5080.9577,0.26666666666666666,0.26666666666666666,0.44133333333333336,0.5921450151057401,0.372,0.1608,0.6858744072424199,0.6858744072424199,3.7434976289696795,12.589,85.2,1.0,10,6.0925,365.54333333333335
heat_churn_liveness,2,2000,0,5,3,40,5,60,0,300,750,13.729333333333333,1.184,4022.577,5056.9583,22.544,8.841333333333333,4023.092,5069.129,0.26,0.26,0.45866666666666667,0.5494186046511628,0.352,0.15306666666666666,0.6904831340526879,0.6904831340526879,3.7619325362107516,12.596,85.3,1.0,10,6.0965,360.8333333333333
heat_churn_liveness,3,2000,0,5,3,40,5,60,0,300,750,13.741333333333333,1.1626666666666667,4020.6425,5060.285900000001,22.638666666666666,8.868,4022.9625,5079.746,0.28,0.28,0.4533333333333333,0.6,0.356,0.14626666666666666,0.6956964233788893,0.6956964233788893,3.782785693515557,12.548773869346732,85.2,1.0,10,6.081,362.46666666666664
heat_churn_liveness,1,2000,0,5,3,40,80,60,0,300,750,13.549333333333333,1.1586666666666667,4021.8555,5051.0287,22.326666666666668,9.009333333333334,4022.35,5045.6092,0.228,0.228,0.41733333333333333,0.5207667731629393,0.296,0.13866666666666666,0.7056575682382134,0.7056575682382134,3.8226302729528534,12.426,85.2,1.0,10,6.1085,350.98
heat_churn_liveness,2,2000,0,5,3,40,80,60,0,300,750,13.661333333333333,1.1973333333333334,4022.436,5054.563099999999,22.552,9.044,4022.836,5079.0432,0.22,0.22,0.388,0.5463917525773195,0.30933333333333335,0.15013333333333334,0.7077587476075968,0.7077587476075968,3.8310349904303873,12.442,85.2,1.0,10,6.085,351.6066666666667
heat_churn_liveness,3,2000,0,5,3,40,80,60,0,300,750,13.108,1.02,4021.9605,5039.629400000001,22.318666666666665,9.052,4022.0505,5053.065,0.22,0.22,0.38,0.5719298245614035,0.284,0.1248,0.7131085384965371,0.7131085384965371,3.8524341539861484,12.429,85.2,1.0,10,6.133,346.6766666666667
heat_churn_liveness,1,2000,0,5,3,5,10,60,0,300,750,13.742666666666667,1.5333333333333334,70.0995,1053.831,16.913333333333334,3.1226666666666665,73.1645,1055.4636,1.0,1.0,1.0,1.0,0.9986666666666667,0.9508,0.0374818401937046,0.0374818401937046,1.1499273607748184,12.69,85.2,1.0,10,0.752,93.92666666666666
heat_churn_liveness,2,2000,0,5,3,5,10,60,0,300,750,13.762666666666666,1.5493333333333332,70.133,1055.8258,16.908,3.1386666666666665,74.944,1055.3869,1.0,1.0,1.0,1.0,0.9986666666666667,0.9469333333333333,0.03821008281272701,0.03821008281272701,1.1528403312509081,12.757,85.3,1.0,10,0.7515,93.05333333333333
heat_churn_liveness,3,2000,0,5,3,5,10,60,0,300,750,13.728,1.564,67.5995,1054.0927,16.829333333333334,3.1533333333333333,70.4765,1055.265,1.0,1.0,1.0,1.0,0.9986666666666667,0.954,0.03688026078917919,0.03688026078917919,1.1475210431567169,12.786,85.2,1.0,10,0.752,93.74
heat_churn_liveness,1,2000,0,5,3,5,20,60,0,300,750,13.744,1.5506666666666666,1006.229,1058.6171000000002,17.005333333333333,3.2653333333333334,1018.83,1066.5457,1.0,1.0,1.0,1.0,1.0,0.9205333333333333,0.06452238878377722,0.06452238878377722,1.258089555135109,12.533,85.3,1.0,10,0.7515,91.93333333333334
heat_churn_liveness,2,2000,0,5,3,5,20,60,0,300,750,13.916,1.5933333333333333,1016.1725,1058.245,17.02,3.2546666666666666,1018.0165,1066.0828000000001,1.0,1.0,1.0,1.0,1.0,0.9198666666666667,0.061605895669765424,0.061605895669765424,1.2464235826790617,12.53,85.3,1.0,10,0.752,91.78666666666666
heat_churn_liveness,3,2000,0,5,3,5,20,60,0,300,750,13.706666666666667,1.54,1017.219,1059.4102,16.890666666666668,3.2346666666666666,1007.255,1058.3923,0.9986666666666667,0.9986666666666667,1.0,0.9986666666666667,1.0,0.9156,0.06485722639118995,0.06485722639118995,1.2594289055647598,12.557216080402009,85.2,1.0,10,0.7515,92.64
heat_churn_liveness,1,2000,0,5,3,5,40,60,0,300,750,13.889333333333333,1.5786666666666667,1041.5325,1079.16,17.212,3.344,1042.2395,1080.7055,1.0,1.0,1.0,1.0,1.0,0.8693333333333333,0.101546738399462,0.101546738399462,1.406186953597848,12.31,85.2,1.0,10,0.753,91.0
heat_churn_liveness,2,2000,0,5,3,5,40,60,0,300,750,13.709333333333333,1.5546666666666666,1032.194,1078.6017,17.232,3.3466666666666667,1031.485,1082.9909000000002,1.0,1.0,1.0,1.0,0.9986666666666667,0.8778666666666667,0.09629880170081175,0.09629880170081175,1.385195206803247,12.294,85.3,1.0,10,0.753,91.19
heat_churn_liveness,3,2000,0,5,3,5,40,60,0,300,750,13.865333333333334,1.5826666666666667,1041.943,1079.7119,17.168,3.3973333333333335,1032.6325,1080.6812,1.0,1.0,1.0,1.0,1.0,0.8704000000000001,0.10237854006850967,0.10237854006850967,1.4095141602740386,12.301,85.2,1.0,10,0.751,91.05666666666667
heat_churn_liveness,1,2000,0,5,3,5,5,60,0,300,750,13.625333333333334,1.456,66.202,1044.1763,16.785333333333334,3.0933333333333333,66.548,1045.8120999999999,0.9986666666666667,0.9986666666666667,1.0,0.9986666666666667,0.9973333333333333,0.9685333333333334,0.023086684888715344,0.023086684888715344,1.0923467395548614,12.948,85.2,1.0,10,0.7495,94.09666666666666
heat_churn_liveness,2,2000,0,5,3,5,5,60,0,300,750,13.693333333333333,1.5066666666666666,66.0155,1044.7276,16.836,3.1026666666666665,67.253,1046.4883,1.0,1.0,1.0,1.0,0.9986666666666667,0.97,0.02498784637822071,0.02498784637822071,1.0999513855128829,12.89288944723618,85.3,1.0,10,0.7515,94.06666666666666
heat_churn_liveness,3,2000,0,5,3,5,5,60,0,300,750,13.708,1.5293333333333334,66.4905,1044.855,16.745333333333335,3.0986666666666665,66.9395,1045.8944000000001,1.0,1.0,1.0,1.0,1.0,0.9688,0.02490738935465003,0.02490738935465003,1.0996295574186001,12.941,85.2,1.0,10,0.752,94.40666666666667
heat_churn_liveness,1,2000,0,5,3,5,80,60,0,300,750,14,1.6346666666666667,1054.4515,2037.7663,17.418666666666667,3.584,1045.2205,2035.8041,1.0,1.0,1.0,1.0,0.9973333333333333,0.8132,0.15323816823146197,0.15323816823146197,1.6129526729258479,12.165,85.2,1.0,10,0.753,89.70666666666666
heat_churn_liveness,2,2000,0,5,3,5,80,60,0,300,750,13.921333333333333,1.6346666666666667,1052.649,2035.8673999999999,17.364,3.525333333333333,1046.3055,2036.5137,1.0,1.0,1.0,1.0,0.9986666666666667,0.8230666666666667,0.14697406340057637,0.14697406340057637,1.5878962536023056,12.158,85.3,1.0,10,0.7535,89.92
heat_churn_liveness,3,2000,0,5,3,5,80,60,0,300,750,13.864,1.6453333333333333,1045.9595,2024.1125,17.342666666666666,3.5493333333333332,1046.338,2026.0637,1.0,1.0,1.0,1.0,1.0,0.8294666666666667,0.14535023863472016,0.14535023863472016,1.5814009545388805,12.174,85.2,1.0,10,0.754,89.39333333333333
heat_churn_republish,1,2000,0,5,3,0,10,120,0,300,750,13.878666666666666,1.5853333333333333,64.157,76.6632,16.865333333333332,3,63.8665,76.6977,1.0,1.0,1.0,1.0,0.9973333333333333,0.9992,0.0,0.0,1.0,12.704,85.2,1.0,10,0.0,14.87
heat_churn_republish,2,2000,0,5,3,0,10,120,0,300,750,13.981333333333334,1.616,64.425,77.1828,16.858666666666668,3,64.244,76.68860000000001,1.0,1.0,1.0,1.0,0.9973333333333333,0.9994666666666666,0.0,0.0,1.0,12.756,85.3,1.0,10,0.0,14.89
heat_churn_republish,3,2000,0,5,3,0,10,120,0,300,750,13.818666666666667,1.5666666666666667,64.1335,77.0661,16.714666666666666,3,64.0995,76.66260000000001,1.0,1.0,1.0,1.0,1.0,0.9993333333333333,0.0,0.0,1.0,12.772,85.2,1.0,10,0.0,14.81
heat_churn_republish,1,2000,0,5,3,0,10,15,0,300,750,13.838666666666667,1.584,64.4645,76.7012,17.016,3,64.398,77.04639999999999,1.0,1.0,1.0,1.0,0.9973333333333333,0.9994666666666666,0.0,0.0,1.0,12.817,85.2,1.0,10,0.0,132.45666666666668
heat_churn_republish,2,2000,0,5,3,0,10,15,0,300,750,13.909333333333333,1.608,64.811,76.9144,16.888,3,64.297,77.7381,1.0,1.0,1.0,1.0,0.9973333333333333,0.9993333333333333,0.0,0.0,1.0,12.805,85.3,1.0,10,0.0,132.42666666666668
heat_churn_republish,3,2000,0,5,3,0,10,15,0,300,750,13.958666666666666,1.6173333333333333,64.407,77.2875,16.872,3,64.219,76.7703,1.0,1.0,1.0,1.0,1.0,0.9996,0.0,0.0,1.0,12.804,85.2,1.0,10,0.0,131.82666666666665
heat_churn_republish,1,2000,0,5,3,0,10,300,0,300,750,13.730666666666666,1.5306666666666666,63.763,75.5676,16.992,3,64.062,76.2338,1.0,1.0,1.0,1.0,0.9973333333333333,0.9993333333333333,0.0,0.0,1.0,12.665,85.2,1.0,10,0.0,3.9833333333333334
heat_churn_republish,2,2000,0,5,3,0,10,300,0,300,750,13.954666666666666,1.624,64.0785,76.6123,16.942666666666668,3,64.1195,76.79740000000001,1.0,1.0,1.0,1.0,0.9973333333333333,0.9989333333333333,0.0,0.0,1.0,12.685,85.3,1.0,10,0.0,3.8033333333333332
heat_churn_republish,3,2000,0,5,3,0,10,300,0,300,750,13.822666666666667,1.5906666666666667,64.041,76.61580000000001,16.825333333333333,3,63.9015,76.0541,1.0,1.0,1.0,1.0,1.0,0.9997333333333334,0.0,0.0,1.0,12.697,85.2,1.0,10,0.0,3.87
heat_churn_republish,1,2000,0,5,3,0,10,30,0,300,750,13.814666666666668,1.576,64.1815,76.5522,16.945333333333334,3,64.1785,76.6498,1.0,1.0,1.0,1.0,0.9973333333333333,0.9992,0.0,0.0,1.0,12.73,85.2,1.0,10,0.0,66.54
heat_churn_republish,2,2000,0,5,3,0,10,30,0,300,750,13.850666666666667,1.588,63.934,76.50489999999999,16.910666666666668,3,64.01,76.6603,1.0,1.0,1.0,1.0,0.9973333333333333,0.9993333333333333,0.0,0.0,1.0,12.708,85.3,1.0,10,0.0,66.57666666666667
heat_churn_republish,3,2000,0,5,3,0,10,30,0,300,750,13.882666666666667,1.608,64.2625,76.734,16.941333333333333,3,64.5085,76.6052,1.0,1.0,1.0,1.0,1.0,0.9997333333333334,0.0,0.0,1.0,12.768,85.2,1.0,10,0.0,66.18666666666667
heat_churn_republish,1,2000,0,5,3,0,10,3600,0,300,750,13.828,1.5706666666666667,63.885,76.5052,16.974666666666668,3,64.1565,76.6035,1.0,1.0,1.0,1.0,0.9973333333333333,0.9993333333333333,0.0,0.0,1.0,12.693,85.2,1.0,10,0.0,0.0
heat_churn_republish,2,2000,0,5,3,0,10,3600,0,300,750,13.94,1.6333333333333333,63.86,76.5209,16.854666666666667,3,63.7475,76.961,1.0,1.0,1.0,1.0,0.9973333333333333,0.9990666666666667,0.0,0.0,1.0,12.634,85.3,1.0,10,0.0,0.0
heat_churn_republish,3,2000,0,5,3,0,10,3600,0,300,750,13.950666666666667,1.636,63.603,76.1779,16.934666666666665,3,64.0575,76.2517,1.0,1.0,1.0,1.0,1.0,0.9996,0.0,0.0,1.0,12.624,85.2,1.0,10,0.0,0.0
heat_churn_republish,1,2000,0,5,3,0,10,60,0,300,750,13.845333333333333,1.572,63.9425,76.6857,16.996,3,63.97,76.57839999999999,1.0,1.0,1.0,1.0,0.9973333333333333,0.9992,0.0,0.0,1.0,12.657,85.2,1.0,10,0.0,32.48
heat_churn_republish,2,2000,0,5,3,0,10,60,0,300,750,13.817333333333334,1.5786666666666667,63.826,76.37310000000001,16.886666666666667,3,63.989,76.7711,1.0,1.0,1.0,1.0,0.9973333333333333,0.9996,0.0,0.0,1.0,12.655,85.3,1.0,10,0.0,32.7
heat_churn_republish,3,2000,0,5,3,0,10,60,0,300,750,13.877333333333333,1.596,64.688,76.84290000000001,16.864,3,64.4355,77.6707,1.0,1.0,1.0,1.0,1.0,0.9994666666666666,0.0,0.0,1.0,12.794,85.2,1.0,10,0.0,32.60666666666667
heat_churn_republish,1,2000,0,5,3,10,10,120,0,300,750,13.654666666666667,1.516,1032.394,1080.0423999999998,17.296,3.486666666666667,1042.6095,1095.7498,1.0,1.0,1.0,1.0,0.9986666666666667,0.858,0.10525293717836683,0.10525293717836683,1.4210117487134672,12.706804020100503,85.2,1.0,10,1.503,133.52666666666667
heat_churn_republish,2,2000,0,5,3,10,10,120,0,300,750,13.789333333333333,1.596,1042.362,1079.6697,17.218666666666667,3.501333333333333,1031.9535,1081.1924,1.0,1.0,1.0,1.0,1.0,0.8570666666666666,0.09936984973339796,0.09936984973339796,1.3974793989335919,12.672,85.3,1.0,10,1.509,133.94
heat_churn_republish,3,2000,0,5,3,10,10,120,0,300,750,13.826666666666666,1.5746666666666667,1034.455,1093.6318,17.270666666666667,3.524,1041.8735,1085.1492,1.0,1.0,1.0,1.0,0.9986666666666667,0.8529333333333333,0.10643133462282399,0.10643133462282399,1.425725338491296,12.690427135678393,85.2,1.0,10,1.504,133.36333333333334
heat_churn_republish,1,2000,0,5,3,10,10,15,0,300,750,13.752,1.5266666666666666,1031.469,1072.0405,16.906666666666666,3.2973333333333334,1030.8545,1070.5385,1.0,1.0,1.0,1.0,1.0,0.8642666666666666,0.08868963500804054,0.08868963500804054,1.3547585400321622,12.638,85.2,1.0,10,1.504,246.09333333333333
heat_churn_republish,2,2000,0,5,3,10,10,15,0,300,750,13.702666666666667,1.54,1030.5035,1075.5342,16.997333333333334,3.3453333333333335,1030.5485,1081.6786000000002,1.0,1.0,1.0,1.0,0.9986666666666667,0.878,0.08988106843439267,0.08988106843439267,1.3595242737375708,12.644,85.3,1.0,10,1.504,245.36666666666667
heat_churn_republish,3,2000,0,5,3,10,10,15,0,300,750,13.638666666666667,1.5173333333333334,1032.0715,1072.7394,17.044,3.328,1030.557,1073.6501,1.0,1.0,1.0,1.0,0.9986666666666667,0.8681333333333333,0.09129459933710275,0.09129459933710275,1.365178397348411,12.666,85.2,1.0,10,1.504,246.16333333333333
heat_churn_republish,1,2000,0,5,3,10,10,300,0,300,750,13.768,1.5653333333333332,1032.9125,1080.5216,17.744,3.986666666666667,1042.7215,1086.0386,0.988,0.988,0.9946666666666667,0.9932975871313673,1.0,0.8617333333333334,0.10090098818058515,0.10090098818058515,1.4036039527223407,12.607,85.2,1.0,10,1.504,124.56666666666666
heat_churn_republish,2,2000,0,5,3,10,10,300,0,300,750,13.704,1.5133333333333334,1041.804,1072.6054,17.985333333333333,4.214666666666667,1042.495,1081.0047,0.9813333333333333,0.9813333333333333,0.9866666666666667,0.9945945945945946,1.0,0.8636,0.10040764825778899,0.10040764825778899,1.401630593031156,12.669,85.3,1.0,10,1.502,123.67333333333333
heat_churn_republish,3,2000,0,5,3,10,10,300,0,300,750,13.698666666666666,1.576,1041.8565,1082.7771,17.766666666666666,4.054666666666667,1032.678,1106.3786,0.9986666666666667,0.9986666666666667,1.0,0.9986666666666667,0.9986666666666667,0.8565333333333334,0.10696565813795116,0.10696565813795116,1.4278626325518047,12.613,85.2,1.0,10,1.504,124.10333333333334
heat_churn_republish,1,2000,0,5,3,10,10,30,0,300,750,13.734666666666667,1.5506666666666666,1041.875,1084.4024,17.19333333333333,3.4146666666666667,1041.594,1082.98,1.0,1.0,1.0,1.0,0.9986666666666667,0.8604,0.10012115338017931,0.10012115338017931,1.4004846135207172,12.751,85.2,1.0,10,1.504,182.64
heat_churn_republish,2,2000,0,5,3,10,10,30,0,300,750,13.624,1.5386666666666666,1033.1035,1073.5695,17.072,3.3973333333333335,1032.0565,1081.0647,1.0,1.0,1.0,1.0,0.9986666666666667,0.8568,0.09680570479632705,0.09680570479632705,1.3872228191853082,12.727,85.3,1.0,10,1.504,182.56333333333333
heat_churn_republish,3,2000,0,5,3,10,10,30,0,300,750,13.636,1.5026666666666666,1030.7245,1083.8626000000002,17.17866666666667,3.4226666666666667,1043.0775,1083.6447,1.0,1.0,1.0,1.0,1.0,0.8688,0.10051596573208722,0.10051596573208722,1.4020638629283488,12.739427135678392,85.2,1.0,10,1.504,182.14333333333335
heat_churn_republish,1,2000,0,5,3,10,10,3600,0,300,750,13.7,1.5706666666666667,1040.689,1078.8922,18.27466666666667,4.564,1042.048,1082.6918,0.968,0.968,0.98,0.9877551020408163,1.0,0.8589333333333333,0.10059344294192042,0.10059344294192042,1.4023737717676816,12.649,85.2,1.0,10,1.504,123.02
heat_churn_republish,2,2000,0,5,3,10,10,3600,0,300,750,13.570666666666666,1.5226666666666666,1031.425,1075.5953,18.422666666666668,4.856,1041.87,1082.7195,0.9493333333333334,0.9493333333333334,0.972,0.9766803840877915,1.0,0.868,0.10037832260600403,0.10037832260600403,1.4015132904240162,12.671,85.3,1.0,10,1.504,121.67333333333333
heat_churn_republish,3,2000,0,5,3,10,10,3600,0,300,750,13.736,1.5466666666666666,1041.77,1079.997,18.402666666666665,4.648,1042.435,1092.8064,0.9613333333333334,0.9613333333333334,0.9786666666666667,0.9822888283378747,1.0,0.8656,0.10301678145309924,0.10301678145309924,1.412067125812397,12.656964824120601,85.2,1.0,10,1.504,122.47666666666667
heat_churn_republish,1,2000,0,5,3,10,10,60,0,300,750,13.641333333333334,1.5253333333333334,1032.4305,1074.4106000000002,17.262666666666668,3.476,1043.246,1095.5552,1.0,1.0,1.0,1.0,0.9986666666666667,0.8610666666666666,0.10490496329784649,0.10490496329784649,1.419619853191386,12.763,85.2,1.0,10,1.503,150.91333333333333
heat_churn_republish,2,2000,0,5,3,10,10,60,0,300,750,13.692,1.5346666666666666,1042.296,1080.9718,17.184,3.416,1042.3755,1081.7893000000001,1.0,1.0,1.0,1.0,0.9986666666666667,0.8556,0.10420004855547463,0.10420004855547463,1.4168001942218986,12.708,85.3,1.0,10,1.508,150.80333333333334
heat_churn_republish,3,2000,0,5,3,10,10,60,0,300,750,13.734666666666667,1.5453333333333332,1032.298,1078.7436,17.138666666666666,3.4106666666666667,1042.157,1083.0967,1.0,1.0,1.0,1.0,1.0,0.8601333333333333,0.10258775549837355,0.10258775549837355,1.4103510219934943,12.702,85.2,1.0,10,1.508,150.51
heat_churn_republish,1,2000,0,5,3,1,10,120,0,300,750,13.836,1.56,63.204,77.37180000000001,16.913333333333334,3.044,63.529,1017.9557,1.0,1.0,1.0,1.0,1.0,0.9930666666666667,0.007411328745367919,0.007411328745367919,1.0296453149814717,12.549,85.2,1.0,10,0.1495,27.39
heat_churn_republish,2,2000,0,5,3,1,10,120,0,300,750,13.974666666666666,1.6413333333333333,64.041,79.6733,16.954666666666668,3.030666666666667,64.0245,79.1786,1.0,1.0,1.0,1.0,0.9986666666666667,0.9928,0.005735041101127891,0.005735041101127891,1.0229401644045115,12.593,85.3,1.0,10,0.1495,27.663333333333334
heat_churn_republish,3,2000,0,5,3,1,10,120,0,300,750,13.876,1.6293333333333333,63.2485,78.75590000000001,16.80666666666667,3.021333333333333,63.0005,77.59230000000001,1.0,1.0,1.0,1.0,1.0,0.9926666666666667,0.006362672322375398,0.006362672322375398,1.0254506892895017,12.51,85.2,1.0,10,0.1495,27.423333333333332
heat_churn_republish,1,2000,0,5,3,1,10,15,0,300,750,13.804,1.552,63.945,78.4322,16.958666666666666,3.021333333333333,64.215,81.76219999999999,1.0,1.0,1.0,1.0,1.0,0.9932,0.006007882341632222,0.006007882341632222,1.024031529366529,12.687,85.2,1.0,10,0.1495,147.92333333333335
heat_churn_republish,2,2000,0,5,3,1,10,15,0,300,750,13.937333333333333,1.612,63.7285,78.5869,16.942666666666668,3.022666666666667,63.7965,78.30189999999999,1.0,1.0,1.0,1.0,0.9986666666666667,0.9921333333333333,0.005169195424304791,0.005169195424304791,1.020676781697219,12.621,85.3,1.0,10,0.1495,149.43
heat_churn_republish,3,2000,0,5,3,1,10,15,0,300,750,13.845333333333333,1.5733333333333333,63.811,78.4812,16.72533333333333,3.022666666666667,63.7565,79.18169999999999,1.0,1.0,1.0,1.0,0.9986666666666667,0.9932,0.006437248923091815,0.006437248923091815,1.0257489956923673,12.627,85.2,1.0,10,0.1495,148.69333333333333
heat_churn_republish,1,2000,0,5,3,1,10,300,0,300,750,13.789333333333333,1.544,63.309,77.5566,16.876,3.034666666666667,63.267,77.95110000000001,1.0,1.0,1.0,1.0,1.0,0.9930666666666667,0.005887178497321816,0.005887178497321816,1.0235487139892874,12.522,85.2,1.0,10,0.1495,15.843333333333334
heat_churn_republish,2,2000,0,5,3,1,10,300,0,300,750,13.805333333333333,1.5386666666666666,62.891,77.7117,16.942666666666668,3.062666666666667,63.304,77.91890000000001,1.0,1.0,1.0,1.0,0.9986666666666667,0.9924,0.0060200346753997306,0.0060200346753997306,1.024080138701599,12.461,85.3,1.0,10,0.1495,16.01
heat_churn_republish,3,2000,0,5,3,1,10,300,0,300,750,13.893333333333333,1.58,63.468,82.4333,16.668,3.04,63.0955,181.00170000002083,1.0,1.0,1.0,1.0,1.0,0.9901333333333333,0.007412431568237973,0.007412431568237973,1.0296497262729518,12.473,85.2,1.0,10,0.15,15.863333333333333
heat_churn_republish,1,2000,0,5,3,1,10,30,0,300,750,13.768,1.548,63.5405,79.972,16.829333333333334,3.025333333333333,63.597,79.5722,1.0,1.0,1.0,1.0,1.0,0.9914666666666667,0.007157019198220417,0.007157019198220417,1.0286280767928817,12.564,85.3,1.0,10,0.15,80.21
heat_churn_republish,2,2000,0,5,3,1,10,30,0,300,750,13.801333333333334,1.564,63.6975,77.0157,16.905333333333335,3.044,64.1395,81.59180000000003,1.0,1.0,1.0,1.0,1.0,0.9945333333333334,0.0053983708487974165,0.0053983708487974165,1.0215934833951896,12.615,85.3,1.0,10,0.15,81.13333333333334
heat_churn_republish,3,2000,0,5,3,1,10,30,0,300,750,13.690666666666667,1.5306666666666666,62.9775,77.69330000000001,16.852,3.017333333333333,63.724,79.6666,1.0,1.0,1.0,1.0,1.0,0.9925333333333334,0.006248788994380934,0.006248788994380934,1.0249951559775237,12.566,85.2,1.0,10,0.1495,80.65666666666667
heat_churn_republish,1,2000,0,5,3,1,10,3600,0,300,750,13.794666666666666,1.56,62.8105,77.87720000000002,16.938666666666666,3.0733333333333333,63.183,76.9538,1.0,1.0,1.0,1.0,1.0,0.9913333333333333,0.006218365871294288,0.006218365871294288,1.024873463485177,12.454,85.2,1.0,10,0.15,12.146666666666667
heat_churn_republish,2,2000,0,5,3,1,10,3600,0,300,750,13.882666666666667,1.588,63.6895,79.3625,17.022666666666666,3.0973333333333333,63.3625,78.021,1.0,1.0,1.0,1.0,0.9986666666666667,0.9912,0.005753739930955121,0.005753739930955121,1.0230149597238205,12.521,85.3,1.0,10,0.15,12.203333333333333
heat_churn_republish,3,2000,0,5,3,1,10,3600,0,300,750,13.905333333333333,1.6093333333333333,65.0805,80.5343,16.976,3.0893333333333333,65.013,79.7493,1.0,1.0,1.0,1.0,1.0,0.9924,0.00590097869890616,0.00590097869890616,1.0236039147956246,12.811,85.2,1.0,10,0.15,12.21
heat_churn_republish,1,2000,0,5,3,1,10,60,0,300,750,13.754666666666667,1.54,63.4475,78.06040000000002,16.866666666666667,3.016,63.4515,77.68490000000001,1.0,1.0,1.0,1.0,1.0,0.9922666666666666,0.005506182380216384,0.005506182380216384,1.0220247295208655,12.544,85.2,1.0,10,0.1495,45.42666666666667
heat_churn_republish,2,2000,0,5,3,1,10,60,0,300,750,13.82,1.5973333333333333,63.1605,78.1064,16.88533333333333,3.025333333333333,63.499,78.95710000000001,1.0,1.0,1.0,1.0,1.0,0.9925333333333334,0.005732177263969172,0.005732177263969172,1.0229287090558767,12.528,85.3,1.0,10,0.1495,45.626666666666665
heat_churn_republish,3,2000,0,5,3,1,10,60,0,300,750,13.828,1.5746666666666667,63.455,78.4227,16.736,3.02,63.8945,79.4395,1.0,1.0,1.0,1.0,1.0,0.9929333333333333,0.0067770355310291415,0.0067770355310291415,1.0271081421241166,12.536,85.2,1.0,10,0.15,46.03
heat_churn_republish,1,2000,0,5,3,20,10,120,0,300,750,14.9,1.836,2060.8825,4033.8061000000002,21.170666666666666,5.98,2074.823,4051.1104,0.8933333333333333,0.8933333333333333,0.9266666666666666,0.962589928057554,0.984,0.5053333333333333,0.4096508330379298,0.4096508330379298,2.6386033321517193,12.529,85.2,1.0,10,3.0365,249.40666666666667
heat_churn_republish,2,2000,0,5,3,20,10,120,0,300,750,14.58,1.7786666666666666,2050.4955,4022.332,20.766666666666666,5.882666666666666,2062.478,4037.2828,0.916,0.916,0.956,0.9581589958158996,0.98,0.5056,0.39591818264096296,0.39591818264096296,2.583672730563852,12.532,85.3,1.0,10,3.0445,250.86666666666667
heat_churn_republish,3,2000,0,5,3,20,10,120,0,300,750,14.686666666666667,1.8373333333333333,2059.04,4024.1922000000004,20.85333333333333,5.946666666666666,2074.3765,4036.1439,0.8853333333333333,0.8853333333333333,0.9146666666666666,0.967930029154519,0.9773333333333334,0.4904,0.40693849966208606,0.40693849966208606,2.6277539986483442,12.524,85.2,1.0,10,3.036,249.51333333333332
heat_churn_republish,1,2000,0,5,3,20,10,15,0,300,750,14.432,1.7573333333333334,2048.4755,3073.2115,19.065333333333335,4.574666666666666,2047.0315,3069.3322000000003,0.9853333333333333,0.9853333333333333,1.0,0.9853333333333333,0.9786666666666667,0.5364,0.35404757514290985,0.35404757514290985,2.4161903005716394,12.584,85.2,1.0,10,3.0425,333.92333333333335
heat_churn_republish,2,2000,0,5,3,20,10,15,0,300,750,14.637333333333334,1.812,2049.0525,4020.8588999999997,19.265333333333334,4.589333333333333,2040.307,3080.2322000000004,0.9853333333333333,0.9853333333333333,1.0,0.9853333333333333,0.972,0.5392,0.35483284057311804,0.35483284057311804,2.419331362292472,12.551,85.3,1.0,10,3.0505,331.9633333333333
heat_churn_republish,3,2000,0,5,3,20,10,15,0,300,750,14.496,1.796,2048.344,3082.6783,19.361333333333334,4.734666666666667,2047.217,3093.4222,0.9746666666666667,0.9746666666666667,0.996,0.9785809906291834,0.9733333333333334,0.5256,0.3599487226444465,0.3599487226444465,2.4397948905777858,12.575623115577887,85.2,1.0,10,3.0365,329.44
heat_churn_republish,1,2000,0,5,3,20,10,300,0,300,750,14.804,1.8186666666666667,2059.8085,4035.2522999999997,22.232,7.3213333333333335,2065.6785,4040.3286000000003,0.6186666666666667,0.6186666666666667,0.7173333333333334,0.862453531598513,0.9693333333333334,0.49306666666666665,0.41012294714170333,0.41012294714170333,2.640491788566813,12.521,85.2,1.0,10,3.0405,246.30666666666667
heat_churn_republish,2,2000,0,5,3,20,10,300,0,300,750,14.658666666666667,1.816,2053.1925,4025.7059,22.314666666666668,7.373333333333333,2063.7845,4037.1088999999997,0.6186666666666667,0.6186666666666667,0.7173333333333334,0.862453531598513,0.964,0.49933333333333335,0.40644144144144145,0.40644144144144145,2.625765765765766,12.509,85.3,1.0,10,3.036,245.29666666666665
heat_churn_republish,3,2000,0,5,3,20,10,300,0,300,750,14.752,1.8546666666666667,2060.097,4024.763,21.837333333333333,7.070666666666667,2061.6855,4046.946,0.6893333333333334,0.6893333333333334,0.776,0.8883161512027491,0.9746666666666667,0.5092,0.4008311125163738,0.4008311125163738,2.6033244500654953,12.502,85.2,1.0,10,3.0585,246.75
heat_churn_republish,1,2000,0,5,3,20,10,30,0,300,750,14.694666666666667,1.8373333333333333,2050.0375,4021.8347999999996,20.004,5.034666666666666,2054.692,4033.1261,0.9813333333333333,0.9813333333333333,0.996,0.9852744310575636,0.9786666666666667,0.5184,0.38547285149226895,0.38547285149226895,2.541891405969076,12.558,85.2,1.0,10,3.032,282.69666666666666
heat_churn_republish,2,2000,0,5,3,20,10,30,0,300,750,14.773333333333333,1.8413333333333333,2050.661,3109.8217999999997,19.670666666666666,5.025333333333333,2051.168,4022.1272999999997,0.9773333333333334,0.9773333333333334,1.0,0.9773333333333334,0.9866666666666667,0.518,0.3764956490210297,0.3764956490210297,2.505982596084119,12.591,85.3,1.0,10,3.0565,285.60333333333335
heat_churn_republish,3,2000,0,5,3,20,10,30,0,300,750,14.677333333333333,1.8426666666666667,2051.0245,4022.7682,19.8,5.12,2052.662,4022.1781,0.976,0.976,0.9986666666666667,0.9773030707610146,0.972,0.5136,0.3840494141157235,0.3840494141157235,2.536197656462894,12.609,85.2,1.0,10,3.046,283.4766666666667
heat_churn_republish,1,2000,0,5,3,20,10,3600,0,300,750,14.673333333333334,1.784,2049.8945,4023.0104,22.386666666666667,7.544,2063.482,4046.2699,0.5893333333333334,0.5893333333333334,0.7173333333333334,0.8215613382899628,0.9746666666666667,0.5088,0.39680173465239194,0.39680173465239194,2.5872069386095675,12.508,85.2,1.0,10,3.0365,245.19333333333333
heat_churn_republish,2,2000,0,5,3,20,10,3600,0,300,750,14.557333333333334,1.8,2049.0585,3103.7837000000004,22.3,7.649333333333334,2053.086,4037.49,0.5373333333333333,0.5373333333333333,0.7253333333333334,0.7408088235294118,0.984,0.5225333333333333,0.38500867342280654,0.38500867342280654,2.540034693691226,12.517,85.3,1.0,10,3.0365,245.41666666666666
heat_churn_republish,3,2000,0,5,3,20,10,3600,0,300,750,14.846666666666666,1.8506666666666667,2062.3915,4034.7037,22.276,7.581333333333333,2065.4,4037.1329,0.5653333333333334,0.5653333333333334,0.7013333333333334,0.8060836501901141,0.98,0.49693333333333334,0.41027261238490703,0.41027261238490703,2.641090449539628,12.516,85.2,1.0,10,3.046,245.89333333333335
heat_churn_republish,1,2000,0,5,3,20,10,60,0,300,750,14.738666666666667,1.816,2050.3705,4024.7971000000002,19.976,5.358666666666666,2061.056,4035.0858,0.9666666666666667,0.9666666666666667,0.9986666666666667,0.9679572763684913,0.9666666666666667,0.5137333333333334,0.3907889358223191,0.3907889358223191,2.5631557432892764,12.541,85.2,1.0,10,3.028,260.37333333333333
heat_churn_republish,2,2000,0,5,3,20,10,60,0,300,750,14.738666666666667,1.8613333333333333,2051.2015,4024.7275,20.229333333333333,5.413333333333333,2060.005,4038.3314,0.9626666666666667,0.9626666666666667,0.9906666666666667,0.971736204576043,0.9706666666666667,0.4996,0.39659839393665974,0.39659839393665974,2.586393575746639,12.557603015075376,85.3,1.0,10,3.0465,261.41
heat_churn_republish,3,2000,0,5,3,20,10,60,0,300,750,14.622666666666667,1.8346666666666667,2051.293,4022.3457000000003,20.16,5.350666666666666,2061.0245,4047.6762000000003,0.9586666666666667,0.9586666666666667,0.9853333333333333,0.9702300405953992,0.9746666666666667,0.5030666666666667,0.39657515629247075,0.39657515629247075,2.586300625169883,12.559,85.2,1.0,10,3.03,260.21
heat_churn_republish,1,2000,0,5,3,2,10,120,0,300,750,13.737333333333334,1.524,64.9575,1030.5179,16.834666666666667,3.0533333333333332,65.3125,1031.3504,1.0,1.0,1.0,1.0,1.0,0.9848,0.012597509569262077,0.012597509569262077,1.0503900382770484,12.792,85.2,1.0,10,0.2995,39.35333333333333
heat_churn_republish,2,2000,0,5,3,2,10,120,0,300,750,13.866666666666667,1.588,65.285,1030.6313,17.001333333333335,3.0853333333333333,65.5055,1030.7966999999999,1.0,1.0,1.0,1.0,1.0,0.9836,0.01238182079953928,0.01238182079953928,1.049527283198157,12.781703517587939,85.3,1.0,10,0.3005,39.376666666666665
heat_churn_republish,3,2000,0,5,3,2,10,120,0,300,750,13.709333333333333,1.5386666666666666,64.2185,1030.4742,16.793333333333333,3.0533333333333332,64.455,1030.5557,1.0,1.0,1.0,1.0,0.9986666666666667,0.9826666666666667,0.012726477874386749,0.012726477874386749,1.050905911497547,12.669,85.2,1.0,10,0.3005,39.89333333333333
heat_churn_republish,1,2000,0,5,3,2,10,15,0,300,750,13.889333333333333,1.5946666666666667,64.7635,1029.7338,16.738666666666667,3.037333333333333,64.6665,1018.1005,1.0,1.0,1.0,1.0,1.0,0.9853333333333333,0.011066544242014208,0.011066544242014208,1.0442661769680568,12.688,85.2,1.0,10,0.2995,161.33
heat_churn_republish,2,2000,0,5,3,2,10,15,0,300,750,13.789333333333333,1.5493333333333332,64.984,1019.3081999999999,16.841333333333335,3.042666666666667,65.1555,1031.7557,1.0,1.0,1.0,1.0,0.9986666666666667,0.984,0.011889227200231984,0.011889227200231984,1.047556908800928,12.757,85.3,1.0,10,0.3,163.22
heat_churn_republish,3,2000,0,5,3,2,10,15,0,300,750,13.774666666666667,1.564,64.888,1029.8062,16.829333333333334,3.041333333333333,64.939,1018.1321999999999,1.0,1.0,1.0,1.0,1.0,0.9845333333333334,0.011561532507739938,0.011561532507739938,1.0462461300309598,12.714,85.2,1.0,10,0.3,162.48333333333332
heat_churn_republish,1,2000,0,5,3,2,10,300,0,300,750,13.772,1.5413333333333334,64.391,1005.8091999999999,16.858666666666668,3.1,64.698,1030.8599,1.0,1.0,1.0,1.0,1.0,0.9877333333333334,0.012301433552886478,0.012301433552886478,1.049205734211546,12.656,85.2,1.0,10,0.3005,28.073333333333334
heat_churn_republish,2,2000,0,5,3,2,10,300,0,300,750,13.781333333333333,1.596,64.532,1029.7287,16.861333333333334,3.1093333333333333,64.85,1030.9376,1.0,1.0,1.0,1.0,1.0,0.9849333333333333,0.012687651331719129,0.012687651331719129,1.0507506053268765,12.649,85.3,1.0,10,0.3005,27.946666666666665
heat_churn_republish,3,2000,0,5,3,2,10,300,0,300,750,13.706666666666667,1.536,63.834,1028.9623000000001,16.918666666666667,3.1173333333333333,64.2465,1031.9699,1.0,1.0,1.0,1.0,1.0,0.9853333333333333,0.012360040715428238,0.012360040715428238,1.049440162861713,12.556,85.2,1.0,10,0.3,28.086666666666666
heat_churn_republish,1,2000,0,5,3,2,10,30,0,300,750,13.717333333333332,1.516,64.816,1020.505,16.917333333333332,3.036,65.4925,1030.8204,1.0,1.0,1.0,1.0,1.0,0.9844,0.011836320595197836,0.011836320595197836,1.0473452823807914,12.782,85.3,1.0,10,0.3005,93.32
heat_churn_republish,2,2000,0,5,3,2,10,30,0,300,750,13.832,1.5933333333333333,65.2825,1030.1973,16.869333333333334,3.058666666666667,65.4175,1031.2411,1.0,1.0,1.0,1.0,1.0,0.9842666666666666,0.012396295581709434,0.012396295581709434,1.0495851823268378,12.782442211055274,85.3,1.0,10,0.3,92.97
heat_churn_republish,3,2000,0,5,3,2,10,30,0,300,750,13.818666666666667,1.5773333333333333,64.686,1030.4686,16.792,3.0453333333333332,65.154,1030.8487,1.0,1.0,1.0,1.0,0.9986666666666667,0.9834666666666667,0.012914772177614395,0.012914772177614395,1.0516590887104575,12.763,85.2,1.0,10,0.3,92.89333333333333
heat_churn_republish,1,2000,0,5,3,2,10,3600,0,300,750,13.896,1.5853333333333333,64.0725,1018.5204,17.024,3.148,64.1435,1031.9333000000001,1.0,1.0,1.0,1.0,1.0,0.9852,0.01248259638004705,0.01248259638004705,1.0499303855201882,12.524,85.2,1.0,10,0.2995,24.55666666666667
heat_churn_republish,2,2000,0,5,3,2,10,3600,0,300,750,13.761333333333333,1.5386666666666666,63.4125,1030.9768000000001,17.098666666666666,3.2026666666666666,63.9415,1031.0623,1.0,1.0,1.0,1.0,0.9973333333333333,0.9832,0.013161066383840332,0.013161066383840332,1.0526442655353614,12.472,85.3,1.0,10,0.2995,24.336666666666666
heat_churn_republish,3,2000,0,5,3,2,10,3600,0,300,750,13.761333333333333,1.5666666666666667,63.702,1030.0068,16.904,3.1693333333333333,63.8805,1032.8468,1.0,1.0,1.0,1.0,1.0,0.9838666666666667,0.01265638638347396,0.01265638638347396,1.0506255455338958,12.525,85.2,1.0,10,0.3005,24.55666666666667
heat_churn_republish,1,2000,0,5,3,2,10,60,0,300,750,13.773333333333333,1.5693333333333332,64.8915,1019.3876,16.76,3.0453333333333332,65.002,1030.9646,1.0,1.0,1.0,1.0,1.0,0.9844,0.012999611951882033,0.012999611951882033,1.0519984478075282,12.784,85.2,1.0,10,0.3005,57.983333333333334
heat_churn_republish,2,2000,0,5,3,2,10,60,0,300,750,13.752,1.5586666666666666,65.3895,1032.0402,16.926666666666666,3.056,66.361,1031.3688,1.0,1.0,1.0,1.0,1.0,0.9832,0.013322392238258434,0.013322392238258434,1.0532895689530337,12.925,85.3,1.0,10,0.3,58.026666666666664
heat_churn_republish,3,2000,0,5,3,2,10,60,0,300,750,13.766666666666667,1.5946666666666667,65.3945,1031.3314,16.804,3.042666666666667,65.703,1019.4999,1.0,1.0,1.0,1.0,1.0,0.9829333333333333,0.012641673931996512,0.012641673931996512,1.050566695727986,12.906,85.2,1.0,10,0.2995,58.07666666666667
heat_churn_republish,1,2000,0,5,3,40,10,120,0,300,750,13.761333333333333,1.2026666666666668,4023.2735,5064.7677,23.149333333333335,9.096,4024.422,5088.9654,0.20666666666666667,0.20666666666666667,0.308,0.658008658008658,0.3466666666666667,0.14533333333333334,0.7054791237236949,0.7054791237236949,3.8219164948947797,12.537,85.2,1.0,10,6.1575,369.29333333333335
heat_churn_republish,2,2000,0,5,3,40,10,120,0,300,750,13.488,1.0773333333333333,4022.9825,5056.6374000000005,22.896,9.188,4023.1885,5066.8187,0.21066666666666667,0.21066666666666667,0.30266666666666664,0.6784140969162996,0.30266666666666664,0.13493333333333332,0.699661714958082,0.699661714958082,3.798646859832328,12.52,85.3,1.0,10,6.1495,352.78
heat_churn_republish,3,2000,0,5,3,40,10,120,0,300,750,13.762666666666666,1.192,3108.853,5070.579299999999,22.605333333333334,9.122666666666667,4022.0015,5056.7251,0.21066666666666667,0.21066666666666667,0.324,0.6460905349794238,0.368,0.1488,0.6897327982773809,0.6897327982773809,3.7589311931095235,12.519,85.2,1.0,10,6.1295,354.7866666666667
heat_churn_republish,1,2000,0,5,3,40,10,15,0,300,750,13.886666666666667,1.2133333333333334,4022.8055,5079.9255,21.8,8.297333333333333,4022.185,5048.1673,0.44133333333333336,0.44133333333333336,0.8906666666666667,0.48353293413173654,0.36133333333333334,0.1564,0.6833803913932431,0.6833803913932431,3.7335215655729725,12.574,85.2,1.0,10,6.0855,403.24333333333334
heat_churn_republish,2,2000,0,5,3,40,10,15,0,300,750,13.669333333333332,1.1986666666666668,4020.984,5054.8378,22.217333333333332,8.322666666666667,4022.718,5056.5842,0.4666666666666667,0.4666666666666667,0.908,0.5022026431718062,0.3626666666666667,0.1548,0.6791950853770619,0.6791950853770619,3.7167803415082474,12.590160804020101,85.3,1.0,10,6.1005,408.88
heat_churn_republish,3,2000,0,5,3,40,10,15,0,300,750,13.828,1.224,4022.5835,5056.660900000001,22.065333333333335,8.341333333333333,4023.6875,5056.6044,0.432,0.432,0.9133333333333333,0.46277372262773725,0.35733333333333334,0.15360000000000001,0.6847657762291909,0.6847657762291909,3.7390631049167635,12.561,85.2,1.0,10,6.081,414.06333333333333
heat_churn_republish,1,2000,0,5,3,40,10,300,0,300,750,14.041333333333334,1.2653333333333334,4023.1855,5083.8342,23.133333333333333,9.2,4023.63,5083.524,0.18266666666666667,0.18266666666666667,0.24666666666666667,0.7405405405405405,0.3586666666666667,0.1468,0.6942471760163957,0.6942471760163957,3.776988704065583,12.546,85.2,1.0,10,6.105,360.9
heat_churn_republish,2,2000,0,5,3,40,10,300,0,300,750,13.742666666666667,1.1546666666666667,4023.245,5054.9597,22.886666666666667,9.282666666666668,4023.393,5048.4114,0.15866666666666668,0.15866666666666668,0.25333333333333335,0.6263157894736842,0.33866666666666667,0.14413333333333334,0.6967820575329108,0.6967820575329108,3.787128230131643,12.50762311557789,85.3,1.0,10,6.1205,355.44666666666666
heat_churn_republish,3,2000,0,5,3,40,10,300,0,300,750,13.557333333333334,1.148,4022.39,5056.214099999999,23.222666666666665,9.222666666666667,4023.987,5083.6632,0.17733333333333334,0.17733333333333334,0.25466666666666665,0.6963350785340314,0.33066666666666666,0.1452,0.6945519643893943,0.6945519643893943,3.778207857557577,12.545,85.2,1.0,10,6.0925,354.99666666666667
heat_churn_republish,1,2000,0,5,3,40,10,30,0,300,750,13.672,1.1733333333333333,4022.5425,5054.3607,22.478666666666665,8.68,4023.6065,5060.025,0.33066666666666666,0.33066666666666666,0.6613333333333333,0.4798387096774194,0.348,0.14773333333333333,0.6916953841673543,0.6916953841673543,3.7667815366694173,12.526,85.2,1.0,10,6.0805,375.4633333333333
heat_churn_republish,2,2000,0,5,3,40,10,30,0,300,750,13.712,1.2093333333333334,4022.59,5058.4642,22.530666666666665,8.541333333333334,4024.131,5068.5566,0.3546666666666667,0.3546666666666667,0.7,0.4857142857142857,0.33066666666666666,0.14986666666666668,0.6898825567963034,0.6898825567963034,3.7595302271852136,12.546,85.3,1.0,10,6.097,366.96
heat_churn_republish,3,2000,0,5,3,40,10,30,0,300,750,13.757333333333333,1.2346666666666666,4022.3375,5057.4447,22.325333333333333,8.630666666666666,4022.775,5059.9299,0.352,0.352,0.6853333333333333,0.4883268482490272,0.36533333333333334,0.1548,0.6823546553985138,0.6823546553985138,3.7294186215940552,12.530929648241207,85.2,1.0,10,6.052,374.9633333333333
heat_churn_republish,1,2000,0,5,3,40,10,3600,0,300,750,13.596,1.1946666666666668,4021.4485,5053.618,23.346666666666668,9.237333333333334,4023.095,5197.547200000022,0.176,0.176,0.25733333333333336,0.6839378238341969,0.384,0.15533333333333332,0.6921892295105635,0.6921892295105635,3.768756918042254,12.503567839195979,85.2,1.0,10,6.1015,365.02666666666664
heat_churn_republish,2,2000,0,5,3,40,10,3600,0,300,750,13.74,1.212,4022.2035,5048.5237,22.88533333333333,9.168,3086.351,5068.624,0.17866666666666667,0.17866666666666667,0.244,0.73224043715847,0.3466666666666667,0.1472,0.6814451512649929,0.6814451512649929,3.7257806050599718,12.488,85.3,1.0,10,6.1205,354.11
heat_churn_republish,3,2000,0,5,3,40,10,3600,0,300,750,14.005333333333333,1.228,4020.211,5067.0397,23.154666666666667,9.249333333333333,4022.9325,5093.6098,0.17066666666666666,0.17066666666666666,0.22933333333333333,0.7441860465116279,0.34,0.14666666666666667,0.6941671045717288,0.6941671045717288,3.7766684182869152,12.459582914572865,85.2,1.0,10,6.1005,355.66
heat_churn_republish,1,2000,0,5,3,40,10,60,0,300,750,13.684,1.1573333333333333,4023.6035,5067.852400000001,22.80666666666667,8.829333333333333,4023.514,5092.5082999999995,0.27466666666666667,0.27466666666666667,0.436,0.6085626911314985,0.33866666666666667,0.13933333333333334,0.698158681191555,0.698158681191555,3.79263472476622,12.508231155778894,85.2,1.0,10,6.0685,358.24666666666667
heat_churn_republish,2,2000,0,5,3,40,10,60,0,300,750,13.908,1.2346666666666666,4022.8405,5054.7612,23.32133333333333,8.926666666666666,4024.7935,6042.9093,0.2613333333333333,0.2613333333333333,0.42533333333333334,0.6018808777429467,0.39866666666666667,0.15986666666666666,0.6883214773637348,0.6883214773637348,3.7532859094549393,12.526120603015075,85.3,1.0,10,6.072,368.74333333333334
heat_churn_republish,3,2000,0,5,3,40,10,60,0,300,750,13.550666666666666,1.1653333333333333,3057.8845,5047.6674,22.748,8.949333333333334,4023.8575,5056.2519,0.244,0.244,0.4146666666666667,0.5787781350482315,0.36666666666666664,0.15213333333333334,0.6875975039001561,0.6875975039001561,3.7503900156006242,12.53,85.2,1.0,10,6.0805,361.3466666666667
heat_churn_republish,1,2000,0,5,3,5,10,120,0,300,750,13.650666666666666,1.5306666666666666,69.393,1056.4153000000001,16.945333333333334,3.1706666666666665,74.627,1056.906,1.0,1.0,1.0,1.0,1.0,0.9497333333333333,0.04059507025134912,0.04059507025134912,1.1623802810053965,12.89208040201005,85.2,1.0,10,0.752,75.08
heat_churn_republish,2,2000,0,5,3,5,10,120,0,300,750,13.741333333333333,1.536,66.05,1053.8047,16.898666666666667,3.164,73.7795,1054.3523,1.0,1.0,1.0,1.0,1.0,0.9509333333333333,0.03741447081088951,0.03741447081088951,1.149657883243558,12.451,85.3,1.0,10,0.7515,74.72666666666667
heat_churn_republish,3,2000,0,5,3,5,10,120,0,300,750,13.64,1.5093333333333334,67.31,1054.0493000000001,16.802666666666667,3.1693333333333333,68.259,1056.9558,1.0,1.0,1.0,1.0,1.0,0.9521333333333334,0.037839159129797115,0.037839159129797115,1.1513566365191885,12.823,85.2,1.0,10,0.7505,74.96333333333334
heat_churn_republish,1,2000,0,5,3,5,10,15,0,300,750,13.694666666666667,1.5346666666666666,65.388,1052.901,16.888,3.12,67.499,1054.5755,1.0,1.0,1.0,1.0,0.9986666666666667,0.9549333333333333,0.03597611302616886,0.03597611302616886,1.1439044521046755,12.521,85.2,1.0,10,0.752,196.73666666666668
heat_churn_republish,2,2000,0,5,3,5,10,15,0,300,750,13.681333333333333,1.52,65.7265,1048.6459000000002,16.850666666666665,3.1333333333333333,66.6165,1054.2496999999998,1.0,1.0,1.0,1.0,0.9973333333333333,0.9553333333333334,0.03406491800087595,0.03406491800087595,1.1362596720035039,12.548,85.3,1.0,10,0.7505,195.43666666666667
heat_churn_republish,3,2000,0,5,3,5,10,15,0,300,750,13.805333333333333,1.5426666666666666,66.2805,1053.3413,16.858666666666668,3.1306666666666665,66.1065,1047.1164,0.9986666666666667,0.9986666666666667,1.0,0.9986666666666667,1.0,0.9548,0.034527845036319615,0.034527845036319615,1.1381113801452785,12.493,85.2,1.0,10,0.752,197.15333333333334
heat_churn_republish,1,2000,0,5,3,5,10,300,0,300,750,13.522666666666666,1.492,67.5515,1054.0388,16.932,3.2773333333333334,72.585,1056.1751000000002,1.0,1.0,1.0,1.0,1.0,0.9542666666666667,0.03861060687828092,0.03861060687828092,1.1544424275131238,12.925,85.2,1.0,10,0.752,64.04
heat_churn_republish,2,2000,0,5,3,5,10,300,0,300,750,13.8,1.568,72.9675,1055.2757,17.081333333333333,3.336,74.164,1055.729,1.0,1.0,1.0,1.0,0.9986666666666667,0.9488,0.03891766300401762,0.03891766300401762,1.1556706520160704,12.793,85.3,1.0,10,0.7515,63.593333333333334
heat_churn_republish,3,2000,0,5,3,5,10,300,0,300,750,13.684,1.5186666666666666,67.243,1055.362,16.928,3.2786666666666666,68.904,1054.2251999999999,0.9986666666666667,0.9986666666666667,1.0,0.9986666666666667,1.0,0.9498666666666666,0.03673170731707317,0.03673170731707317,1.1469268292682926,12.826,85.2,1.0,10,0.7515,64.12333333333333
heat_churn_republish,1,2000,0,5,3,5,10,30,0,300,750,13.749333333333333,1.5506666666666666,67.231,1054.8046000000002,16.958666666666666,3.1253333333333333,68.1685,1054.9046,1.0,1.0,1.0,1.0,1.0,0.9513333333333334,0.03601295499589114,0.03601295499589114,1.1440518199835645,12.469,85.2,1.0,10,0.752,128.47666666666666
heat_churn_republish,2,2000,0,5,3,5,10,30,0,300,750,13.688,1.536,65.6855,1055.2958,16.88533333333333,3.136,72.3855,1053.6183,1.0,1.0,1.0,1.0,1.0,0.9505333333333333,0.03727281562834095,0.03727281562834095,1.1490912625133638,12.494,85.3,1.0,10,0.752,129.14666666666668
heat_churn_republish,3,2000,0,5,3,5,10,30,0,300,750,13.718666666666667,1.5866666666666667,65.817,1055.1488,16.894666666666666,3.1293333333333333,67.4095,1054.4718,1.0,1.0,1.0,1.0,0.9986666666666667,0.9526666666666667,0.03750060641342842,0.03750060641342842,1.1500024256537136,12.467,85.2,1.0,10,0.751,128.35333333333332
heat_churn_republish,1,2000,0,5,3,5,10,3600,0,300,750,13.617333333333333,1.516,66.921,1047.3229000000001,17.249333333333333,3.525333333333333,73.261,1054.8041,1.0,1.0,1.0,1.0,1.0,0.9541333333333334,0.0362332975714425,0.0362332975714425,1.14493319028577,12.878,85.2,1.0,10,0.751,61.27
heat_churn_republish,2,2000,0,5,3,5,10,3600,0,300,750,13.736,1.5413333333333334,68.936,1055.1317,17.428,3.624,74.0445,1056.7578999999998,1.0,1.0,1.0,1.0,0.9986666666666667,0.952,0.037375938029532804,0.037375938029532804,1.1495037521181313,12.789,85.3,1.0,10,0.7515,60.88
heat_churn_republish,3,2000,0,5,3,5,10,3600,0,300,750,13.628,1.5266666666666666,68.471,1048.842,17.294666666666668,3.604,73.9315,1054.8741,1.0,1.0,1.0,1.0,1.0,0.9461333333333334,0.03880130801893699,0.03880130801893699,1.155205232075748,12.781,85.2,1.0,10,0.7515,61.06666666666667
heat_churn_republish,1,2000,0,5,3,5,10,60,0,300,750,13.708,1.4773333333333334,65.6185,1054.1784,16.802666666666667,3.1533333333333333,66.746,1054.0086000000001,1.0,1.0,1.0,1.0,1.0,0.9505333333333333,0.03635831952432011,0.03635831952432011,1.1454332780972805,12.502,85.2,1.0,10,0.7515,93.79333333333334
heat_churn_republish,2,2000,0,5,3,5,10,60,0,300,750,13.724,1.56,64.6695,1053.2325,16.929333333333332,3.1533333333333333,74.1325,1054.583,1.0,1.0,1.0,1.0,1.0,0.952,0.0367030303030303,0.0367030303030303,1.1468121212121212,12.517,85.3,1.0,10,0.7515,93.23666666666666
heat_churn_republish,3,2000,0,5,3,5,10,60,0,300,750,13.665333333333333,1.5,68.865,1055.2963,16.845333333333333,3.144,67.9505,1057.3775,1.0,1.0,1.0,1.0,0.9986666666666667,0.9514666666666667,0.03766138855054811,0.03766138855054811,1.1506455542021925,12.813,85.2,1.0,10,0.752,93.63666666666667
heat_latency_loss,1,2000,0,0,3,0,60,3600,0,0,300,13.776666666666667,1.5966666666666667,3.197,3.8994,16.82,3,3.816,4.413900000000001,1.0,1.0,1.0,1.0,1.0,0.999,0.0,0.0,1.0,0.591,85.2,1.0,10,0.0,0.0
heat_latency_loss,2,2000,0,0,3,0,60,3600,0,0,300,13.73,1.59,3.3055,3.9722000000000004,16.813333333333333,3,3.9165,4.5962,1.0,1.0,1.0,1.0,0.9966666666666667,0.9993333333333333,0.0,0.0,1.0,0.603,85.2,1.0,10,0.0,0.0
heat_latency_loss,3,2000,0,0,3,0,60,3600,0,0,300,13.88,1.59,3.313,3.9854000000000003,16.94333333333333,3,3.953,4.5941,1.0,1.0,1.0,1.0,1.0,0.9993333333333333,0.0,0.0,1.0,0.606,85.2,1.0,10,0.0,0.0
heat_latency_loss,1,2000,0.1,0,3,0,60,3600,0,0,300,13.673333333333334,1.6433333333333333,205.341,603.7185999999999,16.866666666666667,3,401.9325,603.9511,1.0,1.0,1.0,1.0,1.0,0.9986666666666667,0.0002420721374969741,0.0002420721374969741,1.2323892519970951,0.102,85.2,1.0,10,0.0,0.0
heat_latency_loss,2,2000,0.1,0,3,0,60,3600,0,0,300,13.426666666666666,1.6,203.558,603.6397,16.65,3,205.5645,603.3369,1.0,1.0,1.0,1.0,0.9966666666666667,0.9993333333333333,0.0,0.0,1.2343961590545365,0.104,85.3,1.0,10,0.0,0.0
heat_latency_loss,3,2000,0.1,0,3,0,60,3600,0,0,300,13.67,1.67,401.8615,604.2518,16.576666666666668,3,401.8295,604.0173000000001,1.0,1.0,1.0,1.0,1.0,1.0,0.00024467824810374357,0.00024467824810374357,1.243210178615121,0.135,85.2,1.0,10,0.0,0.0
heat_latency_loss,1,2000,0.2,0,3,0,60,3600,0,0,300,13.556666666666667,1.75,604.0315,1006.9369,16.473333333333333,3,604.622,1007.2012,1.0,1.0,1.0,1.0,1.0,0.9996666666666667,0.006905907016894809,0.006905907016894809,1.5481563694660254,0.122,85.2,1.0,10,0.0,0.0
heat_latency_loss,2,2000,0.2,0,3,0,60,3600,0,0,300,13.433333333333334,1.6566666666666667,603.875,1006.6984,16.51,3,604.8865,1007.113,1.0,1.0,1.0,1.0,0.9966666666666667,0.999,0.0065569714215019176,0.0065569714215019176,1.551527898057652,0.13,85.3,1.0,10,0.0,0.0
heat_latency_loss,3,2000,0.2,0,3,0,60,3600,0,0,300,13.506666666666666,1.73,604.1785,1007.3401,16.493333333333332,3,604.691,1205.4595,1.0,1.0,1.0,1.0,1.0,0.9986666666666667,0.007901234567901235,0.007901234567901235,1.568148148148148,0.146,85.2,1.0,10,0.0,0.0
heat_latency_loss,1,2000,0.3,0,3,0,60,3600,0,0,300,13.406666666666666,1.7233333333333334,1006.56,1608.6148,16.46,3,1006.8785,1609.8726000000001,1.0,1.0,1.0,1.0,1.0,1.0,0.031141439205955336,0.031141439205955336,1.9560794044665013,1.1198542713567823,85.2,1.0,10,0.0,0.0
heat_latency_loss,2,2000,0.3,0,3,0,60,3600,0,0,300,13.46,1.6766666666666667,1006.9375,1609.1178,16.366666666666667,3,1007.6765,1609.0644,1.0,1.0,1.0,1.0,0.9966666666666667,0.9996666666666667,0.03392147117296223,0.03392147117296223,1.974403578528827,200.1007286432161,85.2,1.0,10,0.0,0.0
heat_latency_loss,3,2000,0.3,0,3,0,60,3600,0,0,300,13.49,1.7133333333333334,1206.1315,1609.9132,16.52,3,1009.224,1609.6728,1.0,1.0,1.0,1.0,1.0,1.0,0.03418486980130816,0.03418486980130816,1.9788967049241022,1.2324824120602997,85.2,1.0,10,0.0,0.0
heat_latency_loss,1,2000,0.4,0,3,0,60,3600,0,0,300,13.48,1.7366666666666666,1610.496,2213.2297999999996,16.53,3,1609.4285,2411.4462999999996,1.0,1.0,1.0,1.0,1.0,0.999,0.10070344316919659,0.10070344316919659,2.462297914352709,201.069,85.2,1.0,10,0.0,0.0
heat_latency_loss,2,2000,0.4,0,3,0,60,3600,0,0,300,13.303333333333333,1.7366666666666666,1710.7495,2411.6139,16.473333333333333,3,1610.1835,2235.1322000000046,1.0,1.0,1.0,1.0,0.9966666666666667,0.9996666666666667,0.10867670857711938,0.10867670857711938,2.4766587825220965,201.07646231155778,85.3,1.0,10,0.0,0.0
heat_latency_loss,3,2000,0.4,0,3,0,60,3600,0,0,300,13.34,1.67,1610.291,2215.2403999999997,16.573333333333334,3,1611.6055,2411.7787999999996,1.0,1.0,1.0,1.0,1.0,0.9996666666666667,0.10688630170918999,0.10688630170918999,2.4902155065642804,201.085,85.2,1.0,10,0.0,0.0
heat_latency_loss,1,2000,0.5,0,3,0,60,3600,0,0,300,13.493333333333334,1.7266666666666666,2411.8305,3217.8053999999997,16.826666666666668,3,2214.7245,3217.8194,1.0,1.0,1.0,1.0,1.0,0.9993333333333333,0.2382869692532943,0.2382869692532943,3.0374572962420694,201.459,85.2,1.0,10,0.0,0.0
heat_latency_loss,2,2000,0.5,0,3,0,60,3600,0,0,300,13.53,1.7166666666666666,2412.26,3017.9563,16.626666666666665,3,2413.1545,3018.2864,1.0,1.0,1.0,1.0,0.9966666666666667,0.9993333333333333,0.23775622928685405,0.23775622928685405,3.0616177734135266,201.48710050251256,85.3,1.0,10,0.0,0.0
heat_latency_loss,3,2000,0.5,0,3,0,60,3600,0,0,300,13.543333333333333,1.7266666666666666,2214.7715,3018.0406000000003,16.653333333333332,3,2214.345,3217.4048,1.0,1.0,1.0,1.0,1.0,0.9993333333333333,0.23483270008579482,0.23483270008579482,3.0422845937002085,201.4586834170854,85.2,1.0,10,0.0,0.0
heat_latency_loss,1,2000,0.6,0,3,0,60,3600,0,0,300,14.336666666666666,1.9033333333333333,3019.2905,4222.5859,17.283333333333335,3,3017.5345,4223.489,1.0,1.0,1.0,1.0,1.0,1.0,0.4018169112508735,0.4018169112508735,3.591194968553459,202.38490452261306,85.2,1.0,10,0.0,0.0
heat_latency_loss,2,2000,0.6,0,3,0,60,3600,0,0,300,14.136666666666667,1.8066666666666666,3017.548,4224.5705,17.66,3,3217.997,4624.9706,1.0,1.0,1.0,1.0,0.9933333333333333,0.9976666666666667,0.4200717675656905,0.4200717675656905,3.6337539067021645,202.0345125628141,85.2,1.0,10,0.0,0.0
heat_latency_loss,3,2000,0.6,0,3,0,60,3600,0,0,300,14.676666666666666,1.9466666666666668,3217.326,4423.8958,17.363333333333333,3,3020.086,4244.762200000005,1.0,1.0,1.0,1.0,0.9966666666666667,0.9963333333333333,0.418732782369146,0.418732782369146,3.6426767676767677,203.17988442211055,85.2,1.0,10,0.0,0.0
heat_latency_loss,1,2000,0.7,0,3,0,60,3600,0,0,300,16.463333333333335,2.1766666666666667,4024.888,6238.3842,19.1,3.21,4025.039,5834.9598,0.97,0.97,1.0,0.97,0.9733333333333334,0.9733333333333334,0.6150834535338966,0.6150834535338966,4.1521739130434785,401.9037688442211,85.2,1.0,10,0.0,0.0
heat_latency_loss,2,2000,0.7,0,3,0,60,3600,0,0,300,16.596666666666668,2.21,4224.068,6636.7368,19.62,3.1633333333333336,4025.6845,6436.800200000001,0.9766666666666667,0.9766666666666667,1.0,0.9766666666666667,0.9566666666666667,0.9583333333333334,0.6285800726099233,0.6285800726099233,4.184550221863654,401.86900502512566,85.2,1.0,10,0.0,0.0
heat_latency_loss,3,2000,0.7,0,3,0,60,3600,0,0,300,16.423333333333332,2.14,4224.1395,6433.8241,19.60333333333333,3.0933333333333333,4224.5315,6233.5635,0.9866666666666667,0.9866666666666667,1.0,0.9866666666666667,0.9666666666666667,0.9546666666666667,0.6253036437246964,0.6253036437246964,4.178238866396761,401.9231909547739,85.2,1.0,10,0.0,0.0
heat_latency_loss,1,2000,0.8,0,3,0,60,3600,0,0,300,17.013333333333332,1.77,5028.687,7865.542500000005,21.813333333333333,4.843333333333334,5029.0025,7642.7413,0.7366666666666667,0.7366666666666667,1.0,0.7366666666666667,0.5633333333333334,0.5553333333333333,0.8121628249141736,0.8121628249141736,4.6097106424718,402.2238090452261,85.2,1.0,10,0.0,0.0
heat_latency_loss,2,2000,0.8,0,3,0,60,3600,0,0,300,16.96,1.65,5029.01,7668.814700000004,21.976666666666667,4.87,5029.06,8046.442599999999,0.7333333333333333,0.7333333333333333,1.0,0.7333333333333333,0.48,0.48533333333333334,0.8100782778864971,0.8100782778864971,4.605577299412916,402.1496231155779,85.3,1.0,10,0.0,0.0
heat_latency_loss,3,2000,0.8,0,3,0,60,3600,0,0,300,16.72,1.5966666666666667,5027.485,8043.3815,21.956666666666667,4.9366666666666665,5028.1685,7664.316900000004,0.7233333333333334,0.7233333333333334,1.0,0.7233333333333334,0.5433333333333333,0.5336666666666666,0.8179213594151353,0.8179213594151353,4.6215174866627144,402.1481658291457,85.2,1.0,10,0.0,0.0
heat_latency_loss,1,2000,0,100,3,0,60,3600,0,0,300,13.776666666666667,1.6,1012.383,1214.3475,17.01,3,1012.675,1215.8253,1.0,1.0,1.0,1.0,1.0,0.9996666666666667,0.0,0.0,1.9899232245681382,202.368,85.2,1.0,10,0.0,0.0
heat_latency_loss,2,2000,0,100,3,0,60,3600,0,0,300,13.766666666666667,1.5866666666666667,1012.6855,1214.7961,16.84,3,1012.7905,1215.4058,1.0,1.0,1.0,1.0,0.9966666666666667,0.9996666666666667,0.0,0.0,1.9888915720840377,202.406,85.2,1.0,10,0.0,0.0
heat_latency_loss,3,2000,0,100,3,0,60,3600,0,0,300,13.893333333333333,1.57,1012.2845,1214.4398,16.856666666666666,3,1012.2305,1214.6833000000001,1.0,1.0,1.0,1.0,1.0,1.0,0.0,0.0,1.9865465465465466,202.31991457286432,85.2,1.0,10,0.0,0.0
heat_latency_loss,1,2000,0.1,100,3,0,60,3600,0,0,300,13.95,1.6666666666666667,1213.624,1612.8016,16.95,3,1214.977,1615.0896,1.0,1.0,1.0,1.0,1.0,0.9986666666666667,0.0015531660692951015,0.0015531660692951015,2.216009557945042,202.506,85.2,1.0,10,0.0,0.0
heat_latency_loss,2,2000,0.1,100,3,0,60,3600,0,0,300,13.663333333333334,1.59,1213.465,1614.2253999999998,16.85,3,1214.0155,1614.5617,1.0,1.0,1.0,1.0,0.9966666666666667,0.999,0.001938454082868912,0.001938454082868912,2.2214683789677734,202.486,85.3,1.0,10,0.0,0.0
heat_latency_loss,3,2000,0.1,100,3,0,60,3600,0,0,300,13.9,1.59,1214.2435,1615.1138,16.716666666666665,3,1213.6065,1417.8715,1.0,1.0,1.0,1.0,1.0,0.999,0.000724200362100181,0.000724200362100181,2.216173808086904,202.513,85.2,1.0,10,0.0,0.0
heat_latency_loss,1,2000,0.2,100,3,0,60,3600,0,0,300,13.78,1.67,1614.1855,2017.6561000000002,16.926666666666666,3,1615.231,2018.9233000000002,1.0,1.0,1.0,1.0,1.0,0.9996666666666667,0.015038498556304139,0.015038498556304139,2.5356111645813284,202.741,85.2,1.0,10,0.0,0.0
heat_latency_loss,2,2000,0.2,100,3,0,60,3600,0,0,300,13.66,1.61,1613.9525,2016.5783000000001,16.826666666666668,3,1614.5695,2018.5041999999999,1.0,1.0,1.0,1.0,0.9966666666666667,0.9993333333333333,0.017341741450400194,0.017341741450400194,2.5276497695852536,202.7693567839196,85.3,1.0,10,0.0,0.0
heat_latency_loss,3,2000,0.2,100,3,0,60,3600,0,0,300,13.6,1.6133333333333333,1613.642,2019.8789,16.833333333333332,3,1613.592,2017.6871999999998,1.0,1.0,1.0,1.0,1.0,0.9996666666666667,0.01652490886998785,0.01652490886998785,2.535115431348724,202.741,85.2,1.0,10,0.0,0.0
heat_latency_loss,1,2000,0.3,100,3,0,60,3600,0,0,300,13.723333333333333,1.7,2015.8555,2619.5993,16.78,3,2016.2415,2421.1586,1.0,1.0,1.0,1.0,1.0,0.9996666666666667,0.06411344079505514,0.06411344079505514,2.8796509513998303,203.422,85.2,1.0,10,0.0,0.0
heat_latency_loss,2,2000,0.3,100,3,0,60,3600,0,0,300,13.61,1.6133333333333333,2016.0795,2618.9761000000003,16.61,3,2015.943,2618.8917,1.0,1.0,1.0,1.0,0.9966666666666667,0.9993333333333333,0.0677198138623561,0.0677198138623561,2.898726426647073,203.4382512562814,85.2,1.0,10,0.0,0.0
heat_latency_loss,3,2000,0.3,100,3,0,60,3600,0,0,300,13.683333333333334,1.6833333333333333,2017.6755,2618.7257,16.66,3,2014.2345,2420.5742999999998,1.0,1.0,1.0,1.0,1.0,1.0,0.06826770693648665,0.06826770693648665,2.8849201511642084,203.395,85.2,1.0,10,0.0,0.0
heat_latency_loss,1,2000,0.4,100,3,0,60,3600,0,0,300,13.69,1.7,2617.42,3225.572,16.783333333333335,3,2421.956,3220.8861,1.0,1.0,1.0,1.0,1.0,0.999,0.1657364717301626,0.1657364717301626,3.3227371997088087,402.9977738693467,85.2,1.0,10,0.0,0.0
heat_latency_loss,2,2000,0.4,100,3,0,60,3600,0,0,300,13.546666666666667,1.6833333333333333,2419.7075,3220.5637,16.643333333333334,3,2418.9665,3220.7425,1.0,1.0,1.0,1.0,0.9966666666666667,0.9996666666666667,0.16121122961873238,0.16121122961873238,3.2921417187691553,402.9333768844221,85.3,1.0,10,0.0,0.0
heat_latency_loss,3,2000,0.4,100,3,0,60,3600,0,0,300,13.583333333333334,1.66,2418.683,3218.4971,16.553333333333335,3,2418.21,3023.7984,1.0,1.0,1.0,1.0,1.0,0.9996666666666667,0.16545878884657905,0.16545878884657905,3.279326864021619,402.90213567839197,85.2,1.0,10,0.0,0.0
heat_latency_loss,1,2000,0.5,100,3,0,60,3600,0,0,300,13.766666666666667,1.7,3020.696,3827.0381,17.25,3,3217.5665,4225.621099999999,1.0,1.0,1.0,1.0,1.0,1.0,0.3105294467578822,0.3105294467578822,3.7094586555621656,403.319,85.2,1.0,10,0.0,0.0
heat_latency_loss,2,2000,0.5,100,3,0,60,3600,0,0,300,14.013333333333334,1.8133333333333332,3120.839,4025.1211000000003,17.106666666666666,3,3022.3205,3827.6917000000003,1.0,1.0,1.0,1.0,0.9966666666666667,0.9996666666666667,0.30725462304409673,0.30725462304409673,3.7056661925082977,403.2681809045226,85.3,1.0,10,0.0,0.0
heat_latency_loss,3,2000,0.5,100,3,0,60,3600,0,0,300,14.063333333333333,1.81,3024.768,4027.7428999999997,16.803333333333335,3,3023.263,3825.2892,1.0,1.0,1.0,1.0,1.0,0.9993333333333333,0.3191387559808612,0.3191387559808612,3.732177033492823,403.3497989949749,85.2,1.0,10,0.0,0.0
heat_latency_loss,1,2000,0.6,100,3,0,60,3600,0,0,300,15.17,1.9766666666666666,3823.3885,5430.8814,17.94333333333333,3,3627.3825,5228.8605,1.0,1.0,1.0,1.0,1.0,0.9936666666666667,0.4867168474651317,0.4867168474651317,4.115784812928935,403.6822964824121,85.2,1.0,10,0.0,0.0
heat_latency_loss,2,2000,0.6,100,3,0,60,3600,0,0,300,15.356666666666667,1.95,3826.5995,5457.372000000005,18.453333333333333,3.046666666666667,3825.6055,5632.5818,0.9933333333333333,0.9933333333333333,1.0,0.9933333333333333,0.99,0.996,0.5059052985155488,0.5059052985155488,4.145519557915267,403.57572864321605,85.3,1.0,10,0.0,0.0
heat_latency_loss,3,2000,0.6,100,3,0,60,3600,0,0,300,15.19,1.9533333333333334,3825.3345,5235.7971,17.99,3.0233333333333334,3825.0595,5235.673,0.9966666666666667,0.9966666666666667,1.0,0.9966666666666667,0.99,0.991,0.4979551232452747,0.4979551232452747,4.146015253675252,403.7749095477387,85.2,1.0,10,0.0,0.0
heat_latency_loss,1,2000,0.7,100,3,0,60,3600,0,0,300,17.796666666666667,2.263333333333333,5029.165,7666.923000000004,21.04,3.3266666666666667,5027.0535,7445.388599999999,0.9533333333333334,0.9533333333333334,1.0,0.9533333333333334,0.8666666666666667,0.883,0.6825307425138458,0.6825307425138458,4.494602459401108,404.19898994974875,85.2,1.0,10,0.0,0.0
heat_latency_loss,2,2000,0.7,100,3,0,60,3600,0,0,300,17.463333333333335,2.1666666666666665,5026.6425,7445.5233,20.883333333333333,3.3266666666666667,5028.1945,7267.128400000004,0.9533333333333334,0.9533333333333334,1.0,0.9533333333333334,0.88,0.8853333333333333,0.6848467542356749,0.6848467542356749,4.48258138206739,404.022216080402,85.3,1.0,10,0.0,0.0
heat_latency_loss,3,2000,0.7,100,3,0,60,3600,0,0,300,17.30666666666667,2.1266666666666665,5025.556,7241.4042,20.65,3.3266666666666667,5027.9385,7042.5306,0.9533333333333334,0.9533333333333334,1.0,0.9533333333333334,0.87,0.8673333333333333,0.6821638271248436,0.6821638271248436,4.477909327172972,403.95117587939694,85.2,1.0,10,0.0,0.0
heat_latency_loss,1,2000,0.8,100,3,0,60,3600,0,0,300,16.07,1.4133333333333333,5025.2435,7848.3265,21.30666666666667,5.776666666666666,4630.4935,7463.618900000004,0.6033333333333334,0.6033333333333334,1.0,0.6033333333333334,0.35,0.3646666666666667,0.854535864978903,0.854535864978903,4.775,406.2572914572864,85.2,1.0,10,0.0,0.0
heat_latency_loss,2,2000,0.8,100,3,0,60,3600,0,0,300,16.313333333333333,1.47,5025.383,7847.1229,21.376666666666665,5.963333333333333,4826.7755,7064.152100000004,0.5766666666666667,0.5766666666666667,1.0,0.5766666666666667,0.43666666666666665,0.44533333333333336,0.8474469426350073,0.8474469426350073,4.758667787350284,404.0384773869347,85.3,1.0,10,0.0,0.0
heat_latency_loss,3,2000,0.8,100,3,0,60,3600,0,0,300,16.05,1.34,4828.1495,8247.4911,21.876666666666665,5.543333333333333,4830.3775,8068.841500000005,0.6366666666666667,0.6366666666666667,1.0,0.6366666666666667,0.42333333333333334,0.411,0.8454966546577457,0.8454966546577457,4.760885229027277,405.2290954773869,85.2,1.0,10,0.0,0.0
heat_latency_loss,1,2000,0,10,3,0,60,3600,0,0,300,13.853333333333333,1.5333333333333334,111.916,134.08939999999998,17.076666666666668,3,112.355,134.87680000000003,1.0,1.0,1.0,1.0,1.0,0.9996666666666667,0.0,0.0,1.0,22.316,85.2,1.0,10,0.0,0.0
heat_latency_loss,2,2000,0,10,3,0,60,3600,0,0,300,13.933333333333334,1.6166666666666667,111.8765,133.9123,16.79,3,111.539,134.4011,1.0,1.0,1.0,1.0,0.9966666666666667,0.9996666666666667,0.0,0.0,1.0,22.25289447236181,85.3,1.0,10,0.0,0.0
heat_latency_loss,3,2000,0,10,3,0,60,3600,0,0,300,13.866666666666667,1.6066666666666667,112.184,134.15120000000002,16.743333333333332,3,111.9125,134.64239999999998,1.0,1.0,1.0,1.0,1.0,1.0,0.0,0.0,1.0,22.312,85.2,1.0,10,0.0,0.0
heat_latency_loss,1,2000,0.1,10,3,0,60,3600,0,0,300,13.71,1.6533333333333333,402.0005,647.2232,16.736666666666668,3,446.386,669.5338,1.0,1.0,1.0,1.0,1.0,0.9996666666666667,0.00012144765606023804,0.00012144765606023804,1.232086470731115,22.427,85.2,1.0,10,0.0,0.0
heat_latency_loss,2,2000,0.1,10,3,0,60,3600,0,0,300,13.613333333333333,1.6166666666666667,413.0865,671.662,16.8,3,445.901,670.3235999999999,1.0,1.0,1.0,1.0,0.9966666666666667,0.999,0.00012159533073929961,0.00012159533073929961,1.2365029182879377,22.430658291457288,85.3,1.0,10,0.0,0.0
heat_latency_loss,3,2000,0.1,10,3,0,60,3600,0,0,300,13.586666666666666,1.63,424.655,670.8046999999999,16.65,3,424.1485,691.8936,1.0,1.0,1.0,1.0,1.0,0.9993333333333333,0.0,0.0,1.2432994737486232,22.458,85.2,1.0,10,0.0,0.0
heat_latency_loss,1,2000,0.2,10,3,0,60,3600,0,0,300,13.753333333333334,1.81,714.688,1143.7059000000006,16.47,3,693.292,1161.1725,1.0,1.0,1.0,1.0,1.0,0.9996666666666667,0.006734419003305988,0.006734419003305988,1.5440186114852454,22.645,85.2,1.0,10,0.0,0.0
heat_latency_loss,2,2000,0.2,10,3,0,60,3600,0,0,300,13.456666666666667,1.65,716.123,1138.9653,16.52,3,715.4035,1115.6448,1.0,1.0,1.0,1.0,0.9966666666666667,0.999,0.004077597924131966,0.004077597924131966,1.551711355492401,22.651,85.3,1.0,10,0.0,0.0
heat_latency_loss,3,2000,0.2,10,3,0,60,3600,0,0,300,13.616666666666667,1.7066666666666668,714.888,1140.0213999999999,16.45,3,715.565,1249.6826,1.0,1.0,1.0,1.0,1.0,1.0,0.006896551724137931,0.006896551724137931,1.563793103448276,22.689,85.2,1.0,10,0.0,0.0
heat_latency_loss,1,2000,0.3,10,3,0,60,3600,0,0,300,13.433333333333334,1.6933333333333334,1194.8865,1718.7155,16.49,3,1228.928,1676.386,1.0,1.0,1.0,1.0,1.0,0.9996666666666667,0.03379967809830382,0.03379967809830382,1.9668193636251083,23.692633165829147,85.2,1.0,10,0.0,0.0
heat_latency_loss,2,2000,0.3,10,3,0,60,3600,0,0,300,13.23,1.6466666666666667,1138.8815,1675.3089,16.456666666666667,3,1163.0735,1744.0258000000001,1.0,1.0,1.0,1.0,0.9966666666666667,0.9996666666666667,0.03584811391456408,0.03584811391456408,1.965400949288034,23.609391959798995,85.3,1.0,10,0.0,0.0
heat_latency_loss,3,2000,0.3,10,3,0,60,3600,0,0,300,13.473333333333333,1.7033333333333334,1251.1225,1741.0827,16.363333333333333,3,1194.611,1698.1048999999998,1.0,1.0,1.0,1.0,1.0,0.9996666666666667,0.03390883120109303,0.03390883120109303,1.9970190038504534,222.54504020100504,85.2,1.0,10,0.0,0.0
heat_latency_loss,1,2000,0.4,10,3,0,60,3600,0,0,300,13.45,1.7233333333333334,1777.587,2326.7695000000003,16.466666666666665,3,1731.903,2479.2904,1.0,1.0,1.0,1.0,1.0,0.9993333333333333,0.10934984520123839,0.10934984520123839,2.4713312693498453,223.081,85.2,1.0,10,0.0,0.0
heat_latency_loss,2,2000,0.4,10,3,0,60,3600,0,0,300,13.43,1.7833333333333334,1744.8145,2434.2585,16.533333333333335,3,1744.6145,2501.8921,1.0,1.0,1.0,1.0,0.9966666666666667,0.9993333333333333,0.1118803313141303,0.1118803313141303,2.474718753863271,223.08209547738693,85.3,1.0,10,0.0,0.0
heat_latency_loss,3,2000,0.4,10,3,0,60,3600,0,0,300,13.626666666666667,1.74,1722.4975,2346.967,16.46,3,1700.9225,2324.9563,1.0,1.0,1.0,1.0,1.0,1.0,0.1071868077775043,0.1071868077775043,2.4680039379768646,223.1186783919598,85.2,1.0,10,0.0,0.0
heat_latency_loss,1,2000,0.5,10,3,0,60,3600,0,0,300,13.573333333333334,1.7266666666666666,2459.0725,3127.164300000001,16.61,3,2456.597,3081.4821,1.0,1.0,1.0,1.0,1.0,0.9993333333333333,0.2427958307786634,0.2427958307786634,3.0561618638871857,223.63451256281408,85.2,1.0,10,0.0,0.0
heat_latency_loss,2,2000,0.5,10,3,0,60,3600,0,0,300,13.403333333333334,1.6966666666666668,2457.769,3267.2359000000006,16.563333333333333,3,2482.9035,3261.1615,1.0,1.0,1.0,1.0,0.9966666666666667,0.9986666666666667,0.25179233621755254,0.25179233621755254,3.0908529048207662,223.64820603015076,85.3,1.0,10,0.0,0.0
heat_latency_loss,3,2000,0.5,10,3,0,60,3600,0,0,300,13.71,1.76,2481.019,3239.4802,16.47,3,2439.4455,3241.3488,1.0,1.0,1.0,1.0,1.0,1.0,0.23742948246259504,0.23742948246259504,3.0567819475104243,223.72912060301508,85.2,1.0,10,0.0,0.0
heat_latency_loss,1,2000,0.6,10,3,0,60,3600,0,0,300,14.273333333333333,1.8866666666666667,3260.6675,4270.045800000001,17.32,3,3238.8065,4347.694500000003,1.0,1.0,1.0,1.0,1.0,0.9986666666666667,0.417813010025647,0.417813010025647,3.628817906271858,224.72845226130653,85.2,1.0,10,0.0,0.0
heat_latency_loss,2,2000,0.6,10,3,0,60,3600,0,0,300,14.393333333333333,1.8933333333333333,3241.964,4385.582200000001,17.333333333333332,3,3094.2615,4493.4211000000005,1.0,1.0,1.0,1.0,0.9966666666666667,0.9993333333333333,0.42028312833604087,0.42028312833604087,3.634950104432583,224.67540201005025,85.3,1.0,10,0.0,0.0
heat_latency_loss,3,2000,0.6,10,3,0,60,3600,0,0,300,14.236666666666666,1.8433333333333333,3084.2515,4245.0284,17.283333333333335,3,3261.867,4250.1664,1.0,1.0,1.0,1.0,1.0,0.999,0.4166666666666667,0.4166666666666667,3.616993922393642,224.68745226130653,85.2,1.0,10,0.0,0.0
heat_latency_loss,1,2000,0.7,10,3,0,60,3600,0,0,300,16.75,2.283333333333333,4279.2445,6508.048600000001,19.536666666666665,3.0933333333333333,4256.622,6302.397099999999,0.9866666666666667,0.9866666666666667,1.0,0.9866666666666667,0.9666666666666667,0.956,0.6255272143000603,0.6255272143000603,4.170616589676642,423.833,85.2,1.0,10,0.0,0.0
heat_latency_loss,2,2000,0.7,10,3,0,60,3600,0,0,300,16.74,2.1933333333333334,4444.7215,6659.535400000001,19.5,3.256666666666667,4256.7085,6153.414200000003,0.9633333333333334,0.9633333333333334,1.0,0.9633333333333334,0.94,0.9390000000000001,0.6297119757453259,0.6297119757453259,4.183021728145528,423.8521105527638,85.2,1.0,10,0.0,0.0
heat_latency_loss,3,2000,0.7,10,3,0,60,3600,0,0,300,16.533333333333335,2.26,4446.9695,6309.865800000001,20.01,3.1866666666666665,4322.422,6664.2596,0.9733333333333334,0.9733333333333334,1.0,0.9733333333333334,0.9366666666666666,0.9353333333333333,0.6315579094633756,0.6315579094633756,4.190066953132807,423.83709045226135,85.2,1.0,10,0.0,0.0
heat_latency_loss,1,2000,0.8,10,3,0,60,3600,0,0,300,16.88,1.85,5025.1055,7873.516600000001,21.80666666666667,4.866666666666666,5028.1475,7882.217400000004,0.7333333333333333,0.7333333333333333,1.0,0.7333333333333333,0.5233333333333333,0.5373333333333333,0.8071161048689138,0.8071161048689138,4.591858860634733,424.0558291457287,85.2,1.0,10,0.0,0.0
heat_latency_loss,2,2000,0.8,10,3,0,60,3600,0,0,300,17.3,1.87,5050.9965,8044.981100000001,22.226666666666667,5.1,5028.9775,8088.6093,0.7,0.7,1.0,0.7,0.5466666666666666,0.545,0.8151626646010844,0.8151626646010844,4.609895429899303,424.0649698492462,85.3,1.0,10,0.0,0.0
heat_latency_loss,3,2000,0.8,10,3,0,60,3600,0,0,300,17.23,1.68,5030.861,7923.555700000003,21.236666666666668,4.913333333333333,5026.8345,7485.779100000001,0.7266666666666667,0.7266666666666667,1.0,0.7266666666666667,0.49,0.5023333333333333,0.8186966024240016,0.8186966024240016,4.617524339360222,424.10749748743723,85.2,1.0,10,0.0,0.0
heat_latency_loss,1,2000,0,150,3,0,60,3600,0,0,300,13.916666666666666,1.6033333333333333,1512.6715,1815.29,16.82,3,1512.653,1815.4177,1.0,1.0,1.0,1.0,1.0,1.0,0.0,0.0,2.0,302.397,85.2,1.0,10,0.0,0.0
heat_latency_loss,2,2000,0,150,3,0,60,3600,0,0,300,13.696666666666667,1.5566666666666666,1512.6455,1815.719,16.93,3,1513.357,1815.541,1.0,1.0,1.0,1.0,0.9966666666666667,0.9996666666666667,0.0,0.0,2.0,302.444,85.2,1.0,10,0.0,0.0
heat_latency_loss,3,2000,0,150,3,0,60,3600,0,0,300,13.836666666666666,1.5533333333333332,1512.4455,1814.8313999999998,16.926666666666666,3,1512.9445,1814.7665,1.0,1.0,1.0,1.0,1.0,0.9996666666666667,0.0,0.0,2.0,302.372,85.2,1.0,10,0.0,0.0
heat_latency_loss,1,2000,0.1,150,3,0,60,3600,0,0,300,13.95,1.6666666666666667,1715.6695,2114.6885,16.976666666666667,3,1715.9785,2116.4714,1.0,1.0,1.0,1.0,1.0,1.0,0.0017904034375746001,0.0017904034375746001,2.232633086655526,302.483,85.2,1.0,10,0.0,0.0
heat_latency_loss,2,2000,0.1,150,3,0,60,3600,0,0,300,13.75,1.6033333333333333,1713.9445,2115.1135,16.87,3,1713.7135,2016.1225,1.0,1.0,1.0,1.0,0.9966666666666667,0.9993333333333333,0.0010861694424330196,0.0010861694424330196,2.228819695872556,302.523,85.3,1.0,10,0.0,0.0
heat_latency_loss,3,2000,0.1,150,3,0,60,3600,0,0,300,13.786666666666667,1.5566666666666666,1713.5585,2117.5967,16.88,3,1811.962,2115.1902,1.0,1.0,1.0,1.0,1.0,0.9993333333333333,0.001325301204819277,0.001325301204819277,2.243012048192771,302.482,85.2,1.0,10,0.0,0.0
heat_latency_loss,1,2000,0.2,150,3,0,60,3600,0,0,300,13.793333333333333,1.6666666666666667,2014.7925,2516.4993999999997,16.69,3,2015.6565,2516.4841,1.0,1.0,1.0,1.0,1.0,1.0,0.015039417828987265,0.015039417828987265,2.5257731958762886,302.755,85.2,1.0,10,0.0,0.0
heat_latency_loss,2,2000,0.2,150,3,0,60,3600,0,0,300,13.75,1.6333333333333333,2016.7345,2515.2167999999997,16.836666666666666,3,2017.8505,2517.9211,1.0,1.0,1.0,1.0,0.9966666666666667,0.9996666666666667,0.015949734171097147,0.015949734171097147,2.541807636539391,302.774,85.3,1.0,10,0.0,0.0
heat_latency_loss,3,2000,0.2,150,3,0,60,3600,0,0,300,13.753333333333334,1.62,2015.6745,2516.8702999999996,16.616666666666667,3,2015.1265,2517.2338999999997,1.0,1.0,1.0,1.0,1.0,0.9993333333333333,0.01741566191694069,0.01741566191694069,2.5499939106077214,302.7537688442211,85.2,1.0,10,0.0,0.0
heat_latency_loss,1,2000,0.3,150,3,0,60,3600,0,0,300,13.9,1.7,2418.1135,3020.9635,16.746666666666666,3,2417.337,3019.0981,1.0,1.0,1.0,1.0,1.0,0.9993333333333333,0.06679527369182542,0.06679527369182542,2.8919700988666506,303.4689447236181,85.2,1.0,10,0.0,0.0
heat_latency_loss,2,2000,0.3,150,3,0,60,3600,0,0,300,13.54,1.6266666666666667,2415.7415,3020.0895,16.793333333333333,3,2416.3405,3019.2792000000004,1.0,1.0,1.0,1.0,0.9966666666666667,0.9993333333333333,0.06609756097560976,0.06609756097560976,2.8815853658536583,303.41873869346733,85.2,1.0,10,0.0,0.0
heat_latency_loss,3,2000,0.3,150,3,0,60,3600,0,0,300,13.756666666666666,1.6533333333333333,2515.5735,3019.6182999999996,16.496666666666666,3,2417.9545,3017.982,1.0,1.0,1.0,1.0,1.0,0.9996666666666667,0.06947162426614481,0.06947162426614481,2.920743639921722,303.50561306532666,85.2,1.0,10,0.0,0.0
heat_latency_loss,1,2000,0.4,150,3,0,60,3600,0,0,300,13.723333333333333,1.6733333333333333,2918.1655,3522.4246000000003,16.81,3,2919.735,3622.658,1.0,1.0,1.0,1.0,1.0,0.9993333333333333,0.1668280871670702,0.1668280871670702,3.3042372881355933,502.9465778894472,85.2,1.0,10,0.0,0.0
heat_latency_loss,2,2000,0.4,150,3,0,60,3600,0,0,300,13.66,1.6933333333333334,2916.4445,3522.6955,16.71,3,2918.151,3523.6041,1.0,1.0,1.0,1.0,0.9966666666666667,0.9996666666666667,0.16940689319205943,0.16940689319205943,3.3227377907684814,502.95,85.3,1.0,10,0.0,0.0
heat_latency_loss,3,2000,0.4,150,3,0,60,3600,0,0,300,13.986666666666666,1.7566666666666666,2918.453,3621.7315,16.783333333333335,3,2919.23,3639.9170000000017,1.0,1.0,1.0,1.0,1.0,1.0,0.1646861121113912,0.1646861121113912,3.2839995198655623,502.8619648241206,85.2,1.0,10,0.0,0.0
heat_latency_loss,1,2000,0.5,150,3,0,60,3600,0,0,300,14.166666666666666,1.82,3422.3255,4328.4395,17.32,3,3420.886,4325.9711,1.0,1.0,1.0,1.0,1.0,0.9993333333333333,0.3077463140650597,0.3077463140650597,3.7064123566580855,503.2693618090453,85.2,1.0,10,0.0,0.0
heat_latency_loss,2,2000,0.5,150,3,0,60,3600,0,0,300,14.23,1.82,3420.353,4328.2259,17.05666666666667,3,3421.421,4227.2452,1.0,1.0,1.0,1.0,0.9966666666666667,0.9993333333333333,0.31227904784350696,0.31227904784350696,3.719538062691492,503.2683216080402,85.3,1.0,10,0.0,0.0
heat_latency_loss,3,2000,0.5,150,3,0,60,3600,0,0,300,14,1.7133333333333334,3421.159,4324.6236,17.126666666666665,3,3471.8585,4323.8043,1.0,1.0,1.0,1.0,1.0,0.9996666666666667,0.3152405783360986,0.3152405783360986,3.757051433989097,503.3490603015075,85.2,1.0,10,0.0,0.0
heat_latency_loss,1,2000,0.6,150,3,0,60,3600,0,0,300,15.56,2.02,4223.9835,5732.7161,18.44333333333333,3.0233333333333334,4124.3645,5632.5428,0.9966666666666667,0.9966666666666667,1.0,0.9966666666666667,0.9933333333333333,0.9926666666666667,0.49967721110393803,0.49967721110393803,4.134602969657844,503.58636180904523,85.2,1.0,10,0.0,0.0
heat_latency_loss,2,2000,0.6,150,3,0,60,3600,0,0,300,15.323333333333334,1.9833333333333334,4025.511,5630.1255,18.383333333333333,3.0233333333333334,4122.416,5831.6174,0.9966666666666667,0.9966666666666667,1.0,0.9966666666666667,0.9866666666666667,0.9876666666666667,0.5014665942422596,0.5014665942422596,4.149701249321021,503.634,85.3,1.0,10,0.0,0.0
heat_latency_loss,3,2000,0.6,150,3,0,60,3600,0,0,300,15.323333333333334,1.9433333333333334,4024.2485,5838.2749,18.34,3,4024.7375,5931.2805,1.0,1.0,1.0,1.0,0.99,0.9923333333333333,0.5003804761387107,0.5003804761387107,4.139906511577346,503.6172261306533,85.2,1.0,10,0.0,0.0
heat_latency_loss,1,2000,0.7,150,3,0,60,3600,0,0,300,17.703333333333333,2.243333333333333,5330.613,7544.8201,21.573333333333334,3.35,5431.8945,7943.4692000000005,0.95,0.95,1.0,0.95,0.8666666666666667,0.8603333333333333,0.6846353683429207,0.6846353683429207,4.491649656708109,503.9885376884422,85.2,1.0,10,0.0,0.0
heat_latency_loss,2,2000,0.7,150,3,0,60,3600,0,0,300,17.986666666666668,2.1866666666666665,5233.3105,7956.517800000002,21.373333333333335,3.42,5330.3025,8045.5217999999995,0.94,0.94,1.0,0.94,0.87,0.874,0.6873492858467817,0.6873492858467817,4.498887033945465,504.0434673366834,85.3,1.0,10,0.0,0.0
heat_latency_loss,3,2000,0.7,150,3,0,60,3600,0,0,300,18.013333333333332,2.19,5329.083,8047.011,20.283333333333335,3.42,4925.449,7243.8197,0.94,0.94,1.0,0.94,0.8866666666666667,0.8793333333333333,0.6824046640542866,0.6824046640542866,4.486189429417949,503.9401206030151,85.2,1.0,10,0.0,0.0
heat_latency_loss,1,2000,0.8,150,3,0,60,3600,0,0,300,16.483333333333334,1.5466666666666666,5027.394,8047.524,22.043333333333333,5.823333333333333,5026.94,8043.7,0.5966666666666667,0.5966666666666667,1.0,0.5966666666666667,0.4633333333333333,0.438,0.8471103863010906,0.8471103863010906,4.766996228722862,504.84006030150755,85.2,1.0,10,0.0,0.0
heat_latency_loss,2,2000,0.8,150,3,0,60,3600,0,0,300,16.41,1.46,4928.948,8249.6185,21.963333333333335,5.916666666666667,5026.4175,8242.8237,0.5833333333333334,0.5833333333333334,1.0,0.5833333333333334,0.36333333333333334,0.3883333333333333,0.8518024032042724,0.8518024032042724,4.7768306459895244,703.2844472361809,85.3,1.0,10,0.0,0.0
heat_latency_loss,3,2000,0.8,150,3,0,60,3600,0,0,300,16.2,1.42,5026.2735,7944.2654,21.716666666666665,5.87,4928.3415,8069.3696000000045,0.59,0.59,1.0,0.59,0.36666666666666664,0.37966666666666665,0.8518826711046391,0.8518826711046391,4.767734553775743,504.0790552763819,85.2,1.0,10,0.0,0.0
heat_latency_loss,1,2000,0,200,3,0,60,3600,0,0,300,13.74,1.5566666666666666,2014.3105,2416.8368,16.856666666666666,3,2014.546,2416.5675,1.0,1.0,1.0,1.0,1.0,0.9986666666666667,0.0,0.0,2.9123082497886217,402.763,85.2,1.0,10,0.0,0.0
heat_latency_loss,2,2000,0,200,3,0,60,3600,0,0,300,13.786666666666667,1.5733333333333333,2013.8785,2416.1692000000003,16.933333333333334,3,2014.465,2418.1861,1.0,1.0,1.0,1.0,0.9966666666666667,0.9986666666666667,0.0,0.0,2.911255411255411,402.71,85.3,1.0,10,0.0,0.0
heat_latency_loss,3,2000,0,200,3,0,60,3600,0,0,300,14.033333333333333,1.6333333333333333,2014.863,2418.3999,16.93,3,2014.792,2418.0115,1.0,1.0,1.0,1.0,1.0,0.9996666666666667,0.0,0.0,2.901537727977113,402.79007537688443,85.2,1.0,10,0.0,0.0
heat_latency_loss,1,2000,0.1,200,3,0,60,3600,0,0,300,13.79,1.5466666666666666,2214.5445,2617.8901,16.753333333333334,3,2215.231,2618.9557,1.0,1.0,1.0,1.0,1.0,0.9993333333333333,0.007745370930654726,0.007745370930654726,3.1599903182863365,402.866,85.2,1.0,10,0.0,0.0
heat_latency_loss,2,2000,0.1,200,3,0,60,3600,0,0,300,13.71,1.57,2214.7025,2616.5117,16.866666666666667,3,2216.2305,2617.458,1.0,1.0,1.0,1.0,0.9966666666666667,0.9993333333333333,0.007615133567025263,0.007615133567025263,3.1752689471775657,402.848,85.3,1.0,10,0.0,0.0
heat_latency_loss,3,2000,0.1,200,3,0,60,3600,0,0,300,13.786666666666667,1.5733333333333333,2215.1615,2619.6872999999996,16.93,3,2216.97,2618.7924,1.0,1.0,1.0,1.0,1.0,1.0,0.008177991581479254,0.008177991581479254,3.1790739627179794,402.9137185929648,85.2,1.0,10,0.0,0.0
heat_latency_loss,1,2000,0.2,200,3,0,60,3600,0,0,300,13.67,1.56,2613.875,3020.2002,16.92,3,2615.3235,3020.5427,1.0,1.0,1.0,1.0,1.0,0.9996666666666667,0.04784342152953969,0.04784342152953969,3.440014498006524,402.994,85.2,1.0,10,0.0,0.0
heat_latency_loss,2,2000,0.2,200,3,0,60,3600,0,0,300,13.69,1.64,2614.3615,3017.5376,16.753333333333334,3,2417.7,3019.7589,1.0,1.0,1.0,1.0,0.9966666666666667,0.9993333333333333,0.046277177213652376,0.046277177213652376,3.421838940847808,403.00945226130654,85.3,1.0,10,0.0,0.0
heat_latency_loss,3,2000,0.2,200,3,0,60,3600,0,0,300,13.873333333333333,1.5833333333333333,2614.8315,3022.648,16.923333333333332,3,2615.7475,3019.3183,1.0,1.0,1.0,1.0,1.0,0.9996666666666667,0.04880681136826958,0.04880681136826958,3.439021465403526,403.051,85.2,1.0,10,0.0,0.0
heat_latency_loss,1,2000,0.3,200,3,0,60,3600,0,0,300,13.916666666666666,1.6866666666666668,2926.204,3468.852200000004,17.07,3,3017.842,3621.5328,1.0,1.0,1.0,1.0,1.0,1.0,0.1294664125774178,0.1294664125774178,3.6961648404001908,403.4557236180904,85.2,1.0,10,0.0,0.0
heat_latency_loss,2,2000,0.3,200,3,0,60,3600,0,0,300,13.603333333333333,1.5466666666666666,2817.6415,3424.4467,16.856666666666666,3,3015.795,3424.0034,1.0,1.0,1.0,1.0,0.9966666666666667,0.9993333333333333,0.1250303471716436,0.1250303471716436,3.688880796309784,403.449,85.3,1.0,10,0.0,0.0
heat_latency_loss,3,2000,0.3,200,3,0,60,3600,0,0,300,13.843333333333334,1.6233333333333333,3016.317,3620.2563,16.873333333333335,3,2820.128,3421.6697000000004,1.0,1.0,1.0,1.0,1.0,0.9996666666666667,0.12555622369212266,0.12555622369212266,3.698737221888154,403.39406532663315,85.2,1.0,10,0.0,0.0
heat_latency_loss,1,2000,0.4,200,3,0,60,3600,0,0,300,13.94,1.75,3418.3935,4045.1684000000046,16.963333333333335,3,3417.831,4047.2129000000045,1.0,1.0,1.0,1.0,1.0,0.9986666666666667,0.2567196272846733,0.2567196272846733,3.9642814478556923,602.4542613065327,85.2,1.0,10,0.0,0.0
heat_latency_loss,2,2000,0.4,200,3,0,60,3600,0,0,300,13.896666666666667,1.68,3320.812,4023.4217999999996,17.003333333333334,3,3417.333,4224.4669,1.0,1.0,1.0,1.0,0.9966666666666667,0.9993333333333333,0.25340501792114695,0.25340501792114695,3.966786140979689,602.6350954773869,85.3,1.0,10,0.0,0.0
heat_latency_loss,3,2000,0.4,200,3,0,60,3600,0,0,300,14.186666666666667,1.7133333333333334,3418.63,4026.3271,16.933333333333334,3,3419.173,4223.158,1.0,1.0,1.0,1.0,1.0,0.9993333333333333,0.25343764817449027,0.25343764817449027,3.9798482693219537,602.5812864321607,85.2,1.0,10,0.0,0.0
heat_latency_loss,1,2000,0.5,200,3,0,60,3600,0,0,300,14.766666666666667,1.85,3823.8665,5052.162400000004,17.813333333333333,3,3822.596,5029.9784,1.0,1.0,1.0,1.0,1.0,0.9996666666666667,0.4072571557358576,0.4072571557358576,4.219292314627,602.9847135678392,85.2,1.0,10,0.0,0.0
heat_latency_loss,2,2000,0.5,200,3,0,60,3600,0,0,300,14.636666666666667,1.8666666666666667,3822.675,4829.406400000001,17.606666666666666,3,3823.811,4828.210099999999,1.0,1.0,1.0,1.0,0.9966666666666667,0.9993333333333333,0.40715832668414453,0.40715832668414453,4.220677077396558,602.9821306532664,85.3,1.0,10,0.0,0.0
heat_latency_loss,3,2000,0.5,200,3,0,60,3600,0,0,300,14.483333333333333,1.77,3822.481,4832.454299999999,17.793333333333333,3,3823.5505,5028.5615,1.0,1.0,1.0,1.0,0.9966666666666667,0.9993333333333333,0.40396219970397357,0.40396219970397357,4.223158374131845,603.098,85.2,1.0,10,0.0,0.0
heat_latency_loss,1,2000,0.6,200,3,0,60,3600,0,0,300,16.163333333333334,1.99,4625.4405,6459.649300000005,19.743333333333332,3.07,4626.854,6839.6660999999995,0.99,0.99,1.0,0.99,0.9533333333333334,0.9536666666666667,0.5752715460359354,0.5752715460359354,4.48451933813826,603.3470301507538,85.2,1.0,10,0.0,0.0
heat_latency_loss,2,2000,0.6,200,3,0,60,3600,0,0,300,16.14666666666667,2.03,4625.395,6456.397600000004,19.583333333333332,3.0933333333333333,4626.9675,6838.5989,0.9866666666666667,0.9866666666666667,1.0,0.9866666666666667,0.9766666666666667,0.9726666666666667,0.5818608926565213,0.5818608926565213,4.493616586661219,603.303703517588,85.3,1.0,10,0.0,0.0
heat_latency_loss,3,2000,0.6,200,3,0,60,3600,0,0,300,16.39,2.026666666666667,4625.653,6637.571599999999,20.016666666666666,3.14,4826.4245,6859.896900000004,0.98,0.98,1.0,0.98,0.97,0.9653333333333334,0.581062124248497,0.581062124248497,4.476753507014028,603.2335075376885,85.2,1.0,10,0.0,0.0
heat_latency_loss,1,2000,0.7,200,3,0,60,3600,0,0,300,18.66,2.25,5532.0375,8648.6923,22.29,3.7933333333333334,5631.538,8273.596600000004,0.8866666666666667,0.8866666666666667,1.0,0.8866666666666667,0.7833333333333333,0.765,0.7375975598815825,0.7375975598815825,4.688974612003229,603.46,85.2,1.0,10,0.0,0.0
heat_latency_loss,2,2000,0.7,200,3,0,60,3600,0,0,300,18.36,2.1633333333333336,5832.735,8246.3483,22.466666666666665,3.816666666666667,5432.5065,8847.9254,0.8833333333333333,0.8833333333333333,1.0,0.8833333333333333,0.78,0.7716666666666667,0.7393497252994686,0.7393497252994686,4.682518238313969,603.3507688442212,85.2,1.0,10,0.0,0.0
heat_latency_loss,3,2000,0.7,200,3,0,60,3600,0,0,300,18.36,2.1533333333333333,5631.222,8265.250700000004,22.44333333333333,3.9566666666666666,5531.9915,8672.424500000005,0.8633333333333333,0.8633333333333333,1.0,0.8633333333333333,0.73,0.715,0.7479645377239008,0.7479645377239008,4.703003437669622,603.4579949748744,85.2,1.0,10,0.0,0.0
heat_latency_loss,1,2000,0.8,200,3,0,60,3600,0,0,300,15.32,1.1966666666666668,4828.917,7441.1612000000005,21.5,6.29,5027.3605,7445.8644,0.53,0.53,1.0,0.53,0.3233333333333333,0.339,0.8745496233213232,0.8745496233213232,4.850747898242166,603.5363065326633,85.2,1.0,10,0.0,0.0
heat_latency_loss,2,2000,0.8,200,3,0,60,3600,0,0,300,15.47,1.1666666666666667,4826.2235,8044.0697,21.55,6.196666666666666,4629.061,8046.7535,0.5433333333333333,0.5433333333333333,1.0,0.5433333333333333,0.2633333333333333,0.263,0.8788796366389099,0.8788796366389099,4.855953282145561,603.473311557789,85.3,1.0,10,0.0,0.0
heat_latency_loss,3,2000,0.8,200,3,0,60,3600,0,0,300,14.996666666666666,1.1133333333333333,4626.6415,7441.7779,21.826666666666668,6.406666666666666,5026.8645,8043.1563,0.5133333333333333,0.5133333333333333,1.0,0.5133333333333333,0.30666666666666664,0.30766666666666664,0.8791232876712328,0.8791232876712328,4.861808219178082,603.6740753768844,85.2,1.0,10,0.0,0.0
heat_latency_loss,1,2000,0,25,3,0,60,3600,0,0,300,13.723333333333333,1.5733333333333333,262.349,314.5607,16.916666666666668,3,262.657,314.8791,1.0,1.0,1.0,1.0,1.0,0.9983333333333333,0.0,0.0,1.0,52.364,85.2,1.0,10,0.0,0.0
heat_latency_loss,2,2000,0,25,3,0,60,3600,0,0,300,13.883333333333333,1.5866666666666667,262.2965,314.52279999999996,16.953333333333333,3,262.67,314.9188,1.0,1.0,1.0,1.0,0.9966666666666667,0.999,0.0,0.0,1.0,52.321,85.2,1.0,10,0.0,0.0
heat_latency_loss,3,2000,0,25,3,0,60,3600,0,0,300,13.876666666666667,1.58,262.343,314.6377,16.95,3,262.6985,315.0514,1.0,1.0,1.0,1.0,1.0,1.0,0.0,0.0,1.0,52.346,85.2,1.0,10,0.0,0.0
heat_latency_loss,1,2000,0.1,25,3,0,60,3600,0,0,300,13.64,1.66,557.8965,768.5421,16.836666666666666,3,558.362,812.0205,1.0,1.0,1.0,1.0,1.0,0.9993333333333333,0.00024263011039670022,0.00024263011039670022,1.237049617857576,52.423,85.3,1.0,10,0.0,0.0
heat_latency_loss,2,2000,0.1,25,3,0,60,3600,0,0,300,13.636666666666667,1.6833333333333333,515.4135,768.89,16.733333333333334,3,516.2505,812.9452000000001,1.0,1.0,1.0,1.0,0.9966666666666667,0.999,0.00024357569114602363,0.00024357569114602363,1.2316404822798686,52.412,85.2,1.0,10,0.0,0.0
heat_latency_loss,3,2000,0.1,25,3,0,60,3600,0,0,300,13.633333333333333,1.6933333333333334,515.5565,811.6218,16.673333333333332,3,514.445,813.7161,1.0,1.0,1.0,1.0,1.0,0.9996666666666667,0.000244140625,0.000244140625,1.2369384765625,52.42007537688442,85.2,1.0,10,0.0,0.0
heat_latency_loss,1,2000,0.2,25,3,0,60,3600,0,0,300,13.463333333333333,1.64,865.6715,1267.5411000000001,16.68,3,865.9315,1321.2214,1.0,1.0,1.0,1.0,1.0,0.9993333333333333,0.007122682058209505,0.007122682058209505,1.5383765197101804,52.671,85.2,1.0,10,0.0,0.0
heat_latency_loss,2,2000,0.2,25,3,0,60,3600,0,0,300,13.5,1.6533333333333333,864.3055,1269.1691,16.486666666666668,3,864.975,1266.1971,1.0,1.0,1.0,1.0,0.9966666666666667,0.999,0.005311264822134387,0.005311264822134387,1.5571887351778657,52.732,85.3,1.0,10,0.0,0.0
heat_latency_loss,3,2000,0.2,25,3,0,60,3600,0,0,300,13.716666666666667,1.74,866.374,1362.4633999999999,16.54,3,865.089,1266.1369000000002,1.0,1.0,1.0,1.0,1.0,1.0,0.006726183196771432,0.006726183196771432,1.5543597896539072,52.679,85.2,1.0,10,0.0,0.0
heat_latency_loss,1,2000,0.3,25,3,0,60,3600,0,0,300,13.42,1.6866666666666668,1318.4415,1862.004,16.583333333333332,3,1366.3675,1830.089700000001,1.0,1.0,1.0,1.0,1.0,1.0,0.03653869892605851,0.03653869892605851,1.963831625725219,53.717432160804016,85.2,1.0,10,0.0,0.0
heat_latency_loss,2,2000,0.3,25,3,0,60,3600,0,0,300,13.486666666666666,1.71,1362.778,1877.1605000000009,16.423333333333332,3,1363.6105,1869.5353,1.0,1.0,1.0,1.0,0.9966666666666667,0.999,0.03579834014616623,0.03579834014616623,2.0038399603616996,252.31611055276383,85.2,1.0,10,0.0,0.0
heat_latency_loss,3,2000,0.3,25,3,0,60,3600,0,0,300,13.543333333333333,1.7366666666666666,1319.084,1824.943500000001,16.43,3,1313.7455,1830.5167000000008,1.0,1.0,1.0,1.0,1.0,0.9993333333333333,0.0328719723183391,0.0328719723183391,1.9579831932773109,53.907643216080395,85.2,1.0,10,0.0,0.0
heat_latency_loss,1,2000,0.4,25,3,0,60,3600,0,0,300,13.363333333333333,1.7066666666666668,1871.827,2526.5351,16.456666666666667,3,1861.221,2519.3452,1.0,1.0,1.0,1.0,1.0,1.0,0.10477255779269203,0.10477255779269203,2.4674372358936116,253.12,85.2,1.0,10,0.0,0.0
heat_latency_loss,2,2000,0.4,25,3,0,60,3600,0,0,300,13.266666666666667,1.6533333333333333,1865.8655,2517.0527,16.323333333333334,3,1862.4345,2515.5207,1.0,1.0,1.0,1.0,0.9966666666666667,0.9993333333333333,0.10793531402783,0.10793531402783,2.4902845681333834,253.10950753768844,85.3,1.0,10,0.0,0.0
heat_latency_loss,3,2000,0.4,25,3,0,60,3600,0,0,300,13.43,1.7166666666666666,1870.322,2525.1967,16.32,3,1870.6385,2420.8648,1.0,1.0,1.0,1.0,1.0,1.0,0.10654205607476636,0.10654205607476636,2.4813707165109036,253.14502512562814,85.2,1.0,10,0.0,0.0
heat_latency_loss,1,2000,0.5,25,3,0,60,3600,0,0,300,13.576666666666666,1.7833333333333334,2523.7845,3323.1781,16.6,3,2570.447,3328.9622999999997,1.0,1.0,1.0,1.0,1.0,1.0,0.23856249233411014,0.23856249233411014,3.072979271433828,253.7602864321608,85.2,1.0,10,0.0,0.0
heat_latency_loss,2,2000,0.5,25,3,0,60,3600,0,0,300,13.646666666666667,1.78,2570.2745,3424.8252,16.55666666666667,3,2523.314,3225.9388,1.0,1.0,1.0,1.0,0.9966666666666667,0.9993333333333333,0.23881877220928807,0.23881877220928807,3.054037495404975,253.64010552763818,85.2,1.0,10,0.0,0.0
heat_latency_loss,3,2000,0.5,25,3,0,60,3600,0,0,300,13.696666666666667,1.7566666666666666,2518.035,3427.2032999999997,16.6,3,2474.162,3322.7839,1.0,1.0,1.0,1.0,1.0,1.0,0.23739162290878008,0.23739162290878008,3.040053730614239,253.638,85.2,1.0,10,0.0,0.0
heat_latency_loss,1,2000,0.6,25,3,0,60,3600,0,0,300,14.623333333333333,1.89,3320.407,4876.437099999999,17.083333333333332,3,3227.34,4332.913000000001,1.0,1.0,1.0,1.0,0.9966666666666667,0.9953333333333333,0.4280074314909429,0.4280074314909429,3.6679052484904786,453.2528743718593,85.2,1.0,10,0.0,0.0
heat_latency_loss,2,2000,0.6,25,3,0,60,3600,0,0,300,14.353333333333333,1.9466666666666668,3321.873,4579.088900000001,17.34,3.0233333333333334,3274.2105,4476.562,0.9966666666666667,0.9966666666666667,1.0,0.9966666666666667,0.9966666666666667,0.999,0.42204394837809556,0.42204394837809556,3.662713637949076,453.49048743718595,85.3,1.0,10,0.0,0.0
heat_latency_loss,3,2000,0.6,25,3,0,60,3600,0,0,300,14.23,1.8733333333333333,3226.5165,4180.4249,17.266666666666666,3.0233333333333334,3277.745,4476.9827000000005,0.9966666666666667,0.9966666666666667,1.0,0.9966666666666667,1.0,0.999,0.41933973308358696,0.41933973308358696,3.6375556075860453,255.12195979899496,85.2,1.0,10,0.0,0.0
heat_latency_loss,1,2000,0.7,25,3,0,60,3600,0,0,300,16.593333333333334,2.2066666666666666,4284.382,6354.045300000003,19.98,3.046666666666667,4475.6605,6598.545300000001,0.9933333333333333,0.9933333333333333,1.0,0.9933333333333333,0.94,0.948,0.6227878305826208,0.6227878305826208,4.176277589978127,453.93103015075377,85.2,1.0,10,0.0,0.0
heat_latency_loss,2,2000,0.7,25,3,0,60,3600,0,0,300,16.303333333333335,2.06,4301.2125,6489.470700000001,19.83,3.1633333333333336,4354.547,6804.071500000002,0.9766666666666667,0.9766666666666667,1.0,0.9766666666666667,0.9333333333333333,0.931,0.6303710443837832,0.6303710443837832,4.195632393084622,453.96268341708543,85.3,1.0,10,0.0,0.0
heat_latency_loss,3,2000,0.7,25,3,0,60,3600,0,0,300,16.473333333333333,2.1433333333333335,4353.4245,6487.2020999999995,19.88,3.1166666666666667,4380.8095,6447.0785000000005,0.9833333333333333,0.9833333333333333,1.0,0.9833333333333333,0.9266666666666666,0.9223333333333333,0.6244107912947547,0.6244107912947547,4.185939223748871,453.9040703517588,85.2,1.0,10,0.0,0.0
heat_latency_loss,1,2000,0.8,25,3,0,60,3600,0,0,300,16.38,1.59,4678.573,8044.3202,22.496666666666666,4.796666666666667,5081.713,8215.338400000002,0.7433333333333333,0.7433333333333333,1.0,0.7433333333333333,0.48,0.4786666666666667,0.8167057902973396,0.8167057902973396,4.614338810641628,454.12,85.2,1.0,10,0.0,0.0
heat_latency_loss,2,2000,0.8,25,3,0,60,3600,0,0,300,17.083333333333332,1.6666666666666667,5028.9845,7798.8419,21.67,5.03,5027.5865,7491.011,0.71,0.71,1.0,0.71,0.5266666666666666,0.5203333333333333,0.8128891964020954,0.8128891964020954,4.602945537214589,454.06276884422107,85.3,1.0,10,0.0,0.0
heat_latency_loss,3,2000,0.8,25,3,0,60,3600,0,0,300,17.096666666666668,1.7666666666666666,5027.563,8155.355400000001,22.596666666666668,4.82,5281.3375,8060.772500000004,0.74,0.74,1.0,0.74,0.49333333333333335,0.502,0.8163831007455553,0.8163831007455553,4.621200535270503,454.2171206030151,85.2,1.0,10,0.0,0.0
heat_latency_loss,1,2000,0,300,3,0,60,3600,0,0,300,13.823333333333334,1.5666666666666667,3013.39,3615.698,16.873333333333335,3,3013.1735,3615.9867000000004,1.0,1.0,1.0,1.0,1.0,0.9986666666666667,0.0,0.0,3.2784932001444216,602.481,85.2,1.0,10,0.0,0.0
heat_latency_loss,2,2000,0,300,3,0,60,3600,0,0,300,13.83,1.6033333333333333,3013.1075,3615.9701,17.126666666666665,3,3013.603,3616.0007,1.0,1.0,1.0,1.0,0.9966666666666667,0.999,0.0,0.0,3.271372361988792,602.467,85.3,1.0,10,0.0,0.0
heat_latency_loss,3,2000,0,300,3,0,60,3600,0,0,300,13.87,1.5866666666666667,3012.908,3615.5296000000003,16.89,3,3013.0455,3615.4024,1.0,1.0,1.0,1.0,1.0,1.0,0.0,0.0,3.2558837656099904,602.448,85.2,1.0,10,0.0,0.0
heat_latency_loss,1,2000,0.1,300,3,0,60,3600,0,0,300,13.88,1.5966666666666667,3213.1535,3814.8517,16.88,3,3213.488,3815.2817,1.0,1.0,1.0,1.0,1.0,0.9996666666666667,0.015970220941402498,0.015970220941402498,3.4518491834774254,602.538,85.2,1.0,10,0.0,0.0
heat_latency_loss,2,2000,0.1,300,3,0,60,3600,0,0,300,13.863333333333333,1.6133333333333333,3213.33,3814.1936,16.8,3,3213.361,3814.3077000000003,1.0,1.0,1.0,1.0,0.9966666666666667,0.9986666666666667,0.011085672972647308,0.011085672972647308,3.4353536570671164,602.506,85.3,1.0,10,0.0,0.0
heat_latency_loss,3,2000,0.1,300,3,0,60,3600,0,0,300,13.94,1.5433333333333332,3213.1275,3815.3012999999996,16.97,3,3213.661,3815.4467,1.0,1.0,1.0,1.0,1.0,1.0,0.011345993072972651,0.011345993072972651,3.453481428400812,602.531,85.2,1.0,10,0.0,0.0
heat_latency_loss,1,2000,0.2,300,3,0,60,3600,0,0,300,13.86,1.6033333333333333,3416.059,4019.2222,16.926666666666666,3,3416.7105,4019.2402,1.0,1.0,1.0,1.0,1.0,1.0,0.06657869481765835,0.06657869481765835,3.6645873320537428,602.739,85.2,1.0,10,0.0,0.0
heat_latency_loss,2,2000,0.2,300,3,0,60,3600,0,0,300,13.81,1.62,3416.755,4018.4721,16.946666666666665,3,3416.0715,4020.3216,1.0,1.0,1.0,1.0,0.9966666666666667,0.9996666666666667,0.06352828149393538,0.06352828149393538,3.684880509186982,602.7550904522612,85.3,1.0,10,0.0,0.0
heat_latency_loss,3,2000,0.2,300,3,0,60,3600,0,0,300,13.886666666666667,1.5933333333333333,3416.806,4018.5111,16.843333333333334,3,3415.9685,4217.3234,1.0,1.0,1.0,1.0,1.0,1.0,0.06394999398966222,0.06394999398966222,3.6702728693352564,602.714,85.2,1.0,10,0.0,0.0
heat_latency_loss,1,2000,0.3,300,3,0,60,3600,0,0,300,13.79,1.5866666666666667,3815.012,4421.089400000001,17.163333333333334,3,3817.766,4618.2857,1.0,1.0,1.0,1.0,1.0,0.9996666666666667,0.15895540186024326,0.15895540186024326,3.9118769377533984,602.9887185929648,85.2,1.0,10,0.0,0.0
heat_latency_loss,2,2000,0.3,300,3,0,60,3600,0,0,300,13.933333333333334,1.63,3817.527,4618.6533,17.026666666666667,3,3817.339,4420.3785,1.0,1.0,1.0,1.0,0.9966666666666667,0.9993333333333333,0.16368621840724845,0.16368621840724845,3.914282308059132,602.9926231155779,85.3,1.0,10,0.0,0.0
heat_latency_loss,3,2000,0.3,300,3,0,60,3600,0,0,300,14.033333333333333,1.6533333333333333,3815.7925,4420.7247,16.79,3,3814.991,4420.5809,1.0,1.0,1.0,1.0,1.0,0.9993333333333333,0.15538516832394872,0.15538516832394872,3.9135018569545945,603.0042110552763,85.2,1.0,10,0.0,0.0
heat_latency_loss,1,2000,0.4,300,3,0,60,3600,0,0,300,14.34,1.74,4219.193,5023.547799999999,17.49,3,4218.7375,5224.7387,1.0,1.0,1.0,1.0,1.0,0.9993333333333333,0.2940224303387675,0.2940224303387675,4.163371488033299,604.0438391959799,85.2,1.0,10,0.0,0.0
heat_latency_loss,2,2000,0.4,300,3,0,60,3600,0,0,300,14.216666666666667,1.73,4217.624,5025.5876,17.30666666666667,3,4218.474,5023.7393,1.0,1.0,1.0,1.0,0.9966666666666667,0.9993333333333333,0.2868996143508239,0.2868996143508239,4.142339605001753,603.9398291457286,85.3,1.0,10,0.0,0.0
heat_latency_loss,3,2000,0.4,300,3,0,60,3600,0,0,300,14.3,1.7466666666666666,4119.7075,5021.6993,17.083333333333332,3,4020.113,5024.6624,1.0,1.0,1.0,1.0,1.0,1.0,0.28361714621256606,0.28361714621256606,4.1635936582501465,802.3426482412061,85.2,1.0,10,0.0,0.0
heat_latency_loss,1,2000,0.5,300,3,0,60,3600,0,0,300,15.066666666666666,1.88,4621.077,5830.321099999999,18.156666666666666,3,4621.638,5826.2678,1.0,1.0,1.0,1.0,1.0,0.997,0.44457924341016875,0.44457924341016875,4.382375647954119,802.7723015075377,85.2,1.0,10,0.0,0.0
heat_latency_loss,2,2000,0.5,300,3,0,60,3600,0,0,300,15.013333333333334,1.8733333333333333,4523.746,5828.5706,18.273333333333333,3,4622.0525,6029.5953,1.0,1.0,1.0,1.0,0.9933333333333333,0.993,0.4467312348668281,0.4467312348668281,4.38630860664759,802.7486281407035,85.3,1.0,10,0.0,0.0
heat_latency_loss,3,2000,0.5,300,3,0,60,3600,0,0,300,15,1.8666666666666667,4620.416,5828.6434,18.063333333333333,3,4622.3855,5651.242200000005,1.0,1.0,1.0,1.0,0.9933333333333333,0.994,0.4377425435192372,0.4377425435192372,4.38596296706952,802.784,85.2,1.0,10,0.0,0.0
heat_latency_loss,1,2000,0.6,300,3,0,60,3600,0,0,300,17.293333333333333,2.1866666666666665,5426.0645,7437.160599999999,20.5,3.046666666666667,5426.214,7843.0999,0.9933333333333333,0.9933333333333333,1.0,0.9933333333333333,0.9633333333333334,0.9663333333333334,0.6127206446661551,0.6127206446661551,4.595069071373753,803.0034221105528,85.2,1.0,10,0.0,0.0
heat_latency_loss,2,2000,0.6,300,3,0,60,3600,0,0,300,17.37,2.19,5424.064,7840.9389,20.51,3.256666666666667,5326.7415,7639.51,0.9633333333333334,0.9633333333333334,1.0,0.9633333333333334,0.9533333333333334,0.947,0.6091267931067681,0.6091267931067681,4.591701164917685,802.979,85.3,1.0,10,0.0,0.0
heat_latency_loss,3,2000,0.6,300,3,0,60,3600,0,0,300,16.606666666666666,2.06,5031.094,7237.562,20.536666666666665,3.07,5423.8355,7842.7125,0.99,0.99,1.0,0.99,0.97,0.9653333333333334,0.6071218939542163,0.6071218939542163,4.5840344355312075,802.95,85.2,1.0,10,0.0,0.0
heat_latency_loss,1,2000,0.7,300,3,0,60,3600,0,0,300,18.763333333333332,2.13,6030.667,9448.249199999998,22.453333333333333,4.283333333333333,5833.766,8847.166,0.8166666666666667,0.8166666666666667,1.0,0.8166666666666667,0.7133333333333334,0.7093333333333334,0.7620938628158844,0.7620938628158844,4.757220216606498,803.0242412060302,85.2,1.0,10,0.0,0.0
heat_latency_loss,2,2000,0.7,300,3,0,60,3600,0,0,300,18.326666666666668,2.0733333333333333,5931.835,8849.168599999999,22.94333333333333,4.423333333333333,5831.459,9246.3839,0.7966666666666666,0.7966666666666666,1.0,0.7966666666666666,0.68,0.6713333333333333,0.7700379952958205,0.7700379952958205,4.767414510584404,803.0756532663316,85.2,1.0,10,0.0,0.0
heat_latency_loss,3,2000,0.7,300,3,0,60,3600,0,0,300,18.39,2.1366666666666667,5930.7255,8868.081900000005,22.736666666666668,4.213333333333333,5931.208,9069.389300000004,0.8266666666666667,0.8266666666666667,1.0,0.8266666666666667,0.7033333333333334,0.6913333333333334,0.7616037565468665,0.7616037565468665,4.762235867798447,803.1021306532664,85.2,1.0,10,0.0,0.0
heat_latency_loss,1,2000,0.8,300,3,0,60,3600,0,0,300,14.686666666666667,0.98,4626.237,8045.549599999999,21.553333333333335,6.6866666666666665,4825.0615,7866.016900000004,0.47333333333333333,0.47333333333333333,1.0,0.47333333333333333,0.2733333333333333,0.24833333333333332,0.8901421159485675,0.8901421159485675,4.894653733363411,803.1047788944724,85.2,1.0,10,0.0,0.0
heat_latency_loss,2,2000,0.8,300,3,0,60,3600,0,0,300,14.513333333333334,0.95,4824.896,7236.6827,21.58,6.616666666666666,4626.992,8045.0678,0.48333333333333334,0.48333333333333334,1.0,0.48333333333333334,0.2633333333333333,0.2743333333333333,0.8886124618342192,0.8886124618342192,4.891213389121339,803.211472361809,85.3,1.0,10,0.0,0.0
heat_latency_loss,3,2000,0.8,300,3,0,60,3600,0,0,300,14.94,0.9966666666666667,4625.083,8065.727200000005,21.53,6.803333333333334,4625.6935,8042.6062999999995,0.45666666666666667,0.45666666666666667,1.0,0.45666666666666667,0.23333333333333334,0.23833333333333334,0.8928089887640449,0.8928089887640449,4.892921348314607,803.0405778894473,85.2,1.0,10,0.0,0.0
heat_latency_loss,1,2000,0,400,3,0,60,3600,0,0,300,13.973333333333333,1.6433333333333333,4012.8645,4815.7131,17.096666666666668,3,4013.2915,4815.4489,1.0,1.0,1.0,1.0,1.0,0.9986666666666667,0.0,0.0,4.030756442227764,802.4261557788944,85.2,1.0,10,0.0,0.0
heat_latency_loss,2,2000,0,400,3,0,60,3600,0,0,300,13.723333333333333,1.57,4012.4555,4814.911700000001,16.873333333333335,3,4012.895,4815.5397,1.0,1.0,1.0,1.0,0.9966666666666667,0.9993333333333333,0.0,0.0,4.030317671216331,802.4017989949749,85.3,1.0,10,0.0,0.0
heat_latency_loss,3,2000,0,400,3,0,60,3600,0,0,300,13.936666666666667,1.6033333333333333,4013.361,4816.415599999999,16.706666666666667,3,4013.027,4815.4,1.0,1.0,1.0,1.0,1.0,0.9996666666666667,0.0,0.0,4.044013023031472,802.518,85.2,1.0,10,0.0,0.0
heat_latency_loss,1,2000,0.1,400,3,0,60,3600,0,0,300,13.963333333333333,1.6233333333333333,4213.5195,5014.7798,17.05666666666667,3,4213.9965,5015.5045,1.0,1.0,1.0,1.0,1.0,0.9996666666666667,0.03961456102783726,0.03961456102783726,4.208184630026172,802.523,85.2,1.0,10,0.0,0.0
heat_latency_loss,2,2000,0.1,400,3,0,60,3600,0,0,300,13.863333333333333,1.5833333333333333,4213.705,4817.6165,16.923333333333332,3,4213.431,4817.1865,1.0,1.0,1.0,1.0,0.9966666666666667,0.999,0.03826775431861804,0.03826775431861804,4.203214971209213,802.552,85.3,1.0,10,0.0,0.0
heat_latency_loss,3,2000,0.1,400,3,0,60,3600,0,0,300,13.856666666666667,1.5633333333333332,4212.463,5014.3095,16.793333333333333,3,4212.6055,4816.9457,1.0,1.0,1.0,1.0,1.0,0.9996666666666667,0.04243520192887282,0.04243520192887282,4.202772754671489,802.491,85.2,1.0,10,0.0,0.0
heat_latency_loss,1,2000,0.2,400,3,0,60,3600,0,0,300,13.9,1.6433333333333333,4414.622,5216.3367,17.066666666666666,3,4415.553,5217.5024,1.0,1.0,1.0,1.0,1.0,0.9986666666666667,0.13158522050059596,0.13158522050059596,4.361025029797378,802.584,85.2,1.0,10,0.0,0.0
heat_latency_loss,2,2000,0.2,400,3,0,60,3600,0,0,300,13.803333333333333,1.5866666666666667,4414.7305,5216.6577,16.98,3,4414.762,5217.5693,1.0,1.0,1.0,1.0,0.9966666666666667,0.9993333333333333,0.13065386922615477,0.13065386922615477,4.364847030593881,802.564,85.3,1.0,10,0.0,0.0
heat_latency_loss,3,2000,0.2,400,3,0,60,3600,0,0,300,13.956666666666667,1.6366666666666667,4414.854,5215.8527,17.04,3,4415.3325,5216.968599999999,1.0,1.0,1.0,1.0,1.0,1.0,0.13311108465293486,0.13311108465293486,4.369805929277295,802.6242914572864,85.2,1.0,10,0.0,0.0
heat_latency_loss,1,2000,0.3,400,3,0,60,3600,0,0,300,14.256666666666666,1.7,4614.372,5618.5601,17.513333333333332,3,4618.657,5618.3657,1.0,1.0,1.0,1.0,1.0,1.0,0.259413741165566,0.259413741165566,4.517784729463561,802.728,85.2,1.0,10,0.0,0.0
heat_latency_loss,2,2000,0.3,400,3,0,60,3600,0,0,300,14.196666666666667,1.6733333333333333,4616.5415,5442.469600000004,17.243333333333332,3,4614.309,5424.6224,1.0,1.0,1.0,1.0,0.9966666666666667,0.9993333333333333,0.2630098452883263,0.2630098452883263,4.518401312705111,802.71,85.3,1.0,10,0.0,0.0
heat_latency_loss,3,2000,0.3,400,3,0,60,3600,0,0,300,14.096666666666666,1.6466666666666667,4616.939,5420.4872000000005,17.086666666666666,3,4615.427,5420.8372,1.0,1.0,1.0,1.0,0.9966666666666667,0.999,0.2580721466587818,0.2580721466587818,4.5125960969840335,802.6635175879397,85.2,1.0,10,0.0,0.0
heat_latency_loss,1,2000,0.4,400,3,0,60,3600,0,0,300,15.13,1.9066666666666667,4821.855,6427.5825,17.98,3,4821.289,6048.319000000005,1.0,1.0,1.0,1.0,0.9966666666666667,0.995,0.41270895605003877,0.41270895605003877,4.6430864607550095,802.804,85.2,1.0,10,0.0,0.0
heat_latency_loss,2,2000,0.4,400,3,0,60,3600,0,0,300,14.933333333333334,1.8666666666666667,4820.4775,6222.964400000001,17.873333333333335,3,4820.888,6034.2806,1.0,1.0,1.0,1.0,0.9966666666666667,0.9976666666666667,0.4207112502795795,0.4207112502795795,4.6411317378662496,802.769,85.3,1.0,10,0.0,0.0
heat_latency_loss,3,2000,0.4,400,3,0,60,3600,0,0,300,15.02,1.8833333333333333,4821.2525,5850.387700000004,17.733333333333334,3,4819.045,5828.5432,1.0,1.0,1.0,1.0,0.9966666666666667,0.997,0.4097019941743222,0.4097019941743222,4.635895137799686,802.7832361809045,85.2,1.0,10,0.0,0.0
heat_latency_loss,1,2000,0.5,400,3,0,60,3600,0,0,300,16.39,2.0933333333333333,5218.371,7453.399100000004,19.993333333333332,3,5624.5045,7658.286500000005,1.0,1.0,1.0,1.0,0.9833333333333333,0.9723333333333334,0.5624563155267099,0.5624563155267099,4.751972041937094,802.9750150753769,85.2,1.0,10,0.0,0.0
heat_latency_loss,2,2000,0.5,400,3,0,60,3600,0,0,300,16.613333333333333,2.0966666666666667,5423.864,7631.299,19.82,3.1166666666666667,5423.945,7836.656099999999,0.9833333333333333,0.9833333333333333,1.0,0.9833333333333333,0.9733333333333334,0.971,0.5719859929964982,0.5719859929964982,4.754277138569285,802.949,85.3,1.0,10,0.0,0.0
heat_latency_loss,3,2000,0.5,400,3,0,60,3600,0,0,300,16.773333333333333,2.066666666666667,5424.8215,7631.8732,19.626666666666665,3.1166666666666667,5418.6785,7631.8549,0.9833333333333333,0.9833333333333333,1.0,0.9833333333333333,0.9833333333333333,0.9766666666666667,0.557636454682023,0.557636454682023,4.744917376064096,802.882095477387,85.2,1.0,10,0.0,0.0
heat_latency_loss,1,2000,0.6,400,3,0,60,3600,0,0,300,18.746666666666666,2.21,6029.002,9066.743100000005,22.01,3.466666666666667,5931.612,9048.3804,0.9333333333333333,0.9333333333333333,1.0,0.9333333333333333,0.8366666666666667,0.8356666666666667,0.7051935282023778,0.7051935282023778,4.8416912487708945,803.1234070351758,85.2,1.0,10,0.0,0.0
heat_latency_loss,2,2000,0.6,400,3,0,60,3600,0,0,300,18.246666666666666,2.1166666666666667,5830.134,8871.386800000004,21.743333333333332,3.466666666666667,5931.5225,8664.191800000004,0.9333333333333333,0.9333333333333333,1.0,0.9333333333333333,0.8233333333333334,0.8443333333333334,0.7004654558729579,0.7004654558729579,4.84092361047732,803.229487437186,85.2,1.0,10,0.0,0.0
heat_latency_loss,3,2000,0.6,400,3,0,60,3600,0,0,300,18.473333333333333,2.22,5830.2695,8845.216400000001,21.506666666666668,3.4433333333333334,5829.4155,8843.890300000001,0.9366666666666666,0.9366666666666666,1.0,0.9366666666666666,0.86,0.8556666666666667,0.7107928108749202,0.7107928108749202,4.84682054557066,803.264311557789,85.2,1.0,10,0.0,0.0
heat_latency_loss,1,2000,0.7,400,3,0,60,3600,0,0,300,16.003333333333334,1.38,5027.819,8435.4519,22.063333333333333,5.31,5031.816,8845.2455,0.67,0.67,1.0,0.67,0.46,0.4663333333333333,0.8324005291543706,0.8324005291543706,4.911264882466673,803.2182211055276,85.2,1.0,10,0.0,0.0
heat_latency_loss,2,2000,0.7,400,3,0,60,3600,0,0,300,17.106666666666666,1.5833333333333333,5825.9135,9048.8875,21.933333333333334,5.216666666666667,5030.256,8847.2496,0.6833333333333333,0.6833333333333333,1.0,0.6833333333333333,0.47333333333333333,0.4766666666666667,0.8308859761505863,0.8308859761505863,4.910811077165665,803.2866180904523,85.3,1.0,10,0.0,0.0
heat_latency_loss,3,2000,0.7,400,3,0,60,3600,0,0,300,17.08,1.67,5827.8665,8866.315900000003,22.983333333333334,5.1,5931.0565,9647.8311,0.7,0.7,1.0,0.7,0.53,0.516,0.8220040041948709,0.8220040041948709,4.905234054723997,803.2041959798995,85.2,1.0,10,0.0,0.0
heat_latency_loss,1,2000,0.8,400,3,0,60,3600,0,0,300,13.723333333333333,0.75,4025.791,7039.053,20.55666666666667,7.293333333333333,4025.5685,6833.1747000000005,0.38666666666666666,0.38666666666666666,1.0,0.38666666666666666,0.19333333333333333,0.17366666666666666,0.9195899209486166,0.9195899209486166,4.957509881422925,803.195527638191,85.2,1.0,10,0.0,0.0
heat_latency_loss,2,2000,0.8,400,3,0,60,3600,0,0,300,13.696666666666667,0.71,4024.565,7041.9917000000005,20.766666666666666,7.34,4025.051,7040.3541,0.38,0.38,1.0,0.38,0.16333333333333333,0.17933333333333334,0.9229445741673835,0.9229445741673835,4.963254270615706,1002.3954371859296,85.3,1.0,10,0.0,0.0
heat_latency_loss,3,2000,0.8,400,3,0,60,3600,0,0,300,12.923333333333334,0.62,4023.7615,6838.3767,20.713333333333335,7.013333333333334,4025.0135,7039.045099999999,0.4266666666666667,0.4266666666666667,1.0,0.4266666666666667,0.16666666666666666,0.14866666666666667,0.9245023162639289,0.9245023162639289,4.960686114936772,803.2635376884422,85.2,1.0,10,0.0,0.0
heat_latency_loss,1,2000,0,500,3,0,60,3600,0,0,300,13.95,1.6,5012.7175,6015.5022,16.923333333333332,3,5012.9385,6015.3357000000005,1.0,1.0,1.0,1.0,1.0,0.999,0.0009567089213106913,0.0009567089213106913,5.0,1002.421,85.2,1.0,10,0.0,0.0
heat_latency_loss,2,2000,0,500,3,0,60,3600,0,0,300,13.89,1.5966666666666667,5013.1125,6015.486,17.026666666666667,3,5012.9445,6015.8275,1.0,1.0,1.0,1.0,0.9966666666666667,0.9993333333333333,0.003343283582089552,0.003343283582089552,5.0,1002.441,85.2,1.0,10,0.0,0.0
heat_latency_loss,3,2000,0,500,3,0,60,3600,0,0,300,14.13,1.63,5013.1645,6015.9835,16.76,3,5013.101,6015.5635,1.0,1.0,1.0,1.0,1.0,0.9993333333333333,0.0010756543564001434,0.0010756543564001434,5.0,1002.422,85.2,1.0,10,0.0,0.0
heat_latency_loss,1,2000,0.1,500,3,0,60,3600,0,0,300,14.083333333333334,1.6966666666666668,5015.203,6018.254900000001,16.903333333333332,3,5014.7365,6017.338400000001,1.0,1.0,1.0,1.0,1.0,0.9996666666666667,0.18758932825154837,0.18758932825154837,5.0,1002.342,85.2,1.0,10,0.0,0.0
heat_latency_loss,2,2000,0.1,500,3,0,60,3600,0,0,300,14.113333333333333,1.7133333333333334,5015.0655,6017.802299999999,17.036666666666665,3,5015.1665,6017.277099999999,1.0,1.0,1.0,1.0,0.9966666666666667,0.9986666666666667,0.1906453522794553,0.1906453522794553,5.0,1002.32,85.3,1.0,10,0.0,0.0
heat_latency_loss,3,2000,0.1,500,3,0,60,3600,0,0,300,14.086666666666666,1.66,5015.215,6016.973099999999,16.963333333333335,3,5015.0505,6016.5358,1.0,1.0,1.0,1.0,1.0,0.9993333333333333,0.18490790255496137,0.18490790255496137,5.0,1002.3342311557789,85.2,1.0,10,0.0,0.0
heat_latency_loss,1,2000,0.2,500,3,0,60,3600,0,0,300,14.37,1.7933333333333332,5018.5515,6023.4992,17.81,3,5019.204,6025.4533,1.0,1.0,1.0,1.0,0.9966666666666667,0.9986666666666667,0.35400959561343387,0.35400959561343387,5.0,1002.316,85.2,1.0,10,0.0,0.0
heat_latency_loss,2,2000,0.2,500,3,0,60,3600,0,0,300,14.626666666666667,1.8333333333333333,5018.8865,6025.9653,17.643333333333334,3,5019.8535,6025.1827,1.0,1.0,1.0,1.0,0.9966666666666667,0.9993333333333333,0.35257943286641613,0.35257943286641613,5.0,1002.2982814070352,85.3,1.0,10,0.0,0.0
heat_latency_loss,3,2000,0.2,500,3,0,60,3600,0,0,300,14.3,1.6866666666666668,5017.294,6021.6462,17.833333333333332,3,5020.3865,6025.474,1.0,1.0,1.0,1.0,1.0,0.9983333333333333,0.35389016018306635,0.35389016018306635,5.0,1002.283,85.2,1.0,10,0.0,0.0
heat_latency_loss,1,2000,0.3,500,3,0,60,3600,0,0,300,15.893333333333333,2.0166666666666666,5025.2825,8028.1141,18.81,3,6014.85,7031.1365,1.0,1.0,1.0,1.0,0.9933333333333333,0.9893333333333333,0.5070970455262328,0.5070970455262328,5.0,1002.291,85.2,1.0,10,0.0,0.0
heat_latency_loss,2,2000,0.3,500,3,0,60,3600,0,0,300,15.856666666666667,1.9733333333333334,5025.393,7033.2943,18.596666666666668,3,5025.779,7029.275799999999,1.0,1.0,1.0,1.0,0.9933333333333333,0.9916666666666667,0.5189699025010598,0.5189699025010598,5.0,1002.265,85.3,1.0,10,0.0,0.0
heat_latency_loss,3,2000,0.3,500,3,0,60,3600,0,0,300,16.25,2.05,6017.3535,7136.361600000022,19.083333333333332,3.0233333333333334,5029.5055,7035.790599999999,0.9966666666666667,0.9966666666666667,1.0,0.9966666666666667,0.9933333333333333,0.993,0.5215103683070257,0.5215103683070257,5.0,1002.2951507537689,85.2,1.0,10,0.0,0.0
heat_latency_loss,1,2000,0.4,500,3,0,60,3600,0,0,300,17.93,2.276666666666667,6025.493,9036.0105,20.72,3.0933333333333333,6024.242,9036.404400000001,0.9866666666666667,0.9866666666666667,1.0,0.9866666666666667,0.9566666666666667,0.9496666666666667,0.6391675260148121,0.6391675260148121,5.0,1002.2576683417085,85.2,1.0,10,0.0,0.0
heat_latency_loss,2,2000,0.4,500,3,0,60,3600,0,0,300,17.536666666666665,2.1766666666666667,6025.15,9035.7014,20.8,3.256666666666667,6024.909,8040.0781,0.9633333333333334,0.9633333333333334,1.0,0.9633333333333334,0.92,0.934,0.6359749144811858,0.6359749144811858,5.0,1002.257,85.2,1.0,10,0.0,0.0
heat_latency_loss,3,2000,0.4,500,3,0,60,3600,0,0,300,17.043333333333333,2.013333333333333,6021.6885,8040.1444,20.833333333333332,3.1866666666666665,6024.894,8041.6359,0.9733333333333334,0.9733333333333334,1.0,0.9733333333333334,0.9333333333333333,0.9226666666666666,0.6407225905640435,0.6407225905640435,5.0,1002.256,85.2,1.0,10,0.0,0.0
heat_latency_loss,1,2000,0.5,500,3,0,60,3600,0,0,300,17.84,1.9966666666666666,6026.492,10044.5351,22.786666666666665,3.84,6036.2195,10039.8989,0.88,0.88,1.0,0.88,0.7233333333333334,0.7186666666666667,0.7453787604204422,0.7453787604204422,5.0,1002.253,85.2,1.0,10,0.0,0.0
heat_latency_loss,2,2000,0.5,500,3,0,60,3600,0,0,300,18.10333333333333,1.98,6027.7385,10041.819300000001,22.116666666666667,3.7933333333333334,6032.443,9043.8621,0.8866666666666667,0.8866666666666667,1.0,0.8866666666666667,0.7366666666666667,0.7333333333333333,0.7470717423133236,0.7470717423133236,5.0,1002.237,85.2,1.0,10,0.0,0.0
heat_latency_loss,3,2000,0.5,500,3,0,60,3600,0,0,300,18.04,2.0233333333333334,6028.7475,9044.812199999998,22.296666666666667,4.03,6031.5545,9045.9224,0.8533333333333334,0.8533333333333334,1.0,0.8533333333333334,0.7533333333333333,0.7293333333333334,0.7527543150936468,0.7527543150936468,5.0,1002.233,85.2,1.0,10,0.0,0.0
heat_latency_loss,1,2000,0.6,500,3,0,60,3600,0,0,300,17.05,1.5566666666666666,5030.091,10047.84,22.483333333333334,5.126666666666667,6028.758,9046.4906,0.6966666666666667,0.6966666666666667,1.0,0.6966666666666667,0.41,0.41333333333333333,0.8360782794032164,0.8360782794032164,5.0,1002.224,85.2,1.0,10,0.0,0.0
heat_latency_loss,2,2000,0.6,500,3,0,60,3600,0,0,300,16.43,1.4766666666666666,5028.755,9042.055400000001,22.043333333333333,5.43,5029.689,9043.769900000001,0.6533333333333333,0.6533333333333333,1.0,0.6533333333333333,0.4666666666666667,0.4573333333333333,0.8381922727731262,0.8381922727731262,5.0,1002.252,85.3,1.0,10,0.0,0.0
heat_latency_loss,3,2000,0.6,500,3,0,60,3600,0,0,300,16.44333333333333,1.4233333333333333,5027.391,9042.728,22.02,5.473333333333334,5029.6305,9044.9279,0.6466666666666666,0.6466666666666666,1.0,0.6466666666666666,0.43666666666666665,0.438,0.8439931292310802,0.8439931292310802,5.0,1002.2793768844222,85.2,1.0,10,0.0,0.0
heat_latency_loss,1,2000,0.7,500,3,0,60,3600,0,0,300,14.013333333333334,0.8166666666666667,5021.618,7040.818200000001,21.42,7.41,4024.687,8037.2392,0.37,0.37,1.0,0.37,0.23333333333333334,0.23366666666666666,0.9088854525990246,0.9088854525990246,5.0,1002.2548442211056,85.2,1.0,10,0.0,0.0
heat_latency_loss,2,2000,0.7,500,3,0,60,3600,0,0,300,14.29,0.8333333333333334,5021.496,8036.3053,20.86,7.316666666666666,4024.534,7037.901400000001,0.38333333333333336,0.38333333333333336,1.0,0.38333333333333336,0.22333333333333333,0.23133333333333334,0.9097005988023952,0.9097005988023952,5.0,1002.215391959799,85.3,1.0,10,0.0,0.0
heat_latency_loss,3,2000,0.7,500,3,0,60,3600,0,0,300,14.27,0.85,4525.199,8039.7071,20.56,7.036666666666667,4024.0325,8032.443200000001,0.42333333333333334,0.42333333333333334,1.0,0.42333333333333334,0.2,0.208,0.9090909090909091,0.9090909090909091,5.0,1002.2154020100503,85.2,1.0,10,0.0,0.0
heat_latency_loss,1,2000,0.8,500,3,0,60,3600,0,0,300,11.93,0.3233333333333333,4023.0215,6030.4219,19.80666666666667,7.993333333333333,4023.551,6032.077200000001,0.2866666666666667,0.2866666666666667,1.0,0.2866666666666667,0.08,0.08600000000000001,0.9587252562122701,0.9587252562122701,5.0,1002.2372361809046,85.2,1.0,10,0.0,0.0
heat_latency_loss,2,2000,0.8,500,3,0,60,3600,0,0,300,11.773333333333333,0.31333333333333335,4023.021,6031.6845,19.446666666666665,7.993333333333333,4023.4115,6028.4733,0.2866666666666667,0.2866666666666667,1.0,0.2866666666666667,0.11666666666666667,0.10533333333333333,0.9601033295063146,0.9601033295063146,5.0,1002.219959798995,85.2,1.0,10,0.0,0.0
heat_latency_loss,3,2000,0.8,500,3,0,60,3600,0,0,300,11.73,0.37333333333333335,4022.7965,6032.0899,20.006666666666668,8.28,4023.369,6033.3895,0.24666666666666667,0.24666666666666667,1.0,0.24666666666666667,0.1,0.10833333333333334,0.9607787409407418,0.9607787409407418,5.0,1002.2383819095477,85.2,1.0,10,0.0,0.0
heat_latency_loss,1,2000,0,50,3,0,60,3600,0,0,300,13.95,1.5833333333333333,512.101,614.9584,16.776666666666667,3,512.2705,614.5343,1.0,1.0,1.0,1.0,1.0,0.9996666666666667,0.0,0.0,1.0,102.317,85.2,1.0,10,0.0,0.0
heat_latency_loss,2,2000,0,50,3,0,60,3600,0,0,300,13.783333333333333,1.59,512.3165,614.9376,16.75,3,512.411,615.3079,1.0,1.0,1.0,1.0,0.9966666666666667,0.9996666666666667,0.0,0.0,1.0,102.35,85.2,1.0,10,0.0,0.0
heat_latency_loss,3,2000,0,50,3,0,60,3600,0,0,300,13.986666666666666,1.5933333333333333,512.4705,615.2588000000001,16.823333333333334,3,512.6645,614.9704,1.0,1.0,1.0,1.0,1.0,1.0,0.0,0.0,1.0,102.35595979899497,85.2,1.0,10,0.0,0.0
heat_latency_loss,1,2000,0.1,50,3,0,60,3600,0,0,300,13.733333333333333,1.6633333333333333,808.584,1017.5059,16.67,3,765.3955,1031.955100000002,1.0,1.0,1.0,1.0,1.0,1.0,0.0003649191095973726,0.0003649191095973726,1.2437659652110449,102.431,85.2,1.0,10,0.0,0.0
heat_latency_loss,2,2000,0.1,50,3,0,60,3600,0,0,300,13.78,1.7,716.9565,1017.6991999999999,16.636666666666667,3,715.6205,1013.6615,1.0,1.0,1.0,1.0,0.9966666666666667,0.9993333333333333,0.00048632218844984804,0.00048632218844984804,1.2329483282674771,102.392,85.2,1.0,10,0.0,0.0
heat_latency_loss,3,2000,0.1,50,3,0,60,3600,0,0,300,13.74,1.5966666666666667,714.206,1014.2539,16.543333333333333,3,808.6585,1015.8185,1.0,1.0,1.0,1.0,1.0,0.9996666666666667,0.0002443494196701283,0.0002443494196701283,1.238240684178375,102.386,85.2,1.0,10,0.0,0.0
heat_latency_loss,1,2000,0.2,50,3,0,60,3600,0,0,300,13.59,1.7233333333333334,1112.917,1516.8973999999998,16.643333333333334,3,1115.3135,1518.0466999999999,1.0,1.0,1.0,1.0,1.0,0.9996666666666667,0.007466340269277846,0.007466340269277846,1.5555691554467563,102.71237185929648,85.2,1.0,10,0.0,0.0
heat_latency_loss,2,2000,0.2,50,3,0,60,3600,0,0,300,13.376666666666667,1.6333333333333333,1109.467,1513.8035,16.69,3,1113.6995,1517.3788,1.0,1.0,1.0,1.0,0.9966666666666667,0.9993333333333333,0.006157635467980296,0.006157635467980296,1.5401477832512316,102.668,85.3,1.0,10,0.0,0.0
heat_latency_loss,3,2000,0.2,50,3,0,60,3600,0,0,300,13.653333333333334,1.7133333333333334,1112.6945,1515.2013,16.526666666666667,3,1114.1835,1613.7303,1.0,1.0,1.0,1.0,1.0,0.9996666666666667,0.0060093205788570025,0.0060093205788570025,1.5583762570517536,102.694,85.2,1.0,10,0.0,0.0
heat_latency_loss,1,2000,0.3,50,3,0,60,3600,0,0,300,13.27,1.6366666666666667,1514.5925,2032.3655000000022,16.633333333333333,3,1518.5435,2021.6085,1.0,1.0,1.0,1.0,1.0,0.9996666666666667,0.031346797175071245,0.031346797175071245,1.9489530417544294,103.60256281407035,85.2,1.0,10,0.0,0.0
heat_latency_loss,2,2000,0.3,50,3,0,60,3600,0,0,300,13.36,1.6533333333333333,1614.388,2117.3912,16.493333333333332,3,1524.242,2120.4548999999997,1.0,1.0,1.0,1.0,0.9966666666666667,0.998,0.038356504468718966,0.038356504468718966,2.000248262164846,302.1053969849246,85.3,1.0,10,0.0,0.0
heat_latency_loss,3,2000,0.3,50,3,0,60,3600,0,0,300,13.503333333333334,1.7433333333333334,1615.0485,2117.4069,16.51,3,1517.3745,2121.1283,1.0,1.0,1.0,1.0,1.0,0.9996666666666667,0.03874629812438302,0.03874629812438302,1.997655478775913,104.0060703517588,85.2,1.0,10,0.0,0.0
heat_latency_loss,1,2000,0.4,50,3,0,60,3600,0,0,300,13.413333333333334,1.7233333333333334,2016.7125,2623.1716,16.486666666666668,3,2116.761,2720.8419,1.0,1.0,1.0,1.0,1.0,1.0,0.10644361833952912,0.10644361833952912,2.4674101610904584,303.07811557788943,85.2,1.0,10,0.0,0.0
heat_latency_loss,2,2000,0.4,50,3,0,60,3600,0,0,300,13.486666666666666,1.72,2115.0975,2724.7492,16.476666666666667,3,2115.202,2718.1715,1.0,1.0,1.0,1.0,0.9966666666666667,0.9986666666666667,0.10891333910248485,0.10891333910248485,2.4837433551736927,303.11482412060303,85.3,1.0,10,0.0,0.0
heat_latency_loss,3,2000,0.4,50,3,0,60,3600,0,0,300,13.493333333333334,1.6666666666666667,2119.3565,2721.5432,16.536666666666665,3,2116.2245,2722.4462000000003,1.0,1.0,1.0,1.0,1.0,0.999,0.10778147737082254,0.10778147737082254,2.493032433099026,303.156,85.2,1.0,10,0.0,0.0
heat_latency_loss,1,2000,0.5,50,3,0,60,3600,0,0,300,13.71,1.7933333333333332,2624.9985,3624.0769,16.763333333333332,3,2817.7055,3524.973,1.0,1.0,1.0,1.0,1.0,0.9996666666666667,0.23440912399902936,0.23440912399902936,3.0655180781363747,303.728,85.2,1.0,10,0.0,0.0
heat_latency_loss,2,2000,0.5,50,3,0,60,3600,0,0,300,13.706666666666667,1.83,2720.512,3524.8302999999996,16.8,3,2720.4195,3520.3967000000002,1.0,1.0,1.0,1.0,0.9966666666666667,0.9996666666666667,0.23897237033446436,0.23897237033446436,3.057804168686379,303.701,85.3,1.0,10,0.0,0.0
heat_latency_loss,3,2000,0.5,50,3,0,60,3600,0,0,300,13.646666666666667,1.7466666666666666,2719.159,3427.04,16.67,3,2717.6775,3428.9859,1.0,1.0,1.0,1.0,1.0,0.9996666666666667,0.23709579011592435,0.23709579011592435,3.0438071995118974,303.6314120603015,85.2,1.0,10,0.0,0.0
heat_latency_loss,1,2000,0.6,50,3,0,60,3600,0,0,300,14.416666666666666,1.9466666666666668,3520.203,4627.1878,17.45,3,3474.024,4630.384099999999,1.0,1.0,1.0,1.0,1.0,0.9973333333333333,0.4128175519630485,0.4128175519630485,3.6463048498845265,503.54264321608036,85.2,1.0,10,0.0,0.0
heat_latency_loss,2,2000,0.6,50,3,0,60,3600,0,0,300,14.316666666666666,1.8866666666666667,3324.625,4530.6448,17.126666666666665,3,3423.9065,4330.5107,1.0,1.0,1.0,1.0,0.9966666666666667,0.999,0.41755537325676784,0.41755537325676784,3.609750380874253,304.45592462311555,85.3,1.0,10,0.0,0.0
heat_latency_loss,3,2000,0.6,50,3,0,60,3600,0,0,300,14.66,1.9,3429.253,4733.4195,17.366666666666667,3,3423.6455,4628.1668,1.0,1.0,1.0,1.0,1.0,1.0,0.42087735415709693,0.42087735415709693,3.63562241616904,304.45234170854275,85.2,1.0,10,0.0,0.0
heat_latency_loss,1,2000,0.7,50,3,0,60,3600,0,0,300,16.633333333333333,2.14,4477.1785,6943.8792,20.043333333333333,3.14,4579.5275,6942.9775,0.98,0.98,1.0,0.98,0.9466666666666667,0.947,0.62190637113607,0.62190637113607,4.185568034986582,504.0271105527638,85.2,1.0,10,0.0,0.0
heat_latency_loss,2,2000,0.7,50,3,0,60,3600,0,0,300,17.186666666666667,2.3,4727.64,7155.680500000002,19.803333333333335,3.1166666666666667,4525.492,6840.611,0.9833333333333333,0.9833333333333333,1.0,0.9833333333333333,0.9233333333333333,0.9263333333333333,0.6322574296398347,0.6322574296398347,4.200551072623499,503.92,85.2,1.0,10,0.0,0.0
heat_latency_loss,3,2000,0.7,50,3,0,60,3600,0,0,300,16.446666666666665,2.1733333333333333,4429.496,6642.4711,19.6,3.14,4479.275,6457.4891000000025,0.98,0.98,1.0,0.98,0.93,0.933,0.6242909238249594,0.6242909238249594,4.1850688816855754,503.965,85.2,1.0,10,0.0,0.0
heat_latency_loss,1,2000,0.8,50,3,0,60,3600,0,0,300,17.243333333333332,1.8033333333333332,5029.383,8056.402200000002,21.633333333333333,5.38,5026.345,7445.1994,0.66,0.66,1.0,0.66,0.5533333333333333,0.5476666666666666,0.8180913523733705,0.8180913523733705,4.614588516270276,504.0170904522613,85.2,1.0,10,0.0,0.0
heat_latency_loss,2,2000,0.8,50,3,0,60,3600,0,0,300,17.236666666666668,1.7233333333333334,5029.2015,8362.142300000003,22.37,5.1,5231.5235,7946.4175,0.7,0.7,1.0,0.7,0.5,0.495,0.8181027820710973,0.8181027820710973,4.619783616692427,504.0817286432161,85.3,1.0,10,0.0,0.0
heat_latency_loss,3,2000,0.8,50,3,0,60,3600,0,0,300,16.72,1.7066666666666668,5028.4825,7960.853100000002,22.38,5.45,5028.7295,7855.6231000000025,0.65,0.65,1.0,0.65,0.4633333333333333,0.48033333333333333,0.8172362555720654,0.8172362555720654,4.6252600297176825,504.21,85.2,1.0,10,0.0,0.0
heat_latency_loss,1,2000,0,600,3,0,60,3600,0,0,300,10,0,4022.8435,4024.7142999999996,18.69333333333333,8.693333333333333,4023.743,4027.0287000000003,0.18666666666666668,0.18666666666666668,1.0,0.18666666666666668,0.03333333333333333,0.028666666666666667,1.0,1.0,5.0,nan,85.2,1.0,10,0.0,0.0
heat_latency_loss,2,2000,0,600,3,0,60,3600,0,0,300,10,0,4022.782,4024.8391,19.113333333333333,9.113333333333333,4024.3,4027.3272,0.12666666666666668,0.12666666666666668,1.0,0.12666666666666668,0.03333333333333333,0.03666666666666667,1.0,1.0,5.0,nan,85.3,1.0,10,0.0,0.0
heat_latency_loss,3,2000,0,600,3,0,60,3600,0,0,300,10,0,4022.387,4024.5616,18.95,8.95,4023.6575,4026.3363999999997,0.15,0.15,1.0,0.15,0.03,0.034,1.0,1.0,5.0,nan,85.2,1.0,10,0.0,0.0
heat_latency_loss,1,2000,0.1,600,3,0,60,3600,0,0,300,10,0,4022.6695,4024.7657000000004,18.786666666666665,8.786666666666667,4024.243,4027.3637000000003,0.17333333333333334,0.17333333333333334,1.0,0.17333333333333334,0.03333333333333333,0.041666666666666664,1.0,1.0,5.0,nan,85.2,1.0,10,0.0,0.0
heat_latency_loss,2,2000,0.1,600,3,0,60,3600,0,0,300,10,0,4022.514,4024.4527000000003,18.436666666666667,8.436666666666667,4023.781,4027.6778999999997,0.22333333333333333,0.22333333333333333,1.0,0.22333333333333333,0.05,0.04833333333333333,1.0,1.0,5.0,nan,85.3,1.0,10,0.0,0.0
heat_latency_loss,3,2000,0.1,600,3,0,60,3600,0,0,300,10,0,4022.562,4024.7802,18.77,8.77,4023.8885,4026.8126,0.17666666666666667,0.17666666666666667,1.0,0.17666666666666667,0.023333333333333334,0.029,1.0,1.0,5.0,nan,85.2,1.0,10,0.0,0.0
heat_latency_loss,1,2000,0.2,600,3,0,60,3600,0,0,300,10,0,4022.7175,4025.0006000000003,18.79,8.79,4023.983,4027.2093,0.17333333333333334,0.17333333333333334,1.0,0.17333333333333334,0.05,0.039,1.0,1.0,5.0,nan,85.2,1.0,10,0.0,0.0
heat_latency_loss,2,2000,0.2,600,3,0,60,3600,0,0,300,10,0,4022.4625,4024.7871,18.676666666666666,8.676666666666666,4023.525,4027.3211,0.19,0.19,1.0,0.19,0.06,0.04933333333333333,1.0,1.0,5.0,nan,85.3,1.0,10,0.0,0.0
heat_latency_loss,3,2000,0.2,600,3,0,60,3600,0,0,300,10,0,4022.532,4025.0604,18.856666666666666,8.856666666666667,4023.8545,4027.4266000000002,0.16333333333333333,0.16333333333333333,1.0,0.16333333333333333,0.03666666666666667,0.03233333333333333,1.0,1.0,5.0,nan,85.2,1.0,10,0.0,0.0
heat_latency_loss,1,2000,0.3,600,3,0,60,3600,0,0,300,10,0,4022.741,4025.1279,18.69333333333333,8.693333333333333,4023.618,4027.1798,0.18666666666666668,0.18666666666666668,1.0,0.18666666666666668,0.04,0.04633333333333333,1.0,1.0,5.0,nan,85.2,1.0,10,0.0,0.0
heat_latency_loss,2,2000,0.3,600,3,0,60,3600,0,0,300,10,0,4022.8315,4024.8011,19.066666666666666,9.066666666666666,4024.0175,4027.3811,0.13333333333333333,0.13333333333333333,1.0,0.13333333333333333,0.03666666666666667,0.027333333333333334,1.0,1.0,5.0,nan,85.3,1.0,10,0.0,0.0
heat_latency_loss,3,2000,0.3,600,3,0,60,3600,0,0,300,10,0,4022.541,4024.4559,18.74,8.74,4024.046,4026.8975,0.18,0.18,1.0,0.18,0.03,0.038,1.0,1.0,5.0,nan,85.2,1.0,10,0.0,0.0
heat_latency_loss,1,2000,0.4,600,3,0,60,3600,0,0,300,10,0,4022.6215,4025.1562999999996,18.926666666666666,8.926666666666666,4024.5355,4028.8085,0.15333333333333332,0.15333333333333332,1.0,0.15333333333333332,0.043333333333333335,0.043333333333333335,1.0,1.0,5.0,nan,85.2,1.0,10,0.0,0.0
heat_latency_loss,2,2000,0.4,600,3,0,60,3600,0,0,300,10,0,4022.5775,4024.5316000000003,19.066666666666666,9.066666666666666,4023.614,4026.6868999999997,0.13333333333333333,0.13333333333333333,1.0,0.13333333333333333,0.04,0.034333333333333334,1.0,1.0,5.0,nan,85.3,1.0,10,0.0,0.0
heat_latency_loss,3,2000,0.4,600,3,0,60,3600,0,0,300,10,0,4022.4365,4025.0467999999996,18.743333333333332,8.743333333333334,4023.701,4026.945,0.18,0.18,1.0,0.18,0.06,0.047,1.0,1.0,5.0,nan,85.2,1.0,10,0.0,0.0
heat_latency_loss,1,2000,0.5,600,3,0,60,3600,0,0,300,10,0,4022.526,4024.4106,18.74,8.74,4023.6925,4026.4905,0.18,0.18,1.0,0.18,0.02,0.026333333333333334,1.0,1.0,5.0,nan,85.2,1.0,10,0.0,0.0
heat_latency_loss,2,2000,0.5,600,3,0,60,3600,0,0,300,10,0,4022.6735,4024.538,18.74,8.74,4024.081,4027.2673999999997,0.18,0.18,1.0,0.18,0.04666666666666667,0.03866666666666667,1.0,1.0,5.0,nan,85.3,1.0,10,0.0,0.0
heat_latency_loss,3,2000,0.5,600,3,0,60,3600,0,0,300,10,0,4022.4355,4024.6313999999998,18.53,8.53,4024.0285,4027.2722000000003,0.21,0.21,1.0,0.21,0.05333333333333334,0.036333333333333336,1.0,1.0,5.0,nan,85.2,1.0,10,0.0,0.0
heat_latency_loss,1,2000,0.6,600,3,0,60,3600,0,0,300,10,0,4022.5985,4024.4547000000002,18.716666666666665,8.716666666666667,4024.116,4027.0998,0.18333333333333332,0.18333333333333332,1.0,0.18333333333333332,0.03,0.027333333333333334,1.0,1.0,5.0,nan,85.2,1.0,10,0.0,0.0
heat_latency_loss,2,2000,0.6,600,3,0,60,3600,0,0,300,10,0,4022.526,4024.7162000000003,18.903333333333332,8.903333333333334,4023.536,4026.84,0.15666666666666668,0.15666666666666668,1.0,0.15666666666666668,0.06,0.05,1.0,1.0,5.0,nan,85.3,1.0,10,0.0,0.0
heat_latency_loss,3,2000,0.6,600,3,0,60,3600,0,0,300,10,0,4022.4085,4024.5478,18.786666666666665,8.786666666666667,4023.7225,4026.6246,0.17333333333333334,0.17333333333333334,1.0,0.17333333333333334,0.03,0.038,1.0,1.0,5.0,nan,85.2,1.0,10,0.0,0.0
heat_latency_loss,1,2000,0.7,600,3,0,60,3600,0,0,300,10,0,4022.4,4024.3755,18.903333333333332,8.903333333333334,4023.5945,4026.6031000000003,0.15666666666666668,0.15666666666666668,1.0,0.15666666666666668,0.03666666666666667,0.03866666666666667,1.0,1.0,5.0,nan,85.2,1.0,10,0.0,0.0
heat_latency_loss,2,2000,0.7,600,3,0,60,3600,0,0,300,10,0,4022.3115,4024.3082999999997,18.716666666666665,8.716666666666667,4023.839,4027.311,0.18333333333333332,0.18333333333333332,1.0,0.18333333333333332,0.03666666666666667,0.04466666666666667,1.0,1.0,5.0,nan,85.3,1.0,10,0.0,0.0
heat_latency_loss,3,2000,0.7,600,3,0,60,3600,0,0,300,10,0,4022.316,4024.7424,18.81,8.81,4023.398,4027.0078,0.17,0.17,1.0,0.17,0.043333333333333335,0.03933333333333333,1.0,1.0,5.0,nan,85.2,1.0,10,0.0,0.0
heat_latency_loss,1,2000,0.8,600,3,0,60,3600,0,0,300,10,0,4022.559,4024.6911,18.763333333333332,8.763333333333334,4023.6555,4026.9155,0.17666666666666667,0.17666666666666667,1.0,0.17666666666666667,0.02666666666666667,0.032,1.0,1.0,5.0,nan,85.2,1.0,10,0.0,0.0
heat_latency_loss,2,2000,0.8,600,3,0,60,3600,0,0,300,10,0,4022.5035,4024.4008,18.88,8.88,4024.1015,4027.6941,0.16,0.16,1.0,0.16,0.056666666666666664,0.04733333333333333,1.0,1.0,5.0,nan,85.3,1.0,10,0.0,0.0
heat_latency_loss,3,2000,0.8,600,3,0,60,3600,0,0,300,10,0,4022.3805,4024.4822000000004,18.88,8.88,4023.716,4027.1038,0.16,0.16,1.0,0.16,0.056666666666666664,0.03966666666666667,1.0,1.0,5.0,nan,85.2,1.0,10,0.0,0.0
heat_loss_size,1,1000,0,5,3,0,60,3600,0,0,500,13.21,1.418,61.54,72.49980000000001,16.284,3,61.801,74.02239999999999,1.0,1.0,1.0,1.0,0.996,0.9992,0.0,0.0,1.0,12.336281407035175,75.3,1.0,10,0.0,0.0
heat_loss_size,2,1000,0,5,3,0,60,3600,0,0,500,13.326,1.416,61.705,72.76190000000001,16.282,3,61.6005,73.3225,1.0,1.0,1.0,1.0,0.996,0.999,0.0,0.0,1.0,12.33,75.2,1.0,10,0.0,0.0
heat_loss_size,3,1000,0,5,3,0,60,3600,0,0,500,13.29,1.404,61.781,66.0315,16.056,3,61.4575,66.2273,1.0,1.0,1.0,1.0,1.0,0.9994,0.0,0.0,1.0,12.327,75.2,1.0,10,0.0,0.0
heat_loss_size,1,1000,0.1,5,3,0,60,3600,0,0,500,12.932,1.416,290.3455,639.9636999999999,16.1,3,414.406,640.3118000000001,1.0,1.0,1.0,1.0,0.996,0.999,0.00015365703749231714,0.00015365703749231714,1.2402427781192378,12.368,75.3,1.0,10,0.0,0.0
heat_loss_size,2,1000,0.1,5,3,0,60,3600,0,0,500,13.084,1.416,413.677,640.1586,16.134,3,331.4865,630.9546000000003,1.0,1.0,1.0,1.0,0.996,0.9982,7.628346937218705e-05,7.628346937218705e-05,1.2322831642383096,12.389,75.2,1.0,10,0.0,0.0
heat_loss_size,3,1000,0.1,5,3,0,60,3600,0,0,500,13.264,1.504,413.9745,651.7982,15.896,3,287.0465,618.3439000000003,1.0,1.0,1.0,1.0,1.0,0.999,0.00045871559633027525,0.00045871559633027525,1.234480122324159,12.378,75.2,1.0,10,0.0,0.0
heat_loss_size,1,1000,0.2,5,3,0,60,3600,0,0,500,13.002,1.464,652.6105,1069.4701,16.088,3,664.354,1054.6721,1.0,1.0,1.0,1.0,0.996,0.999,0.005902644691452664,0.005902644691452664,1.5448064392487544,12.63308040201005,75.3,1.0,10,0.0,0.0
heat_loss_size,2,1000,0.2,5,3,0,60,3600,0,0,500,12.938,1.45,653.251,1053.0845,15.99,3,665.1585,1066.6632,1.0,1.0,1.0,1.0,0.996,0.9986,0.005168157975933354,0.005168157975933354,1.5573125578525147,12.66640201005025,75.2,1.0,10,0.0,0.0
heat_loss_size,3,1000,0.2,5,3,0,60,3600,0,0,500,12.97,1.446,662.918,1067.3818,15.934,3,659.5145,1065.5981000000002,1.0,1.0,1.0,1.0,1.0,1.0,0.005327362569487338,0.005327362569487338,1.5569796170475603,12.655,75.2,1.0,10,0.0,0.0
heat_loss_size,1,1000,0.3,5,3,0,60,3600,0,0,500,12.868,1.47,1054.095,1643.8392,16.078,3,1078.453,1648.1335,1.0,1.0,1.0,1.0,0.996,0.9986,0.033685346488861484,0.033685346488861484,1.9594542511369768,13.682989949748743,75.3,1.0,10,0.0,0.0
heat_loss_size,2,1000,0.3,5,3,0,60,3600,0,0,500,12.98,1.52,1079.554,1657.2131000000002,15.936,3,1068.6375,1646.1122,1.0,1.0,1.0,1.0,0.996,0.9982,0.03519061583577713,0.03519061583577713,1.9640376601327365,13.564728643216078,75.2,1.0,10,0.0,0.0
heat_loss_size,3,1000,0.3,5,3,0,60,3600,0,0,500,12.952,1.436,1060.5025,1669.5296,16.012,3,1073.298,1670.6338,1.0,1.0,1.0,1.0,1.0,0.9996,0.032968725928208285,0.032968725928208285,1.969727314743491,13.85,75.2,1.0,10,0.0,0.0
heat_loss_size,1,1000,0.4,5,3,0,60,3600,0,0,500,12.882,1.47,1646.069,2236.6494,16.066,3,1658.2875,2285.2893,1.0,1.0,1.0,1.0,0.996,0.9988,0.10729150608910128,0.10729150608910128,2.4646215507938956,213.021,75.3,1.0,10,0.0,0.0
heat_loss_size,2,1000,0.4,5,3,0,60,3600,0,0,500,13.008,1.516,1657.7915,2297.5807,15.996,3,1658.117,2263.9291000000003,1.0,1.0,1.0,1.0,0.996,0.9986,0.1119058606368251,0.1119058606368251,2.4908475619135517,213.07701005025126,75.2,1.0,10,0.0,0.0
heat_loss_size,3,1000,0.4,5,3,0,60,3600,0,0,500,12.99,1.512,1658.1715,2271.0861,16.012,3,1657.465,2260.7599,1.0,1.0,1.0,1.0,1.0,0.9992,0.11229905391892932,0.11229905391892932,2.487885547265595,213.07699497487437,75.2,1.0,10,0.0,0.0
heat_loss_size,1,1000,0.5,5,3,0,60,3600,0,0,500,13.14,1.592,2261.6865,3052.2286,16.108,3,2250.901,3063.2794,1.0,1.0,1.0,1.0,0.996,0.999,0.23056994818652848,0.23056994818652848,3.0329929899420907,213.62373869346735,75.3,1.0,10,0.0,0.0
heat_loss_size,2,1000,0.5,5,3,0,60,3600,0,0,500,12.996,1.48,2255.3145,3031.1433,16.08,3,2274.4945,3077.2605,1.0,1.0,1.0,1.0,0.996,0.9984,0.2377665286086823,0.2377665286086823,3.060362018714527,213.641,75.2,1.0,10,0.0,0.0
heat_loss_size,3,1000,0.5,5,3,0,60,3600,0,0,500,13.068,1.54,2248.8625,3031.3368000000005,16.026,3,2261.228,3053.3277000000003,1.0,1.0,1.0,1.0,1.0,0.9996,0.22610561814976624,0.22610561814976624,3.024603357093585,213.654,75.2,1.0,10,0.0,0.0
heat_loss_size,1,1000,0.6,5,3,0,60,3600,0,0,500,13.78,1.716,3028.545,4097.718200000004,16.702,3,3040.267,4038.7708000000002,1.0,1.0,1.0,1.0,0.99,0.9972,0.41481697110836185,0.41481697110836185,3.619314460374063,214.52560301507538,75.3,1.0,10,0.0,0.0
heat_loss_size,2,1000,0.6,5,3,0,60,3600,0,0,500,13.688,1.706,3056.737,4258.8115,16.962,3,3053.2845,4249.8258,1.0,1.0,1.0,1.0,0.994,0.9956,0.4250994575045208,0.4250994575045208,3.6566365280289332,413.33440201005027,75.2,1.0,10,0.0,0.0
heat_loss_size,3,1000,0.6,5,3,0,60,3600,0,0,500,13.722,1.64,3054.0885,4044.635,16.432,3,3040.0945,4021.8412000000003,1.0,1.0,1.0,1.0,0.996,0.9962,0.4208588053325477,0.4208588053325477,3.6538999779038077,413.2947688442211,75.2,1.0,10,0.0,0.0
heat_loss_size,1,1000,0.7,5,3,0,60,3600,0,0,500,15.744,2.038,4035.679,6070.665,19.02,3.14,4037.431,6060.213900000001,0.98,0.98,1.0,0.98,0.936,0.9334,0.6193397419681255,0.6193397419681255,4.16000505944852,413.7842412060301,75.3,1.0,10,0.0,0.0
heat_loss_size,2,1000,0.7,5,3,0,60,3600,0,0,500,15.944,1.996,4045.143,6111.275900000003,18.858,3.168,4056.928,6042.986900000001,0.976,0.976,1.0,0.976,0.92,0.9244,0.6259720553834481,0.6259720553834481,4.174179680091041,413.836,75.2,1.0,10,0.0,0.0
heat_loss_size,3,1000,0.7,5,3,0,60,3600,0,0,500,15.744,1.982,4036.802,6098.680500000004,19.056,3.112,4046.8815,6259.121,0.984,0.984,1.0,0.984,0.9,0.9154,0.6310275183034587,0.6310275183034587,4.195215854582176,413.93637185929646,75.2,1.0,10,0.0,0.0
heat_loss_size,1,1000,0.8,5,3,0,60,3600,0,0,500,16.046,1.642,4556.5095,7451.526400000001,21.39,5.03,5026.344,7670.8497,0.71,0.71,1.0,0.71,0.46,0.4732,0.8125655742763686,0.8125655742763686,4.608961303462322,414.0521407035176,75.3,1.0,10,0.0,0.0
heat_loss_size,2,1000,0.8,5,3,0,60,3600,0,0,500,16.078,1.56,4840.2445,7653.593400000001,20.972,5.03,4651.705,7262.19,0.71,0.71,1.0,0.71,0.444,0.4408,0.8174266083697689,0.8174266083697689,4.624109931292942,414.195,75.2,1.0,10,0.0,0.0
heat_loss_size,3,1000,0.8,5,3,0,60,3600,0,0,500,15.856,1.54,4641.6275,7461.4435,20.918,4.834,4839.3555,7469.7982,0.738,0.738,1.0,0.738,0.428,0.4314,0.8190356919223544,0.8190356919223544,4.628553537883532,414.20775879396984,75.2,1.0,10,0.0,0.0
heat_loss_size,1,1000,0.9,5,3,0,60,3600,0,0,500,11.56,0.394,4022.732,5029.9502,19.58,7.708,4023.0925,5874.740300000003,0.328,0.328,1.0,0.328,0.126,0.1278,0.9479344486172755,0.9479344486172755,4.892881529532263,414.1288743718593,75.3,1.0,10,0.0,0.0
heat_loss_size,2,1000,0.9,5,3,0,60,3600,0,0,500,11.492,0.316,4022.51,5029.027599999999,19.518,7.774,4022.677,5643.0685,0.318,0.318,1.0,0.318,0.096,0.1132,0.953520399380272,0.953520399380272,4.903253572043381,414.1220854271357,75.2,1.0,10,0.0,0.0
heat_loss_size,3,1000,0.9,5,3,0,60,3600,0,0,500,11.594,0.376,4022.6255,5030.347900000001,19.576,7.634,4022.987,5844.401599999999,0.338,0.338,1.0,0.338,0.136,0.1206,0.9473997280761387,0.9473997280761387,4.886386811692726,413.98710552763816,75.2,1.0,10,0.0,0.0
heat_loss_size,1,16000,0,5,3,0,60,3600,0,0,500,15.892,2.216,76.738,86.8837,18.832,3,77.1075,87.54560000000001,1.0,1.0,1.0,1.0,1.0,1.0,0.0,0.0,1.0,12.878,115.2,1.0,10,0.0,0.0
heat_loss_size,2,16000,0,5,3,0,60,3600,0,0,500,15.862,2.24,76.83,89.7874,18.946,3,77.6695,89.37,1.0,1.0,1.0,1.0,1.0,1.0,0.0,0.0,1.0,12.88045728643216,115.2,1.0,10,0.0,0.0
heat_loss_size,3,16000,0,5,3,0,60,3600,0,0,500,15.93,2.288,76.2555,89.2872,19.014,3,77.212,90.1011,1.0,1.0,1.0,1.0,1.0,1.0,0.0,0.0,1.0,12.801628140703517,115.2,1.0,10,0.0,0.0
heat_loss_size,1,16000,0.1,5,3,0,60,3600,0,0,500,15.296,2.36,427.964,670.8457000000001,18.382,3,429.5025,669.3524,1.0,1.0,1.0,1.0,1.0,1.0,0.00039115978877371407,0.00039115978877371407,1.2373687984875155,13.286,115.2,1.0,10,0.0,0.0
heat_loss_size,2,16000,0.1,5,3,0,60,3600,0,0,500,15.286,2.358,414.432,657.6355,18.358,3,428.174,671.3568,1.0,1.0,1.0,1.0,1.0,1.0,0.0005221250489492234,0.0005221250489492234,1.22869077143976,13.391,115.2,1.0,10,0.0,0.0
heat_loss_size,3,16000,0.1,5,3,0,60,3600,0,0,500,15.252,2.362,427.224,670.3974000000001,18.304,3,438.646,667.4496,1.0,1.0,1.0,1.0,1.0,1.0,0.00019636078020683335,0.00019636078020683335,1.2394946982589343,13.388,115.2,1.0,10,0.0,0.0
heat_loss_size,1,16000,0.2,5,3,0,60,3600,0,0,500,14.962,2.354,833.8425,1257.0786,17.922,3,706.1185,1253.7416,1.0,1.0,1.0,1.0,1.0,1.0,0.0069602462856378,0.0069602462856378,1.5697363137464864,13.761,115.2,1.0,10,0.0,0.0
heat_loss_size,2,16000,0.2,5,3,0,60,3600,0,0,500,15.16,2.498,817.326,1124.8923,18.156,3,710.148,1084.37,1.0,1.0,1.0,1.0,1.0,1.0,0.0046839952500329855,0.0046839952500329855,1.536812244359414,13.648904522613066,115.2,1.0,10,0.0,0.0
heat_loss_size,3,16000,0.2,5,3,0,60,3600,0,0,500,15.012,2.378,689.119,1244.8103,18.004,3,728.076,1230.8467,1.0,1.0,1.0,1.0,1.0,1.0,0.005863539445628998,0.005863539445628998,1.5497068230277184,13.704984924623115,115.2,1.0,10,0.0,0.0
heat_loss_size,1,16000,0.3,5,3,0,60,3600,0,0,500,14.904,2.43,1272.6905,1847.4292,17.964,3,1258.064,1849.1979000000001,1.0,1.0,1.0,1.0,1.0,1.0,0.03334672559260747,0.03334672559260747,1.9651801258872372,18.35506532663314,115.2,1.0,10,0.0,0.0
heat_loss_size,2,16000,0.3,5,3,0,60,3600,0,0,500,14.982,2.452,1268.2695,1848.1432,18.098,3,1272.0575,1873.4954000000002,1.0,1.0,1.0,1.0,1.0,1.0,0.03324468085106383,0.03324468085106383,1.9832446808510638,30.768954773689913,115.2,1.0,10,0.0,0.0
heat_loss_size,3,16000,0.3,5,3,0,60,3600,0,0,500,14.874,2.448,1267.0915,1711.9391,17.998,3,1284.4875,1847.541,1.0,1.0,1.0,1.0,1.0,1.0,0.03394483128012855,0.03394483128012855,1.9831949651847884,19.113005025125624,115.2,1.0,10,0.0,0.0
heat_loss_size,1,16000,0.4,5,3,0,60,3600,0,0,500,14.99,2.462,1873.0865,2516.749000000003,18.048,3,1887.789,2667.9385,1.0,1.0,1.0,1.0,1.0,1.0,0.11145881882948265,0.11145881882948265,2.489846194819895,213.63052763819096,115.2,1.0,10,0.0,0.0
heat_loss_size,2,16000,0.4,5,3,0,60,3600,0,0,500,14.962,2.496,1862.2795,2483.7182000000003,17.918,3,1864.247,2483.5555,1.0,1.0,1.0,1.0,1.0,0.9998,0.10133868808567603,0.10133868808567603,2.452409638554217,213.55123115577888,115.2,1.0,10,0.0,0.0
heat_loss_size,3,16000,0.4,5,3,0,60,3600,0,0,500,14.896,2.468,1866.536,2478.0918,18.062,3,1879.731,2652.4219,1.0,1.0,1.0,1.0,1.0,1.0,0.10394552373322652,0.10394552373322652,2.4737298885105816,213.551,115.2,1.0,10,0.0,0.0
heat_loss_size,1,16000,0.5,5,3,0,60,3600,0,0,500,15.276,2.576,2654.6985,3474.5716,18.334,3,2664.8675,3477.2101000000002,1.0,1.0,1.0,1.0,1.0,1.0,0.2398562561254492,0.2398562561254492,3.0418817379941196,214.309,115.2,1.0,10,0.0,0.0
heat_loss_size,2,16000,0.5,5,3,0,60,3600,0,0,500,15.24,2.546,2509.2535,3470.9915,18.282,3,2668.6485,3632.2505,1.0,1.0,1.0,1.0,1.0,0.9996,0.23478146910425268,0.23478146910425268,3.045540921302667,214.4216783919598,115.2,1.0,10,0.0,0.0
heat_loss_size,3,16000,0.5,5,3,0,60,3600,0,0,500,15.198,2.532,2640.648,3486.8637000000003,18.298,3,2663.406,3483.0056,1.0,1.0,1.0,1.0,1.0,1.0,0.23452256033578175,0.23452256033578175,3.0457764952780693,214.434824120603,115.2,1.0,10,0.0,0.0
heat_loss_size,1,16000,0.6,5,3,0,60,3600,0,0,500,16.454,2.734,3636.3395,5039.2419,19.596,3.014,3646.2415,5071.1261,0.998,0.998,1.0,0.998,1.0,0.9996,0.41808935706502,0.41808935706502,3.6553456834967912,413.57729648241207,115.2,1.0,10,0.0,0.0
heat_loss_size,2,16000,0.6,5,3,0,60,3600,0,0,500,16.398,2.716,3501.957,4880.1753,19.584,3.028,3660.2925,5025.456,0.996,0.996,1.0,0.996,0.994,0.9934,0.42331735145961036,0.42331735145961036,3.6442920434545125,215.9728592964824,115.2,1.0,10,0.0,0.0
heat_loss_size,3,16000,0.6,5,3,0,60,3600,0,0,500,16.576,2.758,3657.573,5040.6278,19.592,3,3647.8625,5064.7223,1.0,1.0,1.0,1.0,1.0,0.9978,0.41485769416304874,0.41485769416304874,3.6393511818620357,413.38787939698494,115.2,1.0,10,0.0,0.0
heat_loss_size,1,16000,0.7,5,3,0,60,3600,0,0,500,20.392,3.416,5072.787,8274.9897,24.22,3.35,5242.496,8258.0645,0.95,0.95,1.0,0.95,0.912,0.8988,0.6228975813096796,0.6228975813096796,4.172265038049537,414.15209045226135,115.2,1.0,10,0.0,0.0
heat_loss_size,2,16000,0.7,5,3,0,60,3600,0,0,500,20.702,3.508,5279.2485,8072.6085,23.988,3.462,5243.211,8260.572,0.934,0.934,1.0,0.934,0.892,0.8898,0.6221499951489279,0.6221499951489279,4.184486271465994,414.32127135678394,115.2,1.0,10,0.0,0.0
heat_loss_size,3,16000,0.7,5,3,0,60,3600,0,0,500,20.6,3.412,5249.2805,8117.8793000000005,24.682,3.378,5470.948,8314.077300000003,0.946,0.946,1.0,0.946,0.874,0.8846,0.6257159221076747,0.6257159221076747,4.179887361588393,414.16180402010053,115.2,1.0,10,0.0,0.0
heat_loss_size,1,16000,0.8,5,3,0,60,3600,0,0,500,18.466,2.024,5157.6365,8933.736100000004,26.182,7.242,5465.784,8893.535800000001,0.394,0.394,1.0,0.394,0.26,0.2666,0.816553494091857,0.816553494091857,4.619954018071967,414.4076180904523,115.2,1.0,10,0.0,0.0
heat_loss_size,2,16000,0.8,5,3,0,60,3600,0,0,500,18.34,2.048,5256.9815,8470.1994,25.548,7.018,5445.577,8510.464200000002,0.426,0.426,1.0,0.426,0.288,0.291,0.815351234065636,0.815351234065636,4.616056414429075,414.4363015075377,115.2,1.0,10,0.0,0.0
heat_loss_size,3,16000,0.8,5,3,0,60,3600,0,0,500,18.46,2.088,5244.2525,8876.126100000001,26.132,6.992,5655.4555,9266.9805,0.43,0.43,1.0,0.43,0.286,0.287,0.8164893617021277,0.8164893617021277,4.6171808510638295,414.40582914572866,115.2,1.0,10,0.0,0.0
heat_loss_size,1,16000,0.9,5,3,0,60,3600,0,0,500,12.1,0.424,4024.9815,6032.531599999999,21.552,9.524,4024.241,6032.5206,0.068,0.068,1.0,0.068,0.026,0.0256,0.9523375331564987,0.9523375331564987,4.900862068965517,414.45251758793967,115.2,1.0,10,0.0,0.0
heat_loss_size,2,16000,0.9,5,3,0,60,3600,0,0,500,11.776,0.364,4024.901,5476.640600000004,21.396,9.384,4024.584,6031.521,0.088,0.088,1.0,0.088,0.024,0.022,0.9538422734151674,0.9538422734151674,4.910963511013956,414.6544070351759,115.2,1.0,10,0.0,0.0
heat_loss_size,3,16000,0.9,5,3,0,60,3600,0,0,500,12.046,0.412,4025.5405,5672.055600000004,21.472,9.412,4024.652,6031.2699,0.084,0.084,1.0,0.084,0.026,0.0238,0.9515473326142869,0.9515473326142869,4.902430930058906,414.4958592964824,115.2,1.0,10,0.0,0.0
heat_loss_size,1,2000,0,5,3,0,60,3600,0,0,500,13.796,1.558,61.7395,73.5271,16.874,3,62.139,73.805,1.0,1.0,1.0,1.0,1.0,0.9996,0.0,0.0,1.0,12.309,85.2,1.0,10,0.0,0.0
heat_loss_size,2,2000,0,5,3,0,60,3600,0,0,500,13.896,1.588,62.4595,75.037,16.982,3,62.8355,75.2771,1.0,1.0,1.0,1.0,0.996,0.9994,0.0,0.0,1.0,12.387,85.3,1.0,10,0.0,0.0
heat_loss_size,3,2000,0,5,3,0,60,3600,0,0,500,13.85,1.562,62.61,75.3178,16.82,3,62.9235,75.45360000000001,1.0,1.0,1.0,1.0,1.0,0.9994,0.0,0.0,1.0,12.408,85.2,1.0,10,0.0,0.0
heat_loss_size,1,2000,0.1,5,3,0,60,3600,0,0,500,13.622,1.648,414.5065,664.3181,16.6,3,414.7065,642.4215,1.0,1.0,1.0,1.0,1.0,0.9988,0.0005142899125707149,0.0005142899125707149,1.247520387921534,12.496,85.2,1.0,10,0.0,0.0
heat_loss_size,2,2000,0.1,5,3,0,60,3600,0,0,500,13.594,1.658,311.199,652.4549000000001,16.758,3,307.7045,638.5486,1.0,1.0,1.0,1.0,0.996,0.9988,0.0002924831822170225,0.0002924831822170225,1.230549868382568,12.441,85.3,1.0,10,0.0,0.0
heat_loss_size,3,2000,0.1,5,3,0,60,3600,0,0,500,13.55,1.576,414.8915,639.9336999999999,16.664,3,287.741,641.5815,1.0,1.0,1.0,1.0,1.0,0.9994,7.349158521349305e-05,7.349158521349305e-05,1.2369368707283017,12.462683417085428,85.2,1.0,10,0.0,0.0
heat_loss_size,1,2000,0.2,5,3,0,60,3600,0,0,500,13.47,1.658,666.473,1079.2515,16.498,3,663.6825,1070.4864000000002,1.0,1.0,1.0,1.0,1.0,0.9996,0.006155443488579057,0.006155443488579057,1.550504301394245,12.822,85.2,1.0,10,0.0,0.0
heat_loss_size,2,2000,0.2,5,3,0,60,3600,0,0,500,13.49,1.684,652.8455,1066.1279,16.526,3,675.89,1077.769,1.0,1.0,1.0,1.0,0.996,0.9992,0.005478235119928931,0.005478235119928931,1.551673082617708,12.831,85.2,1.0,10,0.0,0.0
heat_loss_size,3,2000,0.2,5,3,0,60,3600,0,0,500,13.536,1.686,664.9745,1081.1781,16.554,3,664.045,1070.4933,1.0,1.0,1.0,1.0,1.0,0.9996,0.006127722406792174,0.006127722406792174,1.5498708010335918,12.815,85.2,1.0,10,0.0,0.0
heat_loss_size,1,2000,0.3,5,3,0,60,3600,0,0,500,13.348,1.646,1066.6695,1668.8697,16.474,3,1079.319,1657.3244,1.0,1.0,1.0,1.0,1.0,0.999,0.03169040340019387,0.03169040340019387,1.9463872940123779,14.030125628140704,85.2,1.0,10,0.0,0.0
heat_loss_size,2,2000,0.3,5,3,0,60,3600,0,0,500,13.432,1.742,1078.221,1671.1787,16.448,3,1102.3845,1667.7952,1.0,1.0,1.0,1.0,0.996,0.9994,0.03333333333333333,0.03333333333333333,1.9676339285714286,14.143562814070348,85.3,1.0,10,0.0,0.0
heat_loss_size,3,2000,0.3,5,3,0,60,3600,0,0,500,13.488,1.738,1093.6655,1656.5758,16.544,3,1218.3765,1659.4548,1.0,1.0,1.0,1.0,1.0,0.9996,0.034477656111275526,0.034477656111275526,1.9647084936371708,14.081572864321606,85.2,1.0,10,0.0,0.0
heat_loss_size,1,2000,0.4,5,3,0,60,3600,0,0,500,13.402,1.69,1681.4705,2273.1182000000003,16.43,3,1670.3865,2272.6327,1.0,1.0,1.0,1.0,1.0,0.9994,0.10323494335122242,0.10323494335122242,2.459078711985689,213.08622613065327,85.2,1.0,10,0.0,0.0
heat_loss_size,2,2000,0.4,5,3,0,60,3600,0,0,500,13.554,1.75,1838.9555,2427.0269,16.462,3,1683.244,2297.5832,1.0,1.0,1.0,1.0,0.996,0.9992,0.10741782647320107,0.10741782647320107,2.49185667752443,213.152,85.3,1.0,10,0.0,0.0
heat_loss_size,3,2000,0.4,5,3,0,60,3600,0,0,500,13.526,1.73,1822.0965,2449.117,16.38,3,1669.4245,2271.9685,1.0,1.0,1.0,1.0,1.0,0.9994,0.10926930796104958,0.10926930796104958,2.488664238459823,213.10410552763818,85.2,1.0,10,0.0,0.0
heat_loss_size,1,2000,0.5,5,3,0,60,3600,0,0,500,13.772,1.826,2426.4045,3078.4871000000003,16.746,3,2438.9315,3078.5987,1.0,1.0,1.0,1.0,1.0,1.0,0.23947961334399304,0.23947961334399304,3.0522567047023768,213.7037889447236,85.2,1.0,10,0.0,0.0
heat_loss_size,2,2000,0.5,5,3,0,60,3600,0,0,500,13.528,1.784,2303.5315,3231.3588999999997,16.54,3,2444.4605,3083.1886,1.0,1.0,1.0,1.0,0.996,0.9982,0.23548101078764594,0.23548101078764594,3.0563765331757056,213.71499497487437,85.3,1.0,10,0.0,0.0
heat_loss_size,3,2000,0.5,5,3,0,60,3600,0,0,500,13.752,1.772,2438.232,3242.7917,16.618,3,2430.916,3265.7522000000004,1.0,1.0,1.0,1.0,1.0,0.9998,0.24033613445378152,0.24033613445378152,3.0531969309462914,213.654,85.2,1.0,10,0.0,0.0
heat_loss_size,1,2000,0.6,5,3,0,60,3600,0,0,500,14.504,2.016,3229.987,4448.656099999999,17.348,3,3166.1585,4252.677600000001,1.0,1.0,1.0,1.0,0.998,0.9974,0.41570774989602105,0.41570774989602105,3.6258145015943435,214.8832311557789,85.2,1.0,10,0.0,0.0
heat_loss_size,2,2000,0.6,5,3,0,60,3600,0,0,500,14.504,1.922,3228.5285,4290.5008,17.446,3,3230.0635,4259.323,1.0,1.0,1.0,1.0,0.996,0.998,0.4181001727115717,0.4181001727115717,3.6301208981001727,214.8749648241206,85.2,1.0,10,0.0,0.0
heat_loss_size,3,2000,0.6,5,3,0,60,3600,0,0,500,14.366,1.916,3109.8005,4258.3382,17.296,3,3230.157,4236.743,1.0,1.0,1.0,1.0,0.996,0.9958,0.41797501918917035,0.41797501918917035,3.6250785011513504,214.67577386934673,85.2,1.0,10,0.0,0.0
heat_loss_size,1,2000,0.7,5,3,0,60,3600,0,0,500,16.946,2.306,4448.822,6486.0095,20.146,3.14,4436.022,6673.0763,0.98,0.98,1.0,0.98,0.908,0.9078,0.6211710650329878,0.6211710650329878,4.180431196983977,414.0003115577889,85.2,1.0,10,0.0,0.0
heat_loss_size,2,2000,0.7,5,3,0,60,3600,0,0,500,17.176,2.444,4377.2955,6865.8239,20.136,3.154,4245.7555,6705.006800000004,0.978,0.978,1.0,0.978,0.91,0.9094,0.6214064055272557,0.6214064055272557,4.1673985596346395,413.8534623115578,85.3,1.0,10,0.0,0.0
heat_loss_size,3,2000,0.7,5,3,0,60,3600,0,0,500,16.964,2.39,4444.175,6458.7086,20.2,3.196,4637.25,6663.3766000000005,0.972,0.972,1.0,0.972,0.92,0.9142,0.6204663212435233,0.6204663212435233,4.169571361281206,413.9216934673367,85.2,1.0,10,0.0,0.0
heat_loss_size,1,2000,0.8,5,3,0,60,3600,0,0,500,16.428,1.658,4837.9325,7865.9028,22.55,5.786,5026.3055,7894.322200000004,0.602,0.602,1.0,0.602,0.366,0.3514,0.8179681851048446,0.8179681851048446,4.622981441311159,414.169351758794,85.2,1.0,10,0.0,0.0
heat_loss_size,2,2000,0.8,5,3,0,60,3600,0,0,500,16.512,1.674,5026.9665,7667.4048,22.744,5.926,5027.723,7856.9846,0.582,0.582,1.0,0.582,0.364,0.369,0.8193819381938194,0.8193819381938194,4.625802580258026,414.21512060301507,85.3,1.0,10,0.0,0.0
heat_loss_size,3,2000,0.8,5,3,0,60,3600,0,0,500,16.364,1.684,4839.1175,7660.476700000001,22.79,5.716,5028.437,7678.6905,0.612,0.612,1.0,0.612,0.41,0.396,0.8149410849931216,0.8149410849931216,4.614749685986004,414.16581407035176,85.2,1.0,10,0.0,0.0
heat_loss_size,1,2000,0.9,5,3,0,60,3600,0,0,500,11.75,0.38,4022.792,5484.046100000004,20.256,8.376,4023.221,5843.1042,0.232,0.232,1.0,0.232,0.066,0.0736,0.9514176893779095,0.9514176893779095,4.901057977147693,414.2085175879397,85.2,1.0,10,0.0,0.0
heat_loss_size,2,2000,0.9,5,3,0,60,3600,0,0,500,11.63,0.352,4022.7485,5245.041200000001,20.288,8.334,4023.327,5644.442599999999,0.238,0.238,1.0,0.238,0.086,0.0854,0.951746947082768,0.951746947082768,4.904172320217096,414.3929296482412,85.3,1.0,10,0.0,0.0
heat_loss_size,3,2000,0.9,5,3,0,60,3600,0,0,500,11.822,0.366,4023.09,5643.6365,20.106,8.166,4023.674,5674.507800000005,0.262,0.262,1.0,0.262,0.066,0.0748,0.9497517044019864,0.9497517044019864,4.900765928793873,414.63149748743723,85.2,1.0,10,0.0,0.0
heat_loss_size,1,250,0,5,3,0,60,3600,0,0,500,11.792,0.914,51.353,63.901300000000006,14.632,3,51.4255,63.7152,1.0,1.0,1.0,1.0,0.996,0.9956,0.0,0.0,1.0,12.444,55.0,1.0,10,0.0,0.0
heat_loss_size,2,250,0,5,3,0,60,3600,0,0,500,11.706,0.914,51.1185,63.296699999999994,14.758,3,51.725,64.0836,1.0,1.0,1.0,1.0,0.994,0.997,0.0,0.0,1.0,12.389,55.2,1.0,10,0.0,0.0
heat_loss_size,3,250,0,5,3,0,60,3600,0,0,500,11.816,0.916,50.998,63.406800000000004,14.794,3,51.3175,63.7346,1.0,1.0,1.0,1.0,0.998,0.9964,0.0,0.0,1.0,12.446,55.5,1.0,10,0.0,0.0
heat_loss_size,1,250,0.1,5,3,0,60,3600,0,0,500,11.746,0.952,274.1015,617.0121000000003,14.766,3,263.0215,617.7180000000002,1.0,1.0,1.0,1.0,0.996,0.996,0.0001701258931609391,0.0001701258931609391,1.2382613133718952,12.417030150753767,55.0,1.0,10,0.0,0.0
heat_loss_size,2,250,0.1,5,3,0,60,3600,0,0,500,11.748,0.97,274.3425,509.8972,14.764,3,265.4635,487.6059,1.0,1.0,1.0,1.0,0.994,0.9944,8.506294658046955e-05,8.506294658046955e-05,1.233157536577067,12.421,55.3,1.0,10,0.0,0.0
heat_loss_size,3,250,0.1,5,3,0,60,3600,0,0,500,11.752,0.966,265.3285,638.7796999999999,14.764,3,263.1895,616.094,1.0,1.0,1.0,1.0,0.998,0.9956,8.504847763225038e-05,8.504847763225038e-05,1.2399217554005784,12.41,55.4,1.0,10,0.0,0.0
heat_loss_size,1,250,0.2,5,3,0,60,3600,0,0,500,11.704,0.97,639.303,1017.2379,14.698,3,639.373,1054.8253,1.0,1.0,1.0,1.0,0.996,0.9952,0.005127766857533544,0.005127766857533544,1.5478164259465004,12.675,55.0,1.0,10,0.0,0.0
heat_loss_size,2,250,0.2,5,3,0,60,3600,0,0,500,11.742,0.958,638.997,1028.9176,14.8,3,640.6795,1040.9,1.0,1.0,1.0,1.0,0.994,0.9964,0.0058618639028119954,0.0058618639028119954,1.5449834338628834,12.647,55.3,1.0,10,0.0,0.0
heat_loss_size,3,250,0.2,5,3,0,60,3600,0,0,500,11.66,0.938,641.7525,1045.3197000000002,14.662,3,638.977,1031.3617,1.0,1.0,1.0,1.0,0.998,0.9956,0.006603207272103593,0.006603207272103593,1.5593002315410343,12.659,55.4,1.0,10,0.0,0.0
heat_loss_size,1,250,0.3,5,3,0,60,3600,0,0,500,11.65,0.938,1042.4655,1492.7405,14.632,3,1042.516,1620.9498999999998,1.0,1.0,1.0,1.0,0.996,0.9964,0.035134438622111505,0.035134438622111505,1.9659823039257796,13.35,55.0,1.0,10,0.0,0.0
heat_loss_size,2,250,0.3,5,3,0,60,3600,0,0,500,11.602,0.978,1040.871,1480.3179,14.636,3,1042.665,1460.0332,1.0,1.0,1.0,1.0,0.994,0.996,0.032963249849384625,0.032963249849384625,1.9538686633961615,13.60518592964824,55.2,1.0,10,0.0,0.0
heat_loss_size,3,250,0.3,5,3,0,60,3600,0,0,500,11.652,0.942,1042.424,1632.828,14.672,3,1053.801,1484.3182000000002,1.0,1.0,1.0,1.0,0.998,0.995,0.03489967415537644,0.03489967415537644,1.9849939975990396,212.185,55.4,1.0,10,0.0,0.0
heat_loss_size,1,250,0.4,5,3,0,60,3600,0,0,500,11.74,0.96,1469.2015,2072.7148,14.656,3,1457.1595,2071.3543999999997,1.0,1.0,1.0,1.0,0.996,0.995,0.1077962044793982,0.1077962044793982,2.4594802530347066,213.052,55.0,1.0,10,0.0,0.0
heat_loss_size,2,250,0.4,5,3,0,60,3600,0,0,500,11.722,1.028,1480.35,2063.6661,14.702,3,1458.6695,2226.0687000000003,1.0,1.0,1.0,1.0,0.994,0.995,0.10621584699453553,0.10621584699453553,2.4812158469945356,213.08279899497487,55.2,1.0,10,0.0,0.0
heat_loss_size,3,250,0.4,5,3,0,60,3600,0,0,500,11.616,0.954,1470.4175,2059.4883999999997,14.602,3,1472.6295,2074.4373000000005,1.0,1.0,1.0,1.0,0.998,0.995,0.10888104057197003,0.10888104057197003,2.4877250409165304,213.10098994974874,55.4,1.0,10,0.0,0.0
heat_loss_size,1,250,0.5,5,3,0,60,3600,0,0,500,11.808,0.994,2053.839,2839.9413,14.676,3,2046.776,2829.7386,1.0,1.0,1.0,1.0,0.996,0.9948,0.23369102367569408,0.23369102367569408,3.0097939022313063,213.54031658291456,55.0,1.0,10,0.0,0.0
heat_loss_size,2,250,0.5,5,3,0,60,3600,0,0,500,11.71,1.006,2048.3545,2850.1308,14.748,3,2047.0145,2851.9182,1.0,1.0,1.0,1.0,0.994,0.9956,0.2351436610111689,0.2351436610111689,3.0432261914911756,213.60853768844223,55.3,1.0,10,0.0,0.0
heat_loss_size,3,250,0.5,5,3,0,60,3600,0,0,500,11.662,0.952,2049.515,2703.614700000003,14.658,3,2050.3415,2826.9498000000003,1.0,1.0,1.0,1.0,0.998,0.9952,0.23430531732418525,0.23430531732418525,3.0491423670668953,213.625,55.4,1.0,10,0.0,0.0
heat_loss_size,1,250,0.6,5,3,0,60,3600,0,0,500,11.966,1.018,2828.29,3643.6445,15.016,3,2826.298,3633.4082000000003,1.0,1.0,1.0,1.0,0.994,0.9956,0.41322658660662165,0.41322658660662165,3.631140021682929,413.21217587939697,55.0,1.0,10,0.0,0.0
heat_loss_size,2,250,0.6,5,3,0,60,3600,0,0,500,11.976,1.058,2670.0455,3644.3085,15.128,3,2852.1385,3647.1772,1.0,1.0,1.0,1.0,0.992,0.9936,0.42300033189512115,0.42300033189512115,3.646448722203784,218.17860804020043,55.3,1.0,10,0.0,0.0
heat_loss_size,3,250,0.6,5,3,0,60,3600,0,0,500,12.084,1.022,2757.7585,3659.4398,14.962,3,2829.2095,3643.9856,1.0,1.0,1.0,1.0,0.998,0.9936,0.420444148714963,0.420444148714963,3.650586376112451,219.68566834167746,55.4,1.0,10,0.0,0.0
heat_loss_size,1,250,0.7,5,3,0,60,3600,0,0,500,13.25,1.186,3456.456,5077.563,16.282,3.028,3444.208,5062.5598,0.996,0.996,1.0,0.996,0.952,0.9438,0.6208119529127679,0.6208119529127679,4.170087533957139,413.9754924623116,55.0,1.0,10,0.0,0.0
heat_loss_size,2,250,0.7,5,3,0,60,3600,0,0,500,13.076,1.234,3433.132,5026.2482,16.06,3.014,3442.8235,4871.8628000000035,0.998,0.998,1.0,0.998,0.952,0.963,0.6203966005665722,0.6203966005665722,4.159865247683944,413.808,55.3,1.0,10,0.0,0.0
heat_loss_size,3,250,0.7,5,3,0,60,3600,0,0,500,13.246,1.234,3474.549,5052.403800000001,16.06,3,3454.5155,5027.5687,1.0,1.0,1.0,1.0,0.962,0.9522,0.6268531893864517,0.6268531893864517,4.1759294457538205,413.82431658291455,55.4,1.0,10,0.0,0.0
heat_loss_size,1,250,0.8,5,3,0,60,3600,0,0,500,13.964,1.036,4024.6415,6088.2805000000035,17.67,3.658,4024.461,6302.796000000004,0.906,0.906,1.0,0.906,0.642,0.6314,0.8185587646554189,0.8185587646554189,4.620889333714612,414.1627487437186,55.0,1.0,10,0.0,0.0
heat_loss_size,2,250,0.8,5,3,0,60,3600,0,0,500,13.71,1.07,4023.714,6057.167,17.51,3.56,4025.5175,6246.6573,0.92,0.92,1.0,0.92,0.62,0.6384,0.809761388286334,0.809761388286334,4.603253796095444,414.188608040201,55.3,1.0,10,0.0,0.0
heat_loss_size,3,250,0.8,5,3,0,60,3600,0,0,500,13.662,1.048,4023.4355,6058.276900000001,17.276,3.602,4025.031,6060.0839000000005,0.914,0.914,1.0,0.914,0.634,0.6204,0.8176763242610477,0.8176763242610477,4.621378402107111,414.21951758793966,55.4,1.0,10,0.0,0.0
heat_loss_size,1,250,0.9,5,3,0,60,3600,0,0,500,11.534,0.342,4022.3915,5242.4263,16.794,5.38,4022.636,5240.0915,0.66,0.66,1.0,0.66,0.256,0.2588,0.9469234791702981,0.9469234791702981,4.8964615652780195,414.63555276381913,55.0,1.0,10,0.0,0.0
heat_loss_size,2,250,0.9,5,3,0,60,3600,0,0,500,11.464,0.332,4022.496,5031.7837,17.374,5.8,4022.9755,5240.687099999999,0.6,0.6,1.0,0.6,0.264,0.2564,0.9488670891570449,0.9488670891570449,4.895477037937321,414.2072512562814,55.2,1.0,10,0.0,0.0
heat_loss_size,3,250,0.9,5,3,0,60,3600,0,0,500,11.27,0.266,4022.7485,5029.1691,16.93,5.52,4022.79,5029.4081,0.64,0.64,1.0,0.64,0.228,0.222,0.9514109347442681,0.9514109347442681,4.898853615520282,414.3037638190955,55.5,1.0,10,0.0,0.0
heat_loss_size,1,4000,0,5,3,0,60,3600,0,0,500,14.598,1.814,64.499,77.16969999999999,17.614,3,65.126,78.05539999999999,1.0,1.0,1.0,1.0,1.0,0.9998,0.0,0.0,1.0,12.516,95.2,1.0,10,0.0,0.0
heat_loss_size,2,4000,0,5,3,0,60,3600,0,0,500,14.616,1.83,64.651,77.15180000000001,17.738,3,65.1785,78.22,1.0,1.0,1.0,1.0,0.998,0.9996,0.0,0.0,1.0,12.543,95.2,1.0,10,0.0,0.0
heat_loss_size,3,4000,0,5,3,0,60,3600,0,0,500,14.478,1.8,64.4445,77.5215,17.658,3,65.191,77.60430000000001,1.0,1.0,1.0,1.0,1.0,0.9998,0.0,0.0,1.0,12.567100502512563,95.2,1.0,10,0.0,0.0
heat_loss_size,1,4000,0.1,5,3,0,60,3600,0,0,500,14.112,1.88,414.4695,664.3529,17.16,3,413.7765,652.9511,1.0,1.0,1.0,1.0,1.0,0.9994,0.0001414827391058291,0.0001414827391058291,1.2427843803056027,12.428,95.2,1.0,10,0.0,0.0
heat_loss_size,2,4000,0.1,5,3,0,60,3600,0,0,500,14.32,1.916,414.1395,651.1718000000001,17.392,3,413.654,642.7282000000002,1.0,1.0,1.0,1.0,0.998,0.9994,0.00020897185845639453,0.00020897185845639453,1.2302869880189469,12.406,95.2,1.0,10,0.0,0.0
heat_loss_size,3,4000,0.1,5,3,0,60,3600,0,0,500,14.262,1.924,381.301,641.9218000000001,17.082,3,414.597,651.592,1.0,1.0,1.0,1.0,1.0,1.0,0.0002822466836014677,0.0002822466836014677,1.2301721704769968,12.43,95.2,1.0,10,0.0,0.0
heat_loss_size,1,4000,0.2,5,3,0,60,3600,0,0,500,13.998,1.92,700.7435,1230.4814000000001,17.022,3,677.872,1118.7147000000002,1.0,1.0,1.0,1.0,1.0,0.9998,0.006067094932191292,0.006067094932191292,1.5620271234832264,12.582,95.2,1.0,10,0.0,0.0
heat_loss_size,2,4000,0.2,5,3,0,60,3600,0,0,500,13.966,1.902,666.0395,1069.6101999999998,17.206,3,680.453,1231.6193999999998,1.0,1.0,1.0,1.0,0.998,0.9996,0.005466420559420701,0.005466420559420701,1.5448672440721283,12.582,95.2,1.0,10,0.0,0.0
heat_loss_size,3,4000,0.2,5,3,0,60,3600,0,0,500,14.074,1.94,675.475,1081.2865,16.9,3,676.657,1093.1101999999998,1.0,1.0,1.0,1.0,1.0,0.9998,0.006291556445270609,0.006291556445270609,1.551083148638021,12.618,95.1,1.0,10,0.0,0.0
heat_loss_size,1,4000,0.3,5,3,0,60,3600,0,0,500,13.948,1.962,1230.988,1820.5065,17.016,3,1231.948,1684.0057,1.0,1.0,1.0,1.0,1.0,0.9998,0.031469031612072665,0.031469031612072665,1.9743241310256043,15.526783919597964,95.2,1.0,10,0.0,0.0
heat_loss_size,2,4000,0.3,5,3,0,60,3600,0,0,500,13.984,1.938,1219.242,1825.0053000000003,17.138,3,1218.4615,1681.9238,1.0,1.0,1.0,1.0,0.998,0.9996,0.033923618519308724,0.033923618519308724,1.9583955621933007,13.924140703517583,95.2,1.0,10,0.0,0.0
heat_loss_size,3,4000,0.3,5,3,0,60,3600,0,0,500,13.836,1.908,1242.538,1684.7026,16.952,3,1094.3225,1671.731,1.0,1.0,1.0,1.0,1.0,0.9998,0.03627465092845833,0.03627465092845833,1.9606304879804233,13.807140703517588,95.1,1.0,10,0.0,0.0
heat_loss_size,1,4000,0.4,5,3,0,60,3600,0,0,500,13.896,1.968,1821.499,2453.409,17.018,3,1847.233,2460.7972999999997,1.0,1.0,1.0,1.0,1.0,0.9998,0.10539514222254066,0.10539514222254066,2.4901483126746435,213.22086934673368,95.2,1.0,10,0.0,0.0
heat_loss_size,2,4000,0.4,5,3,0,60,3600,0,0,500,13.946,1.97,1836.584,2435.5846,17.146,3,1707.238,2465.4164,1.0,1.0,1.0,1.0,0.998,0.9994,0.10721913712088851,0.10721913712088851,2.4646162608571833,213.157,95.2,1.0,10,0.0,0.0
heat_loss_size,3,4000,0.4,5,3,0,60,3600,0,0,500,13.922,1.982,1714.725,2436.797,17.036,3,1824.638,2462.7241,1.0,1.0,1.0,1.0,1.0,0.9998,0.10451391372773446,0.10451391372773446,2.476643536733672,213.159,95.2,1.0,10,0.0,0.0
heat_loss_size,1,4000,0.5,5,3,0,60,3600,0,0,500,14.234,1.978,2476.304,3280.8327999999997,17.114,3,2449.837,3089.3179000000005,1.0,1.0,1.0,1.0,0.998,0.998,0.23811203612247778,0.23811203612247778,3.052702130661775,213.72713065326633,95.2,1.0,10,0.0,0.0
heat_loss_size,2,4000,0.5,5,3,0,60,3600,0,0,500,14.228,2.068,2462.67,3267.6496,17.318,3,2462.294,3280.1038,1.0,1.0,1.0,1.0,0.998,0.9994,0.2356197015343656,0.2356197015343656,3.058992503327962,213.787,95.2,1.0,10,0.0,0.0
heat_loss_size,3,4000,0.5,5,3,0,60,3600,0,0,500,14.202,2.04,2463.62,3291.5976,17.196,3,2462.305,3279.6906,1.0,1.0,1.0,1.0,1.0,0.9996,0.24276357489964082,0.24276357489964082,3.0690189449961265,213.703,95.2,1.0,10,0.0,0.0
heat_loss_size,1,4000,0.6,5,3,0,60,3600,0,0,500,15.06,2.224,3291.1175,4484.9547,18.064,3,3254.009,4472.2982999999995,1.0,1.0,1.0,1.0,0.996,0.9942,0.41468596467932545,0.41468596467932545,3.635373788341522,215.97842713567837,95.2,1.0,10,0.0,0.0
heat_loss_size,2,4000,0.6,5,3,0,60,3600,0,0,500,15.278,2.258,3270.2425,4647.8946,18.348,3,3281.965,4637.679700000001,1.0,1.0,1.0,1.0,0.998,0.9988,0.4195128322340495,0.4195128322340495,3.630640632142624,215.13626633165825,95.2,1.0,10,0.0,0.0
heat_loss_size,3,4000,0.6,5,3,0,60,3600,0,0,500,15.14,2.202,3256.712,4491.2462000000005,18.1,3,3267.103,4485.341,1.0,1.0,1.0,1.0,0.998,0.9978,0.4164021164021164,0.4164021164021164,3.6398148148148146,215.08366834170855,95.2,1.0,10,0.0,0.0
heat_loss_size,1,4000,0.7,5,3,0,60,3600,0,0,500,18.312,2.75,4840.121,7068.020100000001,21.438,3.252,4659.7045,7078.2349,0.964,0.964,1.0,0.964,0.914,0.9102,0.625020549071182,0.625020549071182,4.173598553345389,413.90614572864325,95.2,1.0,10,0.0,0.0
heat_loss_size,2,4000,0.7,5,3,0,60,3600,0,0,500,18.198,2.724,4651.7255,7088.2408,21.488,3.224,4693.9705,7086.977599999999,0.968,0.968,1.0,0.968,0.894,0.8968,0.6288738961110197,0.6288738961110197,4.17338599089463,413.748,95.2,1.0,10,0.0,0.0
heat_loss_size,3,4000,0.7,5,3,0,60,3600,0,0,500,18.138,2.706,4663.5335,7267.7727,21.816,3.266,4677.146,7316.518200000004,0.962,0.962,1.0,0.962,0.89,0.8866,0.631160052333188,0.631160052333188,4.184583515045792,413.84699497487435,95.2,1.0,10,0.0,0.0
heat_loss_size,1,4000,0.8,5,3,0,60,3600,0,0,500,17.25,1.82,5027.0615,8068.731400000001,23.858,6.38,5027.731,8257.0672,0.518,0.518,1.0,0.518,0.314,0.3178,0.8199147661829072,0.8199147661829072,4.625547108961069,414.17356281407035,95.2,1.0,10,0.0,0.0
heat_loss_size,2,4000,0.8,5,3,0,60,3600,0,0,500,17.154,1.794,5027.229,8095.476400000004,24.466,6.346,5041.38,8864.4699,0.522,0.522,1.0,0.522,0.334,0.3212,0.8149345126722232,0.8149345126722232,4.613879911549583,414.17309547738694,95.2,1.0,10,0.0,0.0
heat_loss_size,3,4000,0.8,5,3,0,60,3600,0,0,500,17.2,1.828,5028.8225,7870.1052,23.6,6.262,5040.836,8111.164000000003,0.534,0.534,1.0,0.534,0.334,0.3284,0.8199085065724709,0.8199085065724709,4.618101800914935,414.11524623115577,95.2,1.0,10,0.0,0.0
heat_loss_size,1,4000,0.9,5,3,0,60,3600,0,0,500,11.9,0.468,4022.698,5844.17,20.73,8.824,4023.0035,5654.218900000001,0.168,0.168,1.0,0.168,0.058,0.061200000000000004,0.94757624128371,0.94757624128371,4.894732420398219,414.2928994974874,95.2,1.0,10,0.0,0.0
heat_loss_size,2,4000,0.9,5,3,0,60,3600,0,0,500,11.8,0.34,4023.0525,5664.625300000004,20.622,8.824,4023.457,5845.3643,0.168,0.168,1.0,0.168,0.052,0.0474,0.9543181625561489,0.9543181625561489,4.905924230867023,414.3188140703518,95.2,1.0,10,0.0,0.0
heat_loss_size,3,4000,0.9,5,3,0,60,3600,0,0,500,12.046,0.386,4023.167,6032.330599999999,20.374,8.768,4023.5255,5243.2243,0.176,0.176,1.0,0.176,0.06,0.052,0.9534923050904786,0.9534923050904786,4.902841197361745,414.1291909547739,95.2,1.0,10,0.0,0.0
heat_loss_size,1,500,0,5,3,0,60,3600,0,0,500,12.552,1.138,60.905,65.4577,15.494,3,61.077,65.5257,1.0,1.0,1.0,1.0,0.996,0.9982,0.0,0.0,1.0,12.462462311557788,65.3,1.0,10,0.0,0.0
heat_loss_size,2,500,0,5,3,0,60,3600,0,0,500,12.526,1.162,60.528,63.8845,15.538,3,60.6815,64.0049,1.0,1.0,1.0,1.0,0.994,0.998,0.0,0.0,1.0,12.332,65.3,1.0,10,0.0,0.0
heat_loss_size,3,500,0,5,3,0,60,3600,0,0,500,12.482,1.118,60.055,64.77590000000001,15.448,3,60.786,64.4911,1.0,1.0,1.0,1.0,1.0,0.998,0.0,0.0,1.0,12.418,65.3,1.0,10,0.0,0.0
heat_loss_size,1,500,0.1,5,3,0,60,3600,0,0,500,12.36,1.168,286.304,616.4377000000001,15.302,3,276.39,639.6325,1.0,1.0,1.0,1.0,0.996,0.9978,0.0004865785418863028,0.0004865785418863028,1.2398832211499473,12.402,65.3,1.0,10,0.0,0.0
heat_loss_size,2,500,0.1,5,3,0,60,3600,0,0,500,12.45,1.204,275.3835,638.7498,15.338,3,275.3215,627.2108000000001,1.0,1.0,1.0,1.0,0.994,0.9978,0.00024205260609972567,0.00024205260609972567,1.2326125544618363,12.389,65.3,1.0,10,0.0,0.0
heat_loss_size,3,500,0.1,5,3,0,60,3600,0,0,500,12.448,1.2,287.2035,628.3659,15.372,3,276.041,639.0749000000001,1.0,1.0,1.0,1.0,1.0,0.9976,8.058017727639001e-05,8.058017727639001e-05,1.2390008058017727,12.415,65.3,1.0,10,0.0,0.0
heat_loss_size,1,500,0.2,5,3,0,60,3600,0,0,500,12.308,1.19,650.9195,1053.9563999999998,15.34,3,650.9415,1042.2145,1.0,1.0,1.0,1.0,0.996,0.9974,0.005761116520610191,0.005761116520610191,1.5453586497890295,12.62978391959799,65.3,1.0,10,0.0,0.0
heat_loss_size,2,500,0.2,5,3,0,60,3600,0,0,500,12.35,1.192,651.6425,1052.5141999999998,15.316,3,651.5865,1066.2204,1.0,1.0,1.0,1.0,0.994,0.9976,0.006648828346712073,0.006648828346712073,1.5550150004054164,12.649,65.3,1.0,10,0.0,0.0
heat_loss_size,3,500,0.2,5,3,0,60,3600,0,0,500,12.384,1.2,653.8965,1055.9994,15.292,3,651.259,1054.916,1.0,1.0,1.0,1.0,1.0,0.9986,0.006970335548711298,0.006970335548711298,1.565975036472686,12.655,65.3,1.0,10,0.0,0.0
heat_loss_size,1,500,0.3,5,3,0,60,3600,0,0,500,12.362,1.226,1053.418,1632.2831999999999,15.374,3,1053.615,1632.0973000000001,1.0,1.0,1.0,1.0,0.996,0.9986,0.03234152652005175,0.03234152652005175,1.9577943078913325,13.004271356783917,65.3,1.0,10,0.0,0.0
heat_loss_size,2,500,0.3,5,3,0,60,3600,0,0,500,12.236,1.214,1041.634,1482.7561000000003,15.332,3,1054.8735,1643.8002,1.0,1.0,1.0,1.0,0.994,0.9974,0.03573754477368935,0.03573754477368935,1.9636926082709216,13.127105527638184,65.3,1.0,10,0.0,0.0
heat_loss_size,3,500,0.3,5,3,0,60,3600,0,0,500,12.264,1.178,1052.709,1631.9081999999999,15.25,3,1055.099,1494.007,1.0,1.0,1.0,1.0,1.0,0.9984,0.03345027331320878,0.03345027331320878,1.9627151831606429,13.38429145728643,65.3,1.0,10,0.0,0.0
heat_loss_size,1,500,0.4,5,3,0,60,3600,0,0,500,12.226,1.216,1632.7995,2251.1629,15.394,3,1507.262,2086.6447000000003,1.0,1.0,1.0,1.0,0.996,0.997,0.10560519902518278,0.10560519902518278,2.4449228269699432,213.0201608040201,65.3,1.0,10,0.0,0.0
heat_loss_size,2,500,0.4,5,3,0,60,3600,0,0,500,12.31,1.234,1639.471,2249.4323999999997,15.256,3,1633.7205,2249.1729,1.0,1.0,1.0,1.0,0.994,0.9984,0.1081983228852886,0.1081983228852886,2.4866075063095336,213.0640201005025,65.3,1.0,10,0.0,0.0
heat_loss_size,3,500,0.4,5,3,0,60,3600,0,0,500,12.23,1.236,1503.8835,2226.3876,15.294,3,1634.3175,2247.8022,1.0,1.0,1.0,1.0,1.0,0.9982,0.10658946338280868,0.10658946338280868,2.4810797586038165,213.051,65.3,1.0,10,0.0,0.0
heat_loss_size,1,500,0.5,5,3,0,60,3600,0,0,500,12.5,1.306,2235.815,3016.1597,15.4,3,2237.5625,2863.8531000000003,1.0,1.0,1.0,1.0,0.996,0.9984,0.23983935742971887,0.23983935742971887,3.043694779116466,213.53027638190954,65.3,1.0,10,0.0,0.0
heat_loss_size,2,500,0.5,5,3,0,60,3600,0,0,500,12.394,1.23,2235.325,3015.0818,15.426,3,2248.0165,3030.2207000000003,1.0,1.0,1.0,1.0,0.994,0.9968,0.23916196615632554,0.23916196615632554,3.0622884770346497,213.63022110552762,65.3,1.0,10,0.0,0.0
heat_loss_size,3,500,0.5,5,3,0,60,3600,0,0,500,12.434,1.292,2230.2135,3015.4031,15.428,3,2236.793,2891.063300000003,1.0,1.0,1.0,1.0,1.0,0.9982,0.23650551041750462,0.23650551041750462,3.046737993725364,213.53868844221105,65.3,1.0,10,0.0,0.0
heat_loss_size,1,500,0.6,5,3,0,60,3600,0,0,500,12.868,1.386,3016.9385,3859.5778999999998,15.892,3,2865.92,3844.169,1.0,1.0,1.0,1.0,0.996,0.9964,0.4152950310559006,0.4152950310559006,3.623913043478261,214.7588743718593,65.3,1.0,10,0.0,0.0
heat_loss_size,2,500,0.6,5,3,0,60,3600,0,0,500,12.776,1.384,2864.5715,3844.488,15.934,3,2854.969,3856.3288,1.0,1.0,1.0,1.0,0.994,0.9958,0.41820303383897317,0.41820303383897317,3.6266044340723456,214.7504673366834,65.3,1.0,10,0.0,0.0
heat_loss_size,3,500,0.6,5,3,0,60,3600,0,0,500,12.914,1.374,2864.1775,3845.8815,15.99,3,2957.5435,4019.8776000000003,1.0,1.0,1.0,1.0,0.998,0.9956,0.4170012353304509,0.4170012353304509,3.6273934527486102,214.57781909547737,65.3,1.0,10,0.0,0.0
heat_loss_size,1,500,0.7,5,3,0,60,3600,0,0,500,14.816,1.692,4020.589,5667.525799999999,17.746,3.098,3832.5435,5856.3989,0.986,0.986,1.0,0.986,0.928,0.9364,0.6210969318490361,0.6210969318490361,4.163589465109965,413.8250452261306,65.3,1.0,10,0.0,0.0
heat_loss_size,2,500,0.7,5,3,0,60,3600,0,0,500,14.466,1.566,4020.283,5452.768,17.346,3.042,3834.549,5457.4827000000005,0.994,0.994,1.0,0.994,0.936,0.9426,0.6222453945081682,0.6222453945081682,4.177615571776156,413.92245226130655,65.3,1.0,10,0.0,0.0
heat_loss_size,3,500,0.7,5,3,0,60,3600,0,0,500,14.414,1.59,3834.9355,5645.0501,17.734,3.084,3857.3345,5705.939200000004,0.988,0.988,1.0,0.988,0.954,0.944,0.6210432149738508,0.6210432149738508,4.178846683181943,413.91566834170857,65.3,1.0,10,0.0,0.0
heat_loss_size,1,500,0.8,5,3,0,60,3600,0,0,500,15.142,1.342,4467.7645,6862.1682,19.622,4.176,4637.599,7041.7837,0.832,0.832,1.0,0.832,0.546,0.5458,0.8128024061723552,0.8128024061723552,4.615797044592651,414.2480552763819,65.3,1.0,10,0.0,0.0
heat_loss_size,2,500,0.8,5,3,0,60,3600,0,0,500,14.994,1.396,4248.3745,6490.380900000004,19.75,4.106,4650.1865,7061.281400000001,0.842,0.842,1.0,0.842,0.546,0.5324,0.8148051439388994,0.8148051439388994,4.610875383510673,414.1163819095477,65.3,1.0,10,0.0,0.0
heat_loss_size,3,500,0.8,5,3,0,60,3600,0,0,500,15.024,1.318,4435.0245,6863.192300000001,19.322,4.25,4247.089,6852.2164,0.822,0.822,1.0,0.822,0.518,0.525,0.8184476342371079,0.8184476342371079,4.610180754917597,413.96736180904526,65.3,1.0,10,0.0,0.0
heat_loss_size,1,500,0.9,5,3,0,60,3600,0,0,500,11.696,0.336,4022.498,5444.774,18.478,6.78,4023.096,5643.7851,0.46,0.46,1.0,0.46,0.16,0.161,0.9519534923484654,0.9519534923484654,4.905018380781397,414.467,65.3,1.0,10,0.0,0.0
heat_loss_size,2,500,0.9,5,3,0,60,3600,0,0,500,11.778,0.366,4023.003,5644.791,18.362,6.6,4023.2235,5443.647400000001,0.486,0.486,1.0,0.486,0.162,0.1756,0.948088360237893,0.948088360237893,4.8932030586236195,414.1131959798995,65.3,1.0,10,0.0,0.0
heat_loss_size,3,500,0.9,5,3,0,60,3600,0,0,500,11.466,0.324,4022.683,5029.6861,18.002,6.488,4022.88,5038.6621,0.502,0.502,1.0,0.502,0.162,0.1694,0.9499564838990426,0.9499564838990426,4.898607484769364,414.35944221105524,65.3,1.0,10,0.0,0.0
heat_loss_size,1,8000,0,5,3,0,60,3600,0,0,500,15.122,2.03,69.162,80.6722,18.29,3,71.801,83.28460000000001,1.0,1.0,1.0,1.0,1.0,1.0,0.0,0.0,1.0,12.801,105.2,1.0,10,0.0,0.0
heat_loss_size,2,8000,0,5,3,0,60,3600,0,0,500,15.178,2.02,69.882,81.0571,18.38,3,75.3835,82.3061,1.0,1.0,1.0,1.0,0.998,0.9996,0.0,0.0,1.0,12.773,105.2,1.0,10,0.0,0.0
heat_loss_size,3,8000,0,5,3,0,60,3600,0,0,500,15.186,2.014,69.698,80.49980000000001,18.274,3,72.7,82.4505,1.0,1.0,1.0,1.0,1.0,0.9998,0.0,0.0,1.0,12.78,105.2,1.0,10,0.0,0.0
heat_loss_size,1,8000,0.1,5,3,0,60,3600,0,0,500,14.79,2.12,426.694,652.5499,17.724,3,344.546,650.6777000000001,1.0,1.0,1.0,1.0,1.0,0.9998,0.00020329335230737954,0.00020329335230737954,1.226468794470421,13.149,105.2,1.0,10,0.0,0.0
heat_loss_size,2,8000,0.1,5,3,0,60,3600,0,0,500,14.836,2.16,426.513,653.5322,17.862,3,426.788,652.6333000000001,1.0,1.0,1.0,1.0,0.998,0.9998,0.00013468920466024647,0.00013468920466024647,1.2344939053134891,13.033,105.2,1.0,10,0.0,0.0
heat_loss_size,3,8000,0.1,5,3,0,60,3600,0,0,500,14.634,2.114,414.3025,653.9362,17.922,3,414.273,644.6293000000001,1.0,1.0,1.0,1.0,1.0,0.9998,0.0003383407768304236,0.0003383407768304236,1.2313574231966438,13.185,105.2,1.0,10,0.0,0.0
heat_loss_size,1,8000,0.2,5,3,0,60,3600,0,0,500,14.476,2.188,679.779,1085.0992,17.48,3,692.547,1246.7939000000001,1.0,1.0,1.0,1.0,1.0,1.0,0.005594695399917115,0.005594695399917115,1.5485564304461943,13.684170854271358,105.2,1.0,10,0.0,0.0
heat_loss_size,2,8000,0.2,5,3,0,60,3600,0,0,500,14.628,2.192,689.584,1219.3009,17.72,3,693.679,1243.6452,1.0,1.0,1.0,1.0,0.998,0.9996,0.006610331198037345,0.006610331198037345,1.5504293307891508,13.477,105.2,1.0,10,0.0,0.0
heat_loss_size,3,8000,0.2,5,3,0,60,3600,0,0,500,14.526,2.14,703.6975,1091.6598999999999,17.59,3,725.655,1241.7975,1.0,1.0,1.0,1.0,1.0,1.0,0.006182167880203325,0.006182167880203325,1.5628520401154005,13.624849246231156,105.2,1.0,10,0.0,0.0
heat_loss_size,1,8000,0.3,5,3,0,60,3600,0,0,500,14.418,2.164,1247.7015,1823.3299,17.508,3,1244.2535,1712.1891,1.0,1.0,1.0,1.0,1.0,1.0,0.03408698057111249,0.03408698057111249,1.9595519601742377,14.624195979899495,105.2,1.0,10,0.0,0.0
heat_loss_size,2,8000,0.3,5,3,0,60,3600,0,0,500,14.496,2.214,1245.089,1698.9218999999998,17.444,3,1244.583,1825.8935000000001,1.0,1.0,1.0,1.0,0.998,0.9998,0.034070490670352456,0.034070490670352456,1.965722183828611,14.885693467336678,105.2,1.0,10,0.0,0.0
heat_loss_size,3,8000,0.3,5,3,0,60,3600,0,0,500,14.318,2.136,1232.0105,1723.3191000000002,17.666,3,1255.408,1860.0074000000002,1.0,1.0,1.0,1.0,1.0,0.9996,0.032017664918575765,0.032017664918575765,1.963359094672923,14.594924623115567,105.2,1.0,10,0.0,0.0
heat_loss_size,1,8000,0.4,5,3,0,60,3600,0,0,500,14.496,2.29,1847.064,2475.4842000000003,17.462,3,1847.983,2465.2596000000003,1.0,1.0,1.0,1.0,1.0,1.0,0.10166447959113198,0.10166447959113198,2.467090268664963,213.31867839195982,105.2,1.0,10,0.0,0.0
heat_loss_size,2,8000,0.4,5,3,0,60,3600,0,0,500,14.508,2.27,1848.988,2477.4795,17.452,3,1858.938,2483.082,1.0,1.0,1.0,1.0,0.998,0.9998,0.10538674033149172,0.10538674033149172,2.4701657458563537,213.304,105.2,1.0,10,0.0,0.0
heat_loss_size,3,8000,0.4,5,3,0,60,3600,0,0,500,14.308,2.192,1857.4935,2465.6058,17.524,3,1834.8605,2475.4636,1.0,1.0,1.0,1.0,1.0,0.9996,0.10724195338512764,0.10724195338512764,2.4789816870144286,213.283,105.2,1.0,10,0.0,0.0
heat_loss_size,1,8000,0.5,5,3,0,60,3600,0,0,500,14.67,2.27,2467.255,3431.0215,17.734,3,2486.061,3432.8758000000003,1.0,1.0,1.0,1.0,1.0,0.9996,0.23078492722078628,0.23078492722078628,3.03870221738539,213.956,105.2,1.0,10,0.0,0.0
heat_loss_size,2,8000,0.5,5,3,0,60,3600,0,0,500,14.758,2.31,2476.047,3444.0131,17.944,3,2638.9365,3457.134,1.0,1.0,1.0,1.0,0.998,0.9998,0.2346643323681907,0.2346643323681907,3.0356204969362333,213.8910552763819,105.2,1.0,10,0.0,0.0
heat_loss_size,3,8000,0.5,5,3,0,60,3600,0,0,500,14.782,2.306,2516.957,3480.7362000000003,17.838,3,2627.1625,3445.0685,1.0,1.0,1.0,1.0,1.0,0.9996,0.237407157326131,0.237407157326131,3.041255908170155,213.909,105.2,1.0,10,0.0,0.0
heat_loss_size,1,8000,0.6,5,3,0,60,3600,0,0,500,15.828,2.506,3456.5595,4841.3951,18.78,3,3456.9035,4843.6504,1.0,1.0,1.0,1.0,0.998,0.9964,0.4207162743609213,0.4207162743609213,3.6431283219438115,215.639,105.2,1.0,10,0.0,0.0
heat_loss_size,2,8000,0.6,5,3,0,60,3600,0,0,500,15.88,2.542,3456.303,4856.727,18.898,3,3456.5515,4841.1627,1.0,1.0,1.0,1.0,0.994,0.9968,0.4180250487758827,0.4180250487758827,3.626282333689974,215.27054271356783,105.2,1.0,10,0.0,0.0
heat_loss_size,3,8000,0.6,5,3,0,60,3600,0,0,500,15.91,2.486,3455.745,4891.9403,18.964,3,3454.6005,5029.039,1.0,1.0,1.0,1.0,0.996,0.9966,0.41933864591830333,0.41933864591830333,3.6300432954759363,215.22149748743718,105.2,1.0,10,0.0,0.0
heat_loss_size,1,8000,0.7,5,3,0,60,3600,0,0,500,19.652,3.08,5065.531,7854.0009,23.048,3.378,5069.1705,7678.940799999999,0.946,0.946,1.0,0.946,0.884,0.8888,0.6272315751996338,0.6272315751996338,4.184731193733787,413.9604120603015,105.2,1.0,10,0.0,0.0
heat_loss_size,2,8000,0.7,5,3,0,60,3600,0,0,500,19.722,3.186,5028.828,7470.713500000001,22.8,3.364,5027.635,7694.218900000001,0.948,0.948,1.0,0.948,0.902,0.914,0.6143316819040809,0.6143316819040809,4.1503141120588385,413.862,105.2,1.0,10,0.0,0.0
heat_loss_size,3,8000,0.7,5,3,0,60,3600,0,0,500,19.446,3.038,5029.029,7518.126300000001,23.028,3.308,5047.482,7713.9005,0.956,0.956,1.0,0.956,0.872,0.8768,0.6254914977276209,0.6254914977276209,4.1793392227952815,413.954,105.2,1.0,10,0.0,0.0
heat_loss_size,1,8000,0.8,5,3,0,60,3600,0,0,500,17.894,1.87,5033.2605,8682.9445,25.106,6.556,5255.2395,8885.583,0.492,0.492,1.0,0.492,0.308,0.3,0.8184612007463505,0.8184612007463505,4.622818570958183,414.2548090452261,105.2,1.0,10,0.0,0.0
heat_loss_size,2,8000,0.8,5,3,0,60,3600,0,0,500,17.682,1.984,5040.1815,8056.825400000001,25.176,6.64,5440.9865,8723.603800000003,0.48,0.48,1.0,0.48,0.3,0.2998,0.8144568998840356,0.8144568998840356,4.612457893864929,414.16393969849247,105.2,1.0,10,0.0,0.0
heat_loss_size,3,8000,0.8,5,3,0,60,3600,0,0,500,18.398,2.018,5443.568,8660.4912,25.194,6.948,5148.0435,8694.245200000005,0.436,0.436,1.0,0.436,0.306,0.3148,0.8147582141687588,0.8147582141687588,4.615489575373868,414.21402512562815,105.2,1.0,10,0.0,0.0
heat_loss_size,1,8000,0.9,5,3,0,60,3600,0,0,500,12.058,0.426,4023.6575,6034.9874,21.032,8.978,4023.6825,6033.185,0.146,0.146,1.0,0.146,0.038,0.0354,0.9504810882548109,0.9504810882548109,4.897644326476443,414.3159849246231,105.2,1.0,10,0.0,0.0
heat_loss_size,2,8000,0.9,5,3,0,60,3600,0,0,500,11.836,0.394,4023.542,5641.1612000000005,21.424,9.272,4023.743,6035.0805,0.104,0.104,1.0,0.104,0.054,0.0508,0.9494747373686844,0.9494747373686844,4.8967817241954315,414.24724120603014,105.2,1.0,10,0.0,0.0
heat_loss_size,3,8000,0.9,5,3,0,60,3600,0,0,500,12.228,0.442,4023.961,6038.500599999999,20.858,9.132,4023.573,5254.873,0.124,0.124,1.0,0.124,0.056,0.05,0.9503214494447692,0.9503214494447692,4.898221591383485,414.5194773869347,105.2,1.0,10,0.0,0.0
latency,1,5000,0,0,3,0,60,3600,0,0,500,14.848,1.914,5.7075,6.713100000000001,17.828,3,6.3685,7.6243,1.0,1.0,1.0,1.0,1.0,1.0,0.0,0.0,1.0,0.959,98.5,1.0,10,0.0,0.0
latency,2,5000,0,0,3,0,60,3600,0,0,500,14.676,1.894,5.637,6.779400000000001,17.832,3,6.524,7.824199999999999,1.0,1.0,1.0,1.0,1.0,0.9998,0.0,0.0,1.0,0.981,98.5,1.0,10,0.0,0.0
latency,3,5000,0,0,3,0,60,3600,0,0,500,14.796,1.882,5.459,6.5551,17.696,3,6.271,7.5436000000000005,1.0,1.0,1.0,1.0,1.0,0.9994,0.0,0.0,1.0,0.939,98.4,1.0,10,0.0,0.0
latency,4,5000,0,0,3,0,60,3600,0,0,500,14.718,1.858,5.859,7.6781000000000015,17.61,3,6.8795,8.7435,1.0,1.0,1.0,1.0,1.0,0.9996,0.0,0.0,1.0,1.018,98.4,1.0,10,0.0,0.0
latency,5,5000,0,0,3,0,60,3600,0,0,500,14.82,1.934,5.517,6.6592,17.72,3,6.3795,7.620100000000001,1.0,1.0,1.0,1.0,1.0,1.0,0.0,0.0,1.0,0.962,98.4,1.0,10,0.0,0.0
latency,1,5000,0.3,0,3,0,60,3600,0,0,500,14.168,2.096,1206.1375,1808.6332,17.282,3,1206.611,1610.354,1.0,1.0,1.0,1.0,1.0,0.9996,0.03599297012302285,0.03599297012302285,1.9604217926186291,2.3184522613065317,98.5,1.0,10,0.0,0.0
latency,2,5000,0.3,0,3,0,60,3600,0,0,500,14.156,2.096,1206.2175,1808.4892,17.132,3,1206.676,1613.9694000000002,1.0,1.0,1.0,1.0,1.0,0.9996,0.03556278280542986,0.03556278280542986,1.983243778280543,200.22008542713567,98.5,1.0,10,0.0,0.0
latency,3,5000,0.3,0,3,0,60,3600,0,0,500,14.11,2.062,1206.463,1809.8873,17.176,3,1206.167,1612.633,1.0,1.0,1.0,1.0,1.0,0.9998,0.03542388460722619,0.03542388460722619,1.97610125150251,2.983321608040198,98.4,1.0,10,0.0,0.0
latency,4,5000,0.3,0,3,0,60,3600,0,0,500,14.108,2.038,1205.661,1610.7523999999999,17.11,3,1206.796,1611.6127,1.0,1.0,1.0,1.0,1.0,0.9998,0.03423346799914948,0.03423346799914948,1.9743426181869728,2.4194020100502476,98.4,1.0,10,0.0,0.0
latency,5,5000,0.3,0,3,0,60,3600,0,0,500,14.12,2.036,1206.2015,1610.8606000000002,17.216,3,1206.076,1611.9035,1.0,1.0,1.0,1.0,1.0,0.9998,0.03366741953698475,0.03366741953698475,1.9577922077922079,2.545190954773867,98.4,1.0,10,0.0,0.0
latency,1,5000,0,100,3,0,60,3600,0,0,500,14.794,1.886,1018.819,1222.2115,17.684,3,1018.4695,1223.0779,1.0,1.0,1.0,1.0,1.0,0.9992,0.0,0.0,1.958138272610082,202.913,98.5,1.0,10,0.0,0.0
latency,2,5000,0,100,3,0,60,3600,0,0,500,14.866,1.914,1019.6315,1224.1522,17.886,3,1020.0965,1225.336,1.0,1.0,1.0,1.0,1.0,0.9998,0.0,0.0,1.9701532670072601,202.99,98.5,1.0,10,0.0,0.0
latency,3,5000,0,100,3,0,60,3600,0,0,500,14.68,1.86,1017.3505,1220.3136000000002,17.73,3,1017.5995,1221.5623,1.0,1.0,1.0,1.0,1.0,0.9996,0.0,0.0,1.970690241414485,202.859,98.4,1.0,10,0.0,0.0
latency,4,5000,0,100,3,0,60,3600,0,0,500,14.668,1.834,1016.2565,1219.9473,17.762,3,1016.4955,1219.9292,1.0,1.0,1.0,1.0,1.0,1.0,0.0,0.0,1.9743119266055047,202.719,98.4,1.0,10,0.0,0.0
latency,5,5000,0,100,3,0,60,3600,0,0,500,14.81,1.898,1016.791,1219.5583000000001,17.802,3,1017.1805,1220.6401,1.0,1.0,1.0,1.0,1.0,1.0,0.0,0.0,1.96379846008375,202.778,98.4,1.0,10,0.0,0.0
latency,1,5000,0.3,100,3,0,60,3600,0,0,500,14.472,1.978,2216.052,2622.0974,17.358,3,2022.6845,2623.9213999999997,1.0,1.0,1.0,1.0,1.0,1.0,0.06652792230315643,0.06652792230315643,2.890391952826916,203.806,98.5,1.0,10,0.0,0.0
latency,2,5000,0.3,100,3,0,60,3600,0,0,500,14.514,2.022,2020.9645,2625.2084,17.644,3,2213.6185,2625.1308,1.0,1.0,1.0,1.0,1.0,1.0,0.06735715755538789,0.06735715755538789,2.8841484326771383,203.7901608040201,98.5,1.0,10,0.0,0.0
latency,3,5000,0.3,100,3,0,60,3600,0,0,500,14.398,1.972,2020.9415,2621.8651,17.404,3,2021.483,2623.2322999999997,1.0,1.0,1.0,1.0,1.0,0.9998,0.0636761336018332,0.0636761336018332,2.890563155336435,203.87337688442213,98.4,1.0,10,0.0,0.0
latency,4,5000,0.3,100,3,0,60,3600,0,0,500,14.314,1.906,2021.2735,2624.2271,17.364,3,2020.5705,2621.1832999999997,1.0,1.0,1.0,1.0,1.0,1.0,0.06318432247716019,0.06318432247716019,2.8969244717204825,203.953,98.4,1.0,10,0.0,0.0
latency,5,5000,0.3,100,3,0,60,3600,0,0,500,14.49,1.992,2022.0,2624.3961,17.428,3,2214.0755,2624.0912000000003,1.0,1.0,1.0,1.0,1.0,1.0,0.06798533785185698,0.06798533785185698,2.905940936440971,203.9177135678392,98.4,1.0,10,0.0,0.0
latency,1,5000,0,10,3,0,60,3600,0,0,500,14.658,1.84,114.2275,137.0866,17.722,3,113.9375,136.9496,1.0,1.0,1.0,1.0,1.0,1.0,0.0,0.0,1.0,22.407,98.5,1.0,10,0.0,0.0
latency,2,5000,0,10,3,0,60,3600,0,0,500,14.9,1.924,115.5925,138.1026,17.974,3,116.6465,138.4488,1.0,1.0,1.0,1.0,1.0,0.9998,0.0,0.0,1.0,22.471,98.5,1.0,10,0.0,0.0
latency,3,5000,0,10,3,0,60,3600,0,0,500,14.792,1.84,115.3,137.8537,17.956,3,116.1635,138.45,1.0,1.0,1.0,1.0,1.0,1.0,0.0,0.0,1.0,22.578,98.4,1.0,10,0.0,0.0
latency,4,5000,0,10,3,0,60,3600,0,0,500,14.754,1.916,114.823,137.3775,17.708,3,115.079,137.5076,1.0,1.0,1.0,1.0,1.0,1.0,0.0,0.0,1.0,22.505,98.4,1.0,10,0.0,0.0
latency,5,5000,0,10,3,0,60,3600,0,0,500,14.666,1.88,114.6705,137.46470000000002,17.9,3,116.688,138.404,1.0,1.0,1.0,1.0,1.0,0.9998,0.0,0.0,1.0,22.506,98.4,1.0,10,0.0,0.0
latency,1,5000,0.3,10,3,0,60,3600,0,0,500,14.044,2.004,1251.252,1743.6155,17.094,3,1295.163,1745.997,1.0,1.0,1.0,1.0,1.0,0.9998,0.036320989409339685,0.036320989409339685,1.9719240884213518,24.967407035175814,98.5,1.0,10,0.0,0.0
latency,2,5000,0.3,10,3,0,60,3600,0,0,500,14.202,2.078,1272.2525,1836.1023000000005,17.236,3,1274.9955,1770.6769000000004,1.0,1.0,1.0,1.0,1.0,0.9998,0.03108516773331458,0.03108516773331458,1.9772135874534074,222.32422613065327,98.5,1.0,10,0.0,0.0
latency,3,5000,0.3,10,3,0,60,3600,0,0,500,14.116,2.018,1251.5635,1859.5329000000004,17.082,3,1229.8315,1768.5184000000006,1.0,1.0,1.0,1.0,1.0,0.9998,0.033832186679906374,0.033832186679906374,1.97049436130222,24.331683417085422,98.4,1.0,10,0.0,0.0
latency,4,5000,0.3,10,3,0,60,3600,0,0,500,14.106,1.962,1254.732,1721.2993999999999,17.094,3,1274.221,1765.1307,1.0,1.0,1.0,1.0,1.0,1.0,0.033829787234042556,0.033829787234042556,1.96177304964539,24.06045226130653,98.4,1.0,10,0.0,0.0
latency,5,5000,0.3,10,3,0,60,3600,0,0,500,14.164,2.038,1274.0015,1797.5512000000008,17.16,3,1275.5,1793.4436000000005,1.0,1.0,1.0,1.0,1.0,0.9996,0.03488207880242904,0.03488207880242904,1.985312808925293,222.262,98.4,1.0,10,0.0,0.0
latency,1,5000,0,150,3,0,60,3600,0,0,500,14.7,1.848,1515.5235,1818.8503,17.566,3,1515.544,1819.2699,1.0,1.0,1.0,1.0,1.0,0.9998,0.0,0.0,2.0,302.6367638190955,98.5,1.0,10,0.0,0.0
latency,2,5000,0,150,3,0,60,3600,0,0,500,14.952,1.956,1516.4835,1819.0041999999999,17.69,3,1515.9845,1819.375,1.0,1.0,1.0,1.0,1.0,1.0,0.0,0.0,2.0,302.678,98.5,1.0,10,0.0,0.0
latency,3,5000,0,150,3,0,60,3600,0,0,500,14.746,1.888,1515.4165,1817.8354,17.81,3,1515.3755,1818.6721,1.0,1.0,1.0,1.0,1.0,1.0,0.0,0.0,2.0,302.629,98.4,1.0,10,0.0,0.0
latency,4,5000,0,150,3,0,60,3600,0,0,500,14.714,1.824,1514.918,1817.5421000000001,17.732,3,1515.3375,1817.7772,1.0,1.0,1.0,1.0,1.0,0.9998,0.0,0.0,2.0,302.573,98.4,1.0,10,0.0,0.0
latency,5,5000,0,150,3,0,60,3600,0,0,500,14.762,1.912,1515.6875,1819.1132,17.87,3,1516.4925,1819.0953,1.0,1.0,1.0,1.0,1.0,0.9998,0.0,0.0,2.0,302.664,98.4,1.0,10,0.0,0.0
latency,1,5000,0.3,150,3,0,60,3600,0,0,500,14.498,1.956,2616.1805,3122.4646000000002,17.468,3,2617.662,3220.2292,1.0,1.0,1.0,1.0,1.0,1.0,0.06828695712214321,0.06828695712214321,2.9105157771180004,303.8174020100503,98.5,1.0,10,0.0,0.0
latency,2,5000,0.3,150,3,0,60,3600,0,0,500,14.714,2.03,2618.574,3219.2126000000003,17.418,3,2616.251,3124.0885,1.0,1.0,1.0,1.0,1.0,0.9998,0.06686804888095566,0.06686804888095566,2.906219964300426,303.8575929648241,98.5,1.0,10,0.0,0.0
latency,3,5000,0.3,150,3,0,60,3600,0,0,500,14.554,1.98,2619.6775,3223.7945,17.544,3,2618.3985,3123.079,1.0,1.0,1.0,1.0,1.0,1.0,0.06997044470410338,0.06997044470410338,2.9182761701835176,303.80399497487434,98.4,1.0,10,0.0,0.0
latency,4,5000,0.3,150,3,0,60,3600,0,0,500,14.454,1.93,2615.8445,3122.4583,17.614,3,2618.1915,3221.9814,1.0,1.0,1.0,1.0,1.0,0.9998,0.06962983349387643,0.06962983349387643,2.9089720655015827,303.78947236180903,98.4,1.0,10,0.0,0.0
latency,5,5000,0.3,150,3,0,60,3600,0,0,500,14.502,1.972,2616.724,3220.2736,17.556,3,2616.9885,3133.631200000002,1.0,1.0,1.0,1.0,1.0,1.0,0.06724482070342075,0.06724482070342075,2.8993048385986646,303.70454773869346,98.4,1.0,10,0.0,0.0
latency,1,5000,0,1,3,0,60,3600,0,0,500,14.704,1.858,22.3255,26.5916,17.824,3,22.781,27.057,1.0,1.0,1.0,1.0,1.0,0.9998,0.0,0.0,1.0,4.262,98.5,1.0,10,0.0,0.0
latency,2,5000,0,1,3,0,60,3600,0,0,500,14.974,1.958,23.4325,27.701,17.834,3,23.523,28.2164,1.0,1.0,1.0,1.0,1.0,0.9998,0.0,0.0,1.0,4.352,98.5,1.0,10,0.0,0.0
latency,3,5000,0,1,3,0,60,3600,0,0,500,14.694,1.852,21.976,26.183400000000002,17.74,3,22.5665,26.574,1.0,1.0,1.0,1.0,1.0,0.9998,0.0,0.0,1.0,4.264,98.4,1.0,10,0.0,0.0
latency,4,5000,0,1,3,0,60,3600,0,0,500,14.822,1.928,22.718,27.063200000000002,17.828,3,23.165,27.325200000000002,1.0,1.0,1.0,1.0,1.0,1.0,0.0,0.0,1.0,4.351,98.4,1.0,10,0.0,0.0
latency,5,5000,0,1,3,0,60,3600,0,0,500,14.696,1.88,22.447,27.0467,17.852,3,23.7845,27.7879,1.0,1.0,1.0,1.0,1.0,0.9998,0.0,0.0,1.0,4.198,98.4,1.0,10,0.0,0.0
latency,1,5000,0.3,1,3,0,60,3600,0,0,500,14.076,2.004,1040.15,1635.757,17.326,3,1222.569,1636.5683000000001,1.0,1.0,1.0,1.0,1.0,1.0,0.03380043658897261,0.03380043658897261,1.9618336736849518,5.556417085427134,98.5,1.0,10,0.0,0.0
latency,2,5000,0.3,1,3,0,60,3600,0,0,500,14.218,2.084,1210.5335,1636.7697,17.222,3,1220.6065,1639.3311999999999,1.0,1.0,1.0,1.0,1.0,1.0,0.03354430379746835,0.03354430379746835,1.961181434599156,5.752969849246224,98.5,1.0,10,0.0,0.0
latency,3,5000,0.3,1,3,0,60,3600,0,0,500,14.168,2.028,1215.0465,1641.5103000000001,17.12,3,1220.4595,1635.9118999999998,1.0,1.0,1.0,1.0,1.0,0.9998,0.033229638009049774,0.033229638009049774,1.9635888009049773,5.839648241206011,98.4,1.0,10,0.0,0.0
latency,4,5000,0.3,1,3,0,60,3600,0,0,500,14.202,2.022,1215.9085,1643.093,17.19,3,1224.612,1819.1506000000002,1.0,1.0,1.0,1.0,1.0,0.9998,0.0323330515638208,0.0323330515638208,1.9879543533389687,204.2915125628141,98.4,1.0,10,0.0,0.0
latency,5,5000,0.3,1,3,0,60,3600,0,0,500,14.018,1.992,1216.3275,1635.5299,17.068,3,1037.811,1638.9073,1.0,1.0,1.0,1.0,1.0,0.9996,0.032685323648792994,0.032685323648792994,1.9622587766146835,6.055562814070334,98.4,1.0,10,0.0,0.0
latency,1,5000,0,200,3,0,60,3600,0,0,500,14.662,1.852,2017.6095,2420.9458,17.522,3,2017.7,2420.7882,1.0,1.0,1.0,1.0,1.0,0.9998,0.0,0.0,2.922902960526316,403.005,98.5,1.0,10,0.0,0.0
latency,2,5000,0,200,3,0,60,3600,0,0,500,14.722,1.892,2018.0705,2422.4882000000002,18.074,3,2021.5845,2423.0911,1.0,1.0,1.0,1.0,1.0,0.9994,0.0,0.0,2.9215330916901596,403.082,98.5,1.0,10,0.0,0.0
latency,3,5000,0,200,3,0,60,3600,0,0,500,14.646,1.834,2017.8845,2422.4013999999997,17.706,3,2018.713,2422.2512,1.0,1.0,1.0,1.0,1.0,0.9998,0.0,0.0,2.909852820932134,403.051,98.4,1.0,10,0.0,0.0
latency,4,5000,0,200,3,0,60,3600,0,0,500,14.614,1.852,2017.4765,2421.1581,17.664,3,2017.8175,2421.6059,1.0,1.0,1.0,1.0,1.0,0.9998,0.0,0.0,2.917275770202883,402.962,98.4,1.0,10,0.0,0.0
latency,5,5000,0,200,3,0,60,3600,0,0,500,14.648,1.852,2017.7455,2421.78,17.714,3,2018.645,2421.8064,1.0,1.0,1.0,1.0,1.0,0.9996,0.0,0.0,2.9177167767863224,403.023,98.4,1.0,10,0.0,0.0
latency,1,5000,0.3,200,3,0,60,3600,0,0,500,14.662,1.948,3023.0725,3821.57,17.648,3,3022.6755,3627.4534,1.0,1.0,1.0,1.0,1.0,0.9996,0.12848857045377005,0.12848857045377005,3.7166837256908907,403.8305879396985,98.5,1.0,10,0.0,0.0
latency,2,5000,0.3,200,3,0,60,3600,0,0,500,14.65,1.97,3020.9255,3819.5866,17.694,3,3023.6285,3625.4077,1.0,1.0,1.0,1.0,1.0,1.0,0.12711286804798255,0.12711286804798255,3.7161259541984735,403.822175879397,98.5,1.0,10,0.0,0.0
latency,3,5000,0.3,200,3,0,60,3600,0,0,500,14.756,1.952,3022.661,3647.551900000004,17.662,3,3021.274,3623.3537,1.0,1.0,1.0,1.0,1.0,1.0,0.12427765313753485,0.12427765313753485,3.7030389557413828,403.7883618090452,98.4,1.0,10,0.0,0.0
latency,4,5000,0.3,200,3,0,60,3600,0,0,500,14.654,1.924,3020.0725,3623.3647,17.604,3,3020.978,3820.38,1.0,1.0,1.0,1.0,1.0,1.0,0.12844350263175883,0.12844350263175883,3.7107116002460865,403.8045326633166,98.4,1.0,10,0.0,0.0
latency,5,5000,0.3,200,3,0,60,3600,0,0,500,14.62,1.966,3020.5145,3624.978,17.774,3,3217.447,3625.4365,1.0,1.0,1.0,1.0,1.0,1.0,0.12900591957542357,0.12900591957542357,3.7087841055997823,403.792,98.4,1.0,10,0.0,0.0
latency,1,5000,0,20,3,0,60,3600,0,0,500,14.88,1.898,215.184,258.29179999999997,17.648,3,215.0915,257.8899,1.0,1.0,1.0,1.0,1.0,1.0,0.0,0.0,1.0,42.505,98.5,1.0,10,0.0,0.0
latency,2,5000,0,20,3,0,60,3600,0,0,500,15.022,1.98,215.977,258.832,18.142,3,218.9275,260.2344,1.0,1.0,1.0,1.0,1.0,1.0,0.0,0.0,1.0,42.598,98.5,1.0,10,0.0,0.0
latency,3,5000,0,20,3,0,60,3600,0,0,500,14.774,1.856,214.959,257.78610000000003,17.728,3,215.0615,258.3611,1.0,1.0,1.0,1.0,1.0,0.9998,0.0,0.0,1.0,42.544,98.4,1.0,10,0.0,0.0
latency,4,5000,0,20,3,0,60,3600,0,0,500,14.66,1.816,214.8235,257.7169,17.734,3,214.881,257.7013,1.0,1.0,1.0,1.0,1.0,1.0,0.0,0.0,1.0,42.517,98.4,1.0,10,0.0,0.0
latency,5,5000,0,20,3,0,60,3600,0,0,500,14.746,1.85,214.822,257.0564,17.88,3,215.5105,257.5425,1.0,1.0,1.0,1.0,1.0,0.9996,0.0,0.0,1.0,42.46,98.4,1.0,10,0.0,0.0
latency,1,5000,0.3,20,3,0,60,3600,0,0,500,14.072,1.998,1305.139,1863.4962,17.1,3,1333.1415,1866.0329000000002,1.0,1.0,1.0,1.0,1.0,1.0,0.033153485730512564,0.033153485730512564,1.9636518529035922,44.11821608040201,98.5,1.0,10,0.0,0.0
latency,2,5000,0.3,20,3,0,60,3600,0,0,500,14.282,2.092,1302.963,1894.2795,17.196,3,1333.5185,1898.6016000000002,1.0,1.0,1.0,1.0,1.0,1.0,0.03406138071493785,0.03406138071493785,1.965587471030269,44.035055276381904,98.5,1.0,10,0.0,0.0
latency,3,5000,0.3,20,3,0,60,3600,0,0,500,14.15,1.994,1374.3235,1896.5228,17.042,3,1303.2425,1822.7341999999999,1.0,1.0,1.0,1.0,1.0,0.9998,0.03398127128263337,0.03398127128263337,1.9655221339387061,44.133,98.4,1.0,10,0.0,0.0
latency,4,5000,0.3,20,3,0,60,3600,0,0,500,14.082,1.992,1294.4725,1864.9118,17.152,3,1332.293,1868.5200000000007,1.0,1.0,1.0,1.0,1.0,0.9998,0.03470992420485939,0.03470992420485939,1.958206417794149,43.99494472361808,98.4,1.0,10,0.0,0.0
latency,5,5000,0.3,20,3,0,60,3600,0,0,500,14.144,2.014,1376.868,1897.5781000000002,17.046,3,1333.5375,1868.9976000000006,1.0,1.0,1.0,1.0,1.0,1.0,0.0354735721887194,0.0354735721887194,1.989003192621497,242.20224623115575,98.4,1.0,10,0.0,0.0
latency,1,5000,0,2,3,0,60,3600,0,0,500,14.706,1.872,34.3035,40.563900000000004,17.934,3,35.5415,41.8438,1.0,1.0,1.0,1.0,1.0,1.0,0.0,0.0,1.0,6.423733668341708,98.5,1.0,10,0.0,0.0
latency,2,5000,0,2,3,0,60,3600,0,0,500,15.02,1.964,35.314,41.6181,17.904,3,35.211,42.062400000000004,1.0,1.0,1.0,1.0,1.0,1.0,0.0,0.0,1.0,6.414090452261306,98.5,1.0,10,0.0,0.0
latency,3,5000,0,2,3,0,60,3600,0,0,500,14.744,1.878,33.7355,39.7725,17.768,3,33.886,40.2774,1.0,1.0,1.0,1.0,1.0,1.0,0.0,0.0,1.0,6.348,98.4,1.0,10,0.0,0.0
latency,4,5000,0,2,3,0,60,3600,0,0,500,14.8,1.908,33.993,41.6362,17.754,3,35.19,41.7025,1.0,1.0,1.0,1.0,1.0,0.9996,0.0,0.0,1.0,6.411,98.4,1.0,10,0.0,0.0
latency,5,5000,0,2,3,0,60,3600,0,0,500,14.884,1.924,36.6165,42.606,17.966,3,37.525,43.9054,1.0,1.0,1.0,1.0,1.0,1.0,0.0,0.0,1.0,6.534497487437186,98.4,1.0,10,0.0,0.0
latency,1,5000,0.3,2,3,0,60,3600,0,0,500,14.268,2.046,1226.04,1643.8305,17.168,3,1225.8065,1822.5816,1.0,1.0,1.0,1.0,1.0,0.9998,0.03263468842312561,0.03263468842312561,1.96504431002954,11.14855276381875,98.5,1.0,10,0.0,0.0
latency,2,5000,0.3,2,3,0,60,3600,0,0,500,14.218,2.072,1221.6855,1649.2135,17.266,3,1218.579,1653.272,1.0,1.0,1.0,1.0,1.0,0.9996,0.03215840471843842,0.03215840471843842,1.9541496980761128,7.960261306532662,98.5,1.0,10,0.0,0.0
latency,3,5000,0.3,2,3,0,60,3600,0,0,500,14.01,2.018,1225.4145,1659.1129,17.224,3,1225.5685,1827.3591999999999,1.0,1.0,1.0,1.0,1.0,1.0,0.03570163632499823,0.03570163632499823,1.980307430757243,206.2554120603015,98.4,1.0,10,0.0,0.0
latency,4,5000,0.3,2,3,0,60,3600,0,0,500,14.15,2.022,1228.5935,1821.4106000000002,17.22,3,1229.678,1822.5979,1.0,1.0,1.0,1.0,1.0,0.9998,0.036517448008459644,0.036517448008459644,1.974127599577018,8.079336683417084,98.4,1.0,10,0.0,0.0
latency,5,5000,0.3,2,3,0,60,3600,0,0,500,14.15,2.09,1230.4495,1659.1447,17.19,3,1228.8545,1654.8812,1.0,1.0,1.0,1.0,1.0,0.9998,0.03634438955539873,0.03634438955539873,1.9877205363443895,206.22206532663316,98.4,1.0,10,0.0,0.0
latency,1,5000,0,300,3,0,60,3600,0,0,500,14.682,1.866,3016.4945,3619.1301000000003,17.698,3,3016.4715,3619.4355,1.0,1.0,1.0,1.0,1.0,1.0,0.0,0.0,3.392511912865895,602.75,98.5,1.0,10,0.0,0.0
latency,2,5000,0,300,3,0,60,3600,0,0,500,14.78,1.904,3017.065,3620.6807000000003,17.974,3,3018.2665,3620.9512999999997,1.0,1.0,1.0,1.0,1.0,0.9998,0.0,0.0,3.4091550715870134,602.788,98.5,1.0,10,0.0,0.0
latency,3,5000,0,300,3,0,60,3600,0,0,500,14.768,1.896,3017.005,3620.0006000000003,17.7,3,3017.0655,3619.9272,1.0,1.0,1.0,1.0,1.0,1.0,0.0,0.0,3.415976652640152,602.8115175879398,98.4,1.0,10,0.0,0.0
latency,4,5000,0,300,3,0,60,3600,0,0,500,14.714,1.86,3016.7275,3620.0866,17.696,3,3016.888,3619.7026,1.0,1.0,1.0,1.0,1.0,0.9998,0.0,0.0,3.4006120367222032,602.785,98.4,1.0,10,0.0,0.0
latency,5,5000,0,300,3,0,60,3600,0,0,500,14.792,1.912,3016.966,3619.4022999999997,17.79,3,3017.318,3619.8911000000003,1.0,1.0,1.0,1.0,1.0,1.0,0.0,0.0,3.3775268744506795,602.71,98.4,1.0,10,0.0,0.0
latency,1,5000,0.3,300,3,0,60,3600,0,0,500,14.882,1.95,4017.2595,4820.0253,17.906,3,4019.6955,4821.442400000001,1.0,1.0,1.0,1.0,1.0,1.0,0.1674499798576608,0.1674499798576608,3.9659594467570836,603.2796532663316,98.5,1.0,10,0.0,0.0
latency,2,5000,0.3,300,3,0,60,3600,0,0,500,15.048,1.996,4019.379,4821.8999,17.936,3,4019.464,4823.018599999999,1.0,1.0,1.0,1.0,1.0,1.0,0.1716915688367129,0.1716915688367129,3.977921558164354,603.326,98.5,1.0,10,0.0,0.0
latency,3,5000,0.3,300,3,0,60,3600,0,0,500,14.794,1.88,4018.239,4819.8416,17.94,3,4018.9295,4822.229,1.0,1.0,1.0,1.0,1.0,1.0,0.16405461760947063,0.16405461760947063,3.983453285800767,603.357,98.4,1.0,10,0.0,0.0
latency,4,5000,0.3,300,3,0,60,3600,0,0,500,14.834,1.91,4019.904,4624.3472,17.786,3,4018.757,4623.8424,1.0,1.0,1.0,1.0,1.0,0.9998,0.17022282241728562,0.17022282241728562,3.9844024307900066,603.3697487437186,98.4,1.0,10,0.0,0.0
latency,5,5000,0.3,300,3,0,60,3600,0,0,500,14.984,1.992,4020.854,4822.5687,18.054,3,4020.367,4822.396299999999,1.0,1.0,1.0,1.0,1.0,0.9996,0.1711831679872162,0.1711831679872162,3.9884812570743726,603.329,98.4,1.0,10,0.0,0.0
latency,1,5000,0,400,3,0,60,3600,0,0,500,14.69,1.852,4016.302,4818.8819,17.682,3,4016.3625,4819.246,1.0,1.0,1.0,1.0,1.0,0.9994,0.0,0.0,4.0990058559172,802.72,98.5,1.0,10,0.0,0.0
latency,2,5000,0,400,3,0,60,3600,0,0,500,14.808,1.936,4017.2405,4820.074,17.808,3,4017.099,4820.583799999999,1.0,1.0,1.0,1.0,1.0,0.9998,0.0,0.0,4.10284981091302,802.777,98.5,1.0,10,0.0,0.0
latency,3,5000,0,400,3,0,60,3600,0,0,500,14.564,1.826,4015.8505,4818.4777,17.756,3,4016.89,4819.6015,1.0,1.0,1.0,1.0,1.0,0.9996,0.0,0.0,4.086630286493861,802.707,98.4,1.0,10,0.0,0.0
latency,4,5000,0,400,3,0,60,3600,0,0,500,14.752,1.858,4016.5125,4819.485900000001,17.69,3,4016.568,4820.488,1.0,1.0,1.0,1.0,1.0,0.9996,0.0,0.0,4.10658243325861,802.7839849246232,98.4,1.0,10,0.0,0.0
latency,5,5000,0,400,3,0,60,3600,0,0,500,14.61,1.82,4016.1555,4818.923900000001,17.74,3,4016.9735,4820.0005,1.0,1.0,1.0,1.0,1.0,0.9998,0.0,0.0,4.091584327086882,802.741,98.4,1.0,10,0.0,0.0
latency,1,5000,0.3,400,3,0,60,3600,0,0,500,15.346,2.046,4920.291,5825.571099999999,18.292,3,4824.2625,5628.8598,1.0,1.0,1.0,1.0,1.0,1.0,0.26940400809452314,0.26940400809452314,4.528102356550689,802.961,98.5,1.0,10,0.0,0.0
latency,2,5000,0.3,400,3,0,60,3600,0,0,500,15.244,2.044,4822.254,5818.455599999999,18.322,3,4826.08,5629.179099999999,1.0,1.0,1.0,1.0,1.0,0.9998,0.270104037165478,0.270104037165478,4.520971013544461,802.9620251256281,98.5,1.0,10,0.0,0.0
latency,3,5000,0.3,400,3,0,60,3600,0,0,500,15.186,2.038,4822.5775,5629.3501,17.994,3,4818.6165,5624.8315999999995,1.0,1.0,1.0,1.0,1.0,0.9998,0.26964877402253146,0.26964877402253146,4.52882703777336,802.985,98.4,1.0,10,0.0,0.0
latency,4,5000,0.3,400,3,0,60,3600,0,0,500,15.234,2.018,4824.9685,5823.8411,18.468,3,5015.522,6020.5108,1.0,1.0,1.0,1.0,1.0,0.9994,0.27209953748941434,0.27209953748941434,4.529607191713895,802.978,98.4,1.0,10,0.0,0.0
latency,5,5000,0.3,400,3,0,60,3600,0,0,500,15.134,2.006,4819.5655,5818.9327,18.31,3,5015.927,5823.5545999999995,1.0,1.0,1.0,1.0,1.0,0.9996,0.2639600578110629,0.2639600578110629,4.522598870056497,802.943,98.4,1.0,10,0.0,0.0
latency,1,5000,0,500,3,0,60,3600,0,0,500,14.74,1.902,5015.9045,6018.732,17.854,3,5016.3775,6019.6343,1.0,1.0,1.0,1.0,1.0,0.9998,0.007907008177333244,0.007907008177333244,5.0,1002.69,98.5,1.0,10,0.0,0.0
latency,2,5000,0,500,3,0,60,3600,0,0,500,14.806,1.91,5016.4785,6019.4884,17.922,3,5017.1015,6021.4542,1.0,1.0,1.0,1.0,1.0,0.9998,0.016684607104413347,0.016684607104413347,5.0,1002.749,98.5,1.0,10,0.0,0.0
latency,3,5000,0,500,3,0,60,3600,0,0,500,14.72,1.838,5015.939,6018.879900000001,17.64,3,5015.987,6019.3318,1.0,1.0,1.0,1.0,1.0,1.0,0.011103542234332424,0.011103542234332424,5.0,1002.672,98.4,1.0,10,0.0,0.0
latency,4,5000,0,500,3,0,60,3600,0,0,500,14.774,1.872,5016.4705,6019.4353,17.792,3,5016.3925,6019.7382,1.0,1.0,1.0,1.0,1.0,0.9996,0.015626056957315837,0.015626056957315837,5.0,1002.724,98.4,1.0,10,0.0,0.0
latency,5,5000,0,500,3,0,60,3600,0,0,500,14.732,1.882,5016.099,6018.78,17.772,3,5016.669,6019.6978,1.0,1.0,1.0,1.0,1.0,1.0,0.011456073752711496,0.011456073752711496,5.0,1002.7,98.4,1.0,10,0.0,0.0
latency,1,5000,0.3,500,3,0,60,3600,0,0,500,17.466,2.424,6023.6165,8033.357,20.798,3,6024.3865,8038.764700000001,1.0,1.0,1.0,1.0,0.992,0.9904,0.5100952813067151,0.5100952813067151,5.0,1002.429,98.5,1.0,10,0.0,0.0
latency,2,5000,0.3,500,3,0,60,3600,0,0,500,17.858,2.516,6025.7745,8036.875099999999,20.784,3.042,6024.759,8034.5153,0.994,0.994,1.0,0.994,0.984,0.9884000000000001,0.5095505617977528,0.5095505617977528,5.0,1002.432,98.5,1.0,10,0.0,0.0
latency,3,5000,0.3,500,3,0,60,3600,0,0,500,17.498,2.416,6023.262,8034.340099999999,20.412,3.028,6023.7625,8032.5914,0.996,0.996,1.0,0.996,0.986,0.988,0.5074823691302104,0.5074823691302104,5.0,1002.439,98.4,1.0,10,0.0,0.0
latency,4,5000,0.3,500,3,0,60,3600,0,0,500,17.77,2.514,6024.443,8037.342900000001,20.718,3.042,6024.552,8037.8018,0.994,0.994,1.0,0.994,0.99,0.9888,0.5134570896575072,0.5134570896575072,5.0,1002.448,98.4,1.0,10,0.0,0.0
latency,5,5000,0.3,500,3,0,60,3600,0,0,500,17.89,2.506,6025.1475,8036.6705,20.968,3.028,6026.9045,8037.508599999999,0.996,0.996,1.0,0.996,0.994,0.9962,0.5152107172760256,0.5152107172760256,5.0,1002.4308190954773,98.4,1.0,10,0.0,0.0
latency,1,5000,0,50,3,0,60,3600,0,0,500,14.912,1.89,515.2835,617.971,17.88,3,515.206,618.1784,1.0,1.0,1.0,1.0,1.0,1.0,0.0,0.0,1.0,102.525,98.5,1.0,10,0.0,0.0
latency,2,5000,0,50,3,0,60,3600,0,0,500,14.848,1.912,515.0935,618.399,17.89,3,515.736,618.7185999999999,1.0,1.0,1.0,1.0,1.0,0.9996,0.0,0.0,1.0,102.546,98.5,1.0,10,0.0,0.0
latency,3,5000,0,50,3,0,60,3600,0,0,500,14.766,1.87,515.8985,618.649,17.726,3,515.2975,618.8419,1.0,1.0,1.0,1.0,1.0,0.9996,0.0,0.0,1.0,102.615,98.4,1.0,10,0.0,0.0
latency,4,5000,0,50,3,0,60,3600,0,0,500,14.698,1.862,514.7925,617.6576,17.892,3,515.7705,617.9426,1.0,1.0,1.0,1.0,1.0,1.0,0.0,0.0,1.0,102.558,98.4,1.0,10,0.0,0.0
latency,5,5000,0,50,3,0,60,3600,0,0,500,14.794,1.856,514.891,618.616,17.824,3,515.603,618.5066999999999,1.0,1.0,1.0,1.0,1.0,1.0,0.0,0.0,1.0,102.509,98.4,1.0,10,0.0,0.0
latency,1,5000,0.3,50,3,0,60,3600,0,0,500,14.306,2.066,1616.957,2218.252,17.228,3,1616.759,2122.0349,1.0,1.0,1.0,1.0,1.0,0.9994,0.03560664470456298,0.03560664470456298,1.9618700497651924,103.89656783919598,98.5,1.0,10,0.0,0.0
latency,2,5000,0.3,50,3,0,60,3600,0,0,500,14.176,2.038,1614.912,2122.712,17.308,3,1615.0525,2125.6695,1.0,1.0,1.0,1.0,1.0,0.9994,0.031596685858727706,0.031596685858727706,1.955062491223143,104.07030150753769,98.5,1.0,10,0.0,0.0
latency,3,5000,0.3,50,3,0,60,3600,0,0,500,14.184,2.004,1521.7685,2140.2998000000016,17.252,3,1619.0665,2123.837,1.0,1.0,1.0,1.0,1.0,0.9994,0.03397102264734843,0.03397102264734843,1.9635673090448726,104.09552261306531,98.4,1.0,10,0.0,0.0
latency,4,5000,0.3,50,3,0,60,3600,0,0,500,14.146,2.01,1613.7555,2121.7699,17.182,3,1615.95,2120.4963,1.0,1.0,1.0,1.0,1.0,0.9998,0.03290031064670997,0.03290031064670997,1.961310364303869,104.06,98.4,1.0,10,0.0,0.0
latency,5,5000,0.3,50,3,0,60,3600,0,0,500,14.26,2.026,1616.1575,2123.956,17.104,3,1615.159,2119.3996,1.0,1.0,1.0,1.0,1.0,1.0,0.03257650542941757,0.03257650542941757,1.9538852065999155,104.10996984924624,98.4,1.0,10,0.0,0.0
latency,1,5000,0,5,3,0,60,3600,0,0,500,14.832,1.876,64.8335,77.92389999999999,17.674,3,65.5595,77.8407,1.0,1.0,1.0,1.0,1.0,0.9994,0.0,0.0,1.0,12.519,98.5,1.0,10,0.0,0.0
latency,2,5000,0,5,3,0,60,3600,0,0,500,14.844,1.886,64.483,77.4368,17.762,3,65.0235,78.4634,1.0,1.0,1.0,1.0,1.0,0.9996,0.0,0.0,1.0,12.472190954773868,98.5,1.0,10,0.0,0.0
latency,3,5000,0,5,3,0,60,3600,0,0,500,14.882,1.912,65.032,77.5631,17.73,3,65.0855,77.9614,1.0,1.0,1.0,1.0,1.0,0.9996,0.0,0.0,1.0,12.506,98.4,1.0,10,0.0,0.0
latency,4,5000,0,5,3,0,60,3600,0,0,500,14.692,1.86,63.6225,76.2176,17.814,3,64.457,76.7198,1.0,1.0,1.0,1.0,1.0,1.0,0.0,0.0,1.0,12.391,98.4,1.0,10,0.0,0.0
latency,5,5000,0,5,3,0,60,3600,0,0,500,14.862,1.908,65.001,78.9663,17.748,3,66.5785,79.0898,1.0,1.0,1.0,1.0,1.0,1.0,0.0,0.0,1.0,12.576,98.4,1.0,10,0.0,0.0
latency,1,5000,0.3,5,3,0,60,3600,0,0,500,14.128,2.034,1174.092,1822.8697,17.136,3,1243.718,1681.7654000000002,1.0,1.0,1.0,1.0,1.0,0.9996,0.03431927540333994,0.03431927540333994,1.9744551372771015,14.098015075376864,98.5,1.0,10,0.0,0.0
latency,2,5000,0.3,5,3,0,60,3600,0,0,500,14.13,2.06,1242.7945,1846.4343000000001,17.228,3,1244.3465,1703.3358000000005,1.0,1.0,1.0,1.0,1.0,1.0,0.0346286762112984,0.0346286762112984,1.982086183792933,14.512718592964728,98.5,1.0,10,0.0,0.0
latency,3,5000,0.3,5,3,0,60,3600,0,0,500,14.128,2.014,1117.4325,1681.1675,17.178,3,1233.3515,1697.4260000000002,1.0,1.0,1.0,1.0,1.0,0.9998,0.0310888150922066,0.0310888150922066,1.9631880166749098,14.101618090452256,98.4,1.0,10,0.0,0.0
latency,4,5000,0.3,5,3,0,60,3600,0,0,500,14.148,2.03,1245.162,1822.4629,17.156,3,1244.6495,1735.0231000000022,1.0,1.0,1.0,1.0,1.0,0.9996,0.035472018089316,0.035472018089316,1.9787309214245337,13.998793969849245,98.4,1.0,10,0.0,0.0
latency,5,5000,0.3,5,3,0,60,3600,0,0,500,14.128,2.056,1244.433,1673.0685,17.11,3,1258.2755,1845.7951,1.0,1.0,1.0,1.0,1.0,0.9996,0.037396416176783055,0.037396416176783055,1.9772646788016148,13.912145728643216,98.4,1.0,10,0.0,0.0
latency,1,5000,0,600,3,0,60,3600,0,0,500,10,0,4022.8735,4025.412,19.412,9.412,4025.4075,4030.16,0.084,0.084,1.0,0.084,0.012,0.0158,1.0,1.0,5.0,nan,98.5,1.0,10,0.0,0.0
latency,2,5000,0,600,3,0,60,3600,0,0,500,10,0,4022.655,4025.5311,19.51,9.51,4025.1615,4029.8444,0.07,0.07,1.0,0.07,0.006,0.0128,1.0,1.0,5.0,nan,98.5,1.0,10,0.0,0.0
latency,3,5000,0,600,3,0,60,3600,0,0,500,10,0,4022.725,4025.1812,19.594,9.594,4025.0395,4029.8098,0.058,0.058,1.0,0.058,0.016,0.0118,1.0,1.0,5.0,nan,98.4,1.0,10,0.0,0.0
latency,4,5000,0,600,3,0,60,3600,0,0,500,10,0,4022.8805,4025.3306000000002,19.622,9.622,4025.196,4030.523,0.054,0.054,1.0,0.054,0.014,0.015000000000000001,1.0,1.0,5.0,nan,98.4,1.0,10,0.0,0.0
latency,5,5000,0,600,3,0,60,3600,0,0,500,10,0,4022.603,4025.0163,19.496,9.496,4024.9575,4029.4849,0.072,0.072,1.0,0.072,0.01,0.0114,1.0,1.0,5.0,nan,98.4,1.0,10,0.0,0.0
latency,1,5000,0.3,600,3,0,60,3600,0,0,500,10,0,4022.92,4025.126,19.512,9.512,4025.1575,4029.9342,0.07,0.07,1.0,0.07,0.022,0.0158,1.0,1.0,5.0,nan,98.5,1.0,10,0.0,0.0
latency,2,5000,0.3,600,3,0,60,3600,0,0,500,10,0,4023.01,4025.2787999999996,19.636,9.636,4025.8655,4030.7355,0.052,0.052,1.0,0.052,0.006,0.009000000000000001,1.0,1.0,5.0,nan,98.5,1.0,10,0.0,0.0
latency,3,5000,0.3,600,3,0,60,3600,0,0,500,10,0,4022.924,4025.6187999999997,19.426,9.426,4025.32,4030.1731,0.082,0.082,1.0,0.082,0.02,0.0166,1.0,1.0,5.0,nan,98.4,1.0,10,0.0,0.0
latency,4,5000,0.3,600,3,0,60,3600,0,0,500,10,0,4023.076,4025.4402999999998,19.498,9.498,4025.2195,4030.1691,0.072,0.072,1.0,0.072,0.022,0.013000000000000001,1.0,1.0,5.0,nan,98.4,1.0,10,0.0,0.0
latency,5,5000,0.3,600,3,0,60,3600,0,0,500,10,0,4022.7965,4025.5222000000003,19.58,9.58,4024.8865,4029.4671000000003,0.06,0.06,1.0,0.06,0.01,0.0092,1.0,1.0,5.0,nan,98.4,1.0,10,0.0,0.0
loss,1,5000,0,5,3,0,60,3600,0,0,1000,14.802,1.902,65.577,78.38419999999999,17.781,3,65.511,79.19739999999999,1.0,1.0,1.0,1.0,1.0,0.9999,0.0,0.0,1.0,12.573,98.5,1.0,10,0.0,0.0
loss,10,5000,0,5,3,0,60,3600,0,0,1000,14.807,1.881,64.2765,77.5781,17.624,3,64.922,77.94810000000001,1.0,1.0,1.0,1.0,1.0,0.9997,0.0,0.0,1.0,12.473,98.4,1.0,10,0.0,0.0
loss,2,5000,0,5,3,0,60,3600,0,0,1000,14.873,1.919,64.6995,77.46860000000001,17.951,3,65.587,78.46010000000001,1.0,1.0,1.0,1.0,1.0,0.9995,0.0,0.0,1.0,12.469,98.5,1.0,10,0.0,0.0
loss,3,5000,0,5,3,0,60,3600,0,0,1000,14.795,1.878,64.565,77.4646,17.694,3,64.636,77.5171,1.0,1.0,1.0,1.0,0.999,0.9998,0.0,0.0,1.0,12.46,98.4,1.0,10,0.0,0.0
loss,4,5000,0,5,3,0,60,3600,0,0,1000,14.669,1.83,64.223,76.8933,17.749,3,64.5035,77.2264,1.0,1.0,1.0,1.0,1.0,0.9998,0.0,0.0,1.0,12.453,98.4,1.0,10,0.0,0.0
loss,5,5000,0,5,3,0,60,3600,0,0,1000,14.744,1.872,64.763,78.1155,17.853,3,65.7315,79.0605,1.0,1.0,1.0,1.0,1.0,0.9999,0.0,0.0,1.0,12.569,98.4,1.0,10,0.0,0.0
loss,6,5000,0,5,3,0,60,3600,0,0,1000,14.666,1.858,64.4255,77.3757,17.789,3,65.447,77.59840000000001,1.0,1.0,1.0,1.0,0.999,0.9999,0.0,0.0,1.0,12.468,98.4,1.0,10,0.0,0.0
loss,7,5000,0,5,3,0,60,3600,0,0,1000,14.783,1.875,64.5235,77.0781,17.771,3,65.0615,77.5706,1.0,1.0,1.0,1.0,1.0,0.9998,0.0,0.0,1.0,12.455,98.4,1.0,10,0.0,0.0
loss,8,5000,0,5,3,0,60,3600,0,0,1000,14.741,1.876,64.207,77.1399,17.714,3,64.894,77.7614,1.0,1.0,1.0,1.0,0.998,0.9997,0.0,0.0,1.0,12.447,98.4,1.0,10,0.0,0.0
loss,9,5000,0,5,3,0,60,3600,0,0,1000,14.917,1.911,65.72,78.0504,17.684,3,65.9895,78.4575,1.0,1.0,1.0,1.0,1.0,0.9999,0.0,0.0,1.0,12.596,98.4,1.0,10,0.0,0.0
loss,1,5000,0.1,5,3,0,60,3600,0,0,1000,14.4,1.932,414.8835,641.8429,17.437,3,382.5765,643.0036,1.0,1.0,1.0,1.0,1.0,0.9999,0.00020806602628567464,0.00020806602628567464,1.2292887609668135,12.592,98.5,1.0,10,0.0,0.0
loss,10,5000,0.1,5,3,0,60,3600,0,0,1000,14.334,1.931,356.235,652.9277,17.323,3,325.4125,641.2526,1.0,1.0,1.0,1.0,1.0,0.9997,0.0002442684160937991,0.0002442684160937991,1.2271347314792198,12.575,98.4,1.0,10,0.0,0.0
loss,2,5000,0.1,5,3,0,60,3600,0,0,1000,14.486,1.98,413.6475,653.0439,17.543,3,414.6985,652.6415999999999,1.0,1.0,1.0,1.0,1.0,0.9998,6.889662062075855e-05,6.889662062075855e-05,1.2283922973578145,12.582,98.5,1.0,10,0.0,0.0
loss,3,5000,0.1,5,3,0,60,3600,0,0,1000,14.327,1.943,415.5925,651.4753000000001,17.341,3,415.339,652.2912,1.0,1.0,1.0,1.0,0.999,0.9996,0.0002092925910422771,0.0002092925910422771,1.2344774661643645,12.578,98.4,1.0,10,0.0,0.0
loss,4,5000,0.1,5,3,0,60,3600,0,0,1000,14.357,1.949,414.343,651.2021,17.379,3,341.9955,652.4085,1.0,1.0,1.0,1.0,1.0,0.9997,0.00020879732739420936,0.00020879732739420936,1.2303730512249442,12.59,98.4,1.0,10,0.0,0.0
loss,5,5000,0.1,5,3,0,60,3600,0,0,1000,14.384,1.965,426.2005,652.164,17.476,3,415.1805,653.7681,1.0,1.0,1.0,1.0,1.0,0.9996,0.0002772002772002772,0.0002772002772002772,1.2396049896049897,12.583,98.4,1.0,10,0.0,0.0
loss,6,5000,0.1,5,3,0,60,3600,0,0,1000,14.355,1.967,414.2055,651.7520999999999,17.419,3,425.417,655.5364000000001,1.0,1.0,1.0,1.0,0.999,0.9998,0.00027802877597831377,0.00027802877597831377,1.2385139361923958,12.631773869346732,98.4,1.0,10,0.0,0.0
loss,7,5000,0.1,5,3,0,60,3600,0,0,1000,14.385,1.932,414.8585,651.9982,17.4,3,415.015,642.4379,1.0,1.0,1.0,1.0,1.0,0.9999,0.00010422094841063054,0.00010422094841063054,1.2303977766197673,12.619,98.4,1.0,10,0.0,0.0
loss,8,5000,0.1,5,3,0,60,3600,0,0,1000,14.393,1.951,426.6995,651.8112,17.33,3,414.685,653.6634,1.0,1.0,1.0,1.0,0.998,0.9995,0.00024370713365595516,0.00024370713365595516,1.2360825819030046,12.61,98.4,1.0,10,0.0,0.0
loss,9,5000,0.1,5,3,0,60,3600,0,0,1000,14.428,1.973,425.495,644.0641000000002,17.433,3,426.622,653.1617,1.0,1.0,1.0,1.0,1.0,0.9999,0.0002771906725338692,0.0002771906725338692,1.235196285644988,12.600492462311557,98.4,1.0,10,0.0,0.0
loss,1,5000,0.2,5,3,0,60,3600,0,0,1000,14.184,1.981,679.633,1104.7119000000002,17.212,3,688.2835,1220.903,1.0,1.0,1.0,1.0,1.0,1.0,0.006338920974785181,0.006338920974785181,1.5550077475700803,12.824,98.5,1.0,10,0.0,0.0
loss,10,5000,0.2,5,3,0,60,3600,0,0,1000,14.216,1.983,677.6645,1082.7182,17.081,3,682.5535,1084.2659,1.0,1.0,1.0,1.0,1.0,0.9995,0.006113722302717603,0.006113722302717603,1.5491394847510336,12.764160804020099,98.4,1.0,10,0.0,0.0
loss,2,5000,0.2,5,3,0,60,3600,0,0,1000,14.223,2.052,678.9035,1098.1671999999999,17.236,3,680.3325,1096.0182000000002,1.0,1.0,1.0,1.0,1.0,0.9999,0.005516708246951755,0.005516708246951755,1.5514248568115534,12.866608040201003,98.5,1.0,10,0.0,0.0
loss,3,5000,0.2,5,3,0,60,3600,0,0,1000,14.239,2.027,699.75,1105.1009000000001,17.215,3,690.492,1104.6546,1.0,1.0,1.0,1.0,0.999,0.9995,0.006290855415758768,0.006290855415758768,1.5587263653616363,12.819,98.4,1.0,10,0.0,0.0
loss,4,5000,0.2,5,3,0,60,3600,0,0,1000,14.205,2.019,678.855,1218.0212,17.173,3,677.482,1090.7968,1.0,1.0,1.0,1.0,1.0,0.9998,0.005461977588272606,0.005461977588272606,1.5507787722883923,12.836,98.4,1.0,10,0.0,0.0
loss,5,5000,0.2,5,3,0,60,3600,0,0,1000,14.293,2.02,687.3225,1091.8426000000002,17.322,3,680.256,1235.1941000000002,1.0,1.0,1.0,1.0,1.0,0.9997,0.006709767604403285,0.006709767604403285,1.5542547614887297,12.861,98.4,1.0,10,0.0,0.0
loss,6,5000,0.2,5,3,0,60,3600,0,0,1000,14.215,2.02,677.037,1093.4482,17.223,3,678.492,1092.2766000000001,1.0,1.0,1.0,1.0,0.999,0.9996,0.006575708558970392,0.006575708558970392,1.5437794500316477,12.850979899497487,98.4,1.0,10,0.0,0.0
loss,7,5000,0.2,5,3,0,60,3600,0,0,1000,14.252,1.996,678.207,1084.8595000000003,17.124,3,693.637,1220.0362,1.0,1.0,1.0,1.0,1.0,0.9998,0.006413870876797293,0.006413870876797293,1.557971525232591,12.84,98.5,1.0,10,0.0,0.0
loss,8,5000,0.2,5,3,0,60,3600,0,0,1000,14.146,1.991,676.7915,1116.1224,17.219,3,691.482,1235.7658000000001,1.0,1.0,1.0,1.0,0.998,0.9998,0.006522122333862154,0.006522122333862154,1.555191256830601,12.844,98.4,1.0,10,0.0,0.0
loss,9,5000,0.2,5,3,0,60,3600,0,0,1000,14.229,2.02,687.6105,1083.1816000000001,17.255,3,678.17,1083.6794000000002,1.0,1.0,1.0,1.0,1.0,0.9999,0.005862940598230585,0.005862940598230585,1.5501334082291813,12.797,98.4,1.0,10,0.0,0.0
loss,1,5000,0.3,5,3,0,60,3600,0,0,1000,14.112,2.012,1245.864,1706.9024,17.093,3,1242.6875,1696.4796999999999,1.0,1.0,1.0,1.0,1.0,0.9998,0.03396560893458607,0.03396560893458607,1.9752526147846126,13.98591457286432,98.5,1.0,10,0.0,0.0
loss,10,5000,0.3,5,3,0,60,3600,0,0,1000,14.128,2.013,1232.2035,1752.2071000000017,17.011,3,1231.6655,1685.5313,1.0,1.0,1.0,1.0,1.0,0.9996,0.03639077437009133,0.03639077437009133,1.9699705035715556,13.994125628140702,98.4,1.0,10,0.0,0.0
loss,2,5000,0.3,5,3,0,60,3600,0,0,1000,14.123,2.014,1242.9555,1735.1606000000022,17.154,3,1246.089,1845.7406,1.0,1.0,1.0,1.0,1.0,0.9999,0.03575343919086183,0.03575343919086183,1.9829897089507373,14.261020100502508,98.5,1.0,10,0.0,0.0
loss,3,5000,0.3,5,3,0,60,3600,0,0,1000,14.116,2.029,1243.733,1696.4995,17.096,3,1232.2825,1821.0513999999998,1.0,1.0,1.0,1.0,0.999,0.9998,0.036190273642421666,0.036190273642421666,1.9709343541755282,14.003316582914572,98.4,1.0,10,0.0,0.0
loss,4,5000,0.3,5,3,0,60,3600,0,0,1000,14.115,2.046,1230.459,1670.3311999999999,17.053,3,1243.155,1696.5237,1.0,1.0,1.0,1.0,1.0,0.9998,0.033087191138881,0.033087191138881,1.9638596989491621,14.03085929648241,98.4,1.0,10,0.0,0.0
loss,5,5000,0.3,5,3,0,60,3600,0,0,1000,14.057,1.986,1230.847,1708.3628,17.218,3,1244.1145,1846.2578,1.0,1.0,1.0,1.0,1.0,0.9999,0.034836427939876215,0.034836427939876215,1.9765870910698498,14.45784924623114,98.4,1.0,10,0.0,0.0
loss,6,5000,0.3,5,3,0,60,3600,0,0,1000,14.201,2.044,1219.4695,1718.1313,17.104,3,1239.468,1711.6276,1.0,1.0,1.0,1.0,0.999,0.9997,0.03479950538774068,0.03479950538774068,1.9680621798268858,13.966140703517587,98.4,1.0,10,0.0,0.0
loss,7,5000,0.3,5,3,0,60,3600,0,0,1000,14.128,2.035,1231.4815,1694.3597,17.208,3,1255.0045,1700.6073000000001,1.0,1.0,1.0,1.0,1.0,0.9999,0.03571428571428571,0.03571428571428571,1.9724731789949181,14.216301507537686,98.4,1.0,10,0.0,0.0
loss,8,5000,0.3,5,3,0,60,3600,0,0,1000,14.1,2.034,1231.114,1682.8922,17.014,3,1232.4355,1694.6792,1.0,1.0,1.0,1.0,0.998,0.9998,0.033968841146759625,0.033968841146759625,1.9748168172440776,14.168236180904522,98.4,1.0,10,0.0,0.0
loss,9,5000,0.3,5,3,0,60,3600,0,0,1000,14.095,2,1231.1435,1684.6469,17.145,3,1218.2275,1695.4255,1.0,1.0,1.0,1.0,1.0,0.9997,0.033179886685552405,0.033179886685552405,1.956798866855524,13.845597989949747,98.4,1.0,10,0.0,0.0
loss,1,5000,0.4,5,3,0,60,3600,0,0,1000,14.118,2.051,1837.0625,2454.2742000000003,17.116,3,1823.303,2439.529,1.0,1.0,1.0,1.0,1.0,0.9999,0.10618403343486577,0.10618403343486577,2.4620670114046894,213.20190452261306,98.5,1.0,10,0.0,0.0
loss,10,5000,0.4,5,3,0,60,3600,0,0,1000,14.067,2.02,1823.593,2439.5555,17.095,3,1837.4055,2450.9392000000003,1.0,1.0,1.0,1.0,1.0,0.9998,0.10691712236346851,0.10691712236346851,2.4686456927775016,213.207,98.4,1.0,10,0.0,0.0
loss,2,5000,0.4,5,3,0,60,3600,0,0,1000,14.173,2.079,1834.028,2475.4264,17.201,3,1837.321,2451.863,1.0,1.0,1.0,1.0,1.0,0.9999,0.10618876436173962,0.10618876436173962,2.472122365545922,213.203,98.5,1.0,10,0.0,0.0
loss,3,5000,0.4,5,3,0,60,3600,0,0,1000,14.103,2.035,1846.0905,2452.5491,17.172,3,1845.7575,2461.884,1.0,1.0,1.0,1.0,0.999,0.9998,0.10825817860300618,0.10825817860300618,2.476746242263484,213.24,98.4,1.0,10,0.0,0.0
loss,4,5000,0.4,5,3,0,60,3600,0,0,1000,14.003,2.021,1837.327,2453.0381,17.07,3,1710.247,2437.6776,1.0,1.0,1.0,1.0,1.0,0.9999,0.10654365404481174,0.10654365404481174,2.4745841199729277,213.24051758793968,98.4,1.0,10,0.0,0.0
loss,5,5000,0.4,5,3,0,60,3600,0,0,1000,14.121,2.047,1833.8345,2451.9586,17.158,3,1834.98,2449.342,1.0,1.0,1.0,1.0,1.0,0.9999,0.10813677994271367,0.10813677994271367,2.462286502351568,213.192,98.4,1.0,10,0.0,0.0
loss,6,5000,0.4,5,3,0,60,3600,0,0,1000,14.055,2.02,1727.5395,2450.3763,17.051,3,1835.002,2462.5874,1.0,1.0,1.0,1.0,0.999,0.9997,0.10499537465309898,0.10499537465309898,2.4680851063829787,213.2162010050251,98.4,1.0,10,0.0,0.0
loss,7,5000,0.4,5,3,0,60,3600,0,0,1000,14.155,2.083,1835.5965,2453.4144,17.088,3,1696.547,2451.8372000000004,1.0,1.0,1.0,1.0,1.0,0.9999,0.10501717239670007,0.10501717239670007,2.470842332613391,213.228,98.4,1.0,10,0.0,0.0
loss,8,5000,0.4,5,3,0,60,3600,0,0,1000,14.11,2.045,1834.22,2449.9015,17.077,3,1841.8875,2467.201,1.0,1.0,1.0,1.0,0.998,0.9992,0.10618370170646042,0.10618370170646042,2.481604995210558,213.25479899497486,98.4,1.0,10,0.0,0.0
loss,9,5000,0.4,5,3,0,60,3600,0,0,1000,14.216,2.06,1847.282,2465.2562000000003,17.2,3,1835.2585,2451.5675,1.0,1.0,1.0,1.0,1.0,0.9999,0.10694679054054054,0.10694679054054054,2.4865216779279278,213.27475879396985,98.4,1.0,10,0.0,0.0
loss,1,5000,0.5,5,3,0,60,3600,0,0,1000,14.323,2.107,2475.0965,3281.778,17.205,3,2464.8045,3243.2527999999998,1.0,1.0,1.0,1.0,1.0,0.9996,0.23485698261357263,0.23485698261357263,3.054052159282109,213.814,98.5,1.0,10,0.0,0.0
loss,10,5000,0.5,5,3,0,60,3600,0,0,1000,14.358,2.126,2475.1975,3272.0052,17.338,3,2462.92,3267.5679,1.0,1.0,1.0,1.0,1.0,0.9996,0.2392667967660998,0.2392667967660998,3.048438806802342,213.71334673366835,98.4,1.0,10,0.0,0.0
loss,2,5000,0.5,5,3,0,60,3600,0,0,1000,14.467,2.182,2464.9925,3285.5205,17.39,3,2467.624,3279.8316,1.0,1.0,1.0,1.0,1.0,1.0,0.2374467200332675,0.2374467200332675,3.0532626399140588,213.772,98.5,1.0,10,0.0,0.0
loss,3,5000,0.5,5,3,0,60,3600,0,0,1000,14.427,2.187,2463.9475,3279.5091,17.411,3,2462.8755,3280.7887,1.0,1.0,1.0,1.0,0.999,0.9997,0.22938483944795063,0.22938483944795063,3.035994174353284,213.809,98.4,1.0,10,0.0,0.0
loss,4,5000,0.5,5,3,0,60,3600,0,0,1000,14.419,2.15,2464.365,3295.2212000000004,17.415,3,2475.3685,3268.2946,1.0,1.0,1.0,1.0,1.0,0.9999,0.23597142262606646,0.23597142262606646,3.0546230144967748,213.81269849246232,98.4,1.0,10,0.0,0.0
loss,5,5000,0.5,5,3,0,60,3600,0,0,1000,14.498,2.159,2475.4905,3453.4514,17.423,3,2463.76,3283.644,1.0,1.0,1.0,1.0,0.999,0.9998,0.23858096193077694,0.23858096193077694,3.0513813491926283,213.761,98.4,1.0,10,0.0,0.0
loss,6,5000,0.5,5,3,0,60,3600,0,0,1000,14.345,2.158,2462.9165,3256.2983,17.298,3,2462.1925,3266.2311,1.0,1.0,1.0,1.0,0.999,0.9998,0.23373948259609678,0.23373948259609678,3.03847362357295,213.7526432160804,98.4,1.0,10,0.0,0.0
loss,7,5000,0.5,5,3,0,60,3600,0,0,1000,14.341,2.119,2475.2545,3268.023,17.329,3,2473.654,3267.1772,1.0,1.0,1.0,1.0,1.0,0.9998,0.2357865364492501,0.2357865364492501,3.0472270666201604,213.759,98.4,1.0,10,0.0,0.0
loss,8,5000,0.5,5,3,0,60,3600,0,0,1000,14.368,2.142,2463.6145,3279.4565,17.289,3,2461.903,3266.3478,1.0,1.0,1.0,1.0,0.998,0.9994,0.2367309906829047,0.2367309906829047,3.0337090414209444,213.71195477386934,98.4,1.0,10,0.0,0.0
loss,9,5000,0.5,5,3,0,60,3600,0,0,1000,14.462,2.145,2466.1935,3430.3023,17.384,3,2476.1785,3267.4987,1.0,1.0,1.0,1.0,1.0,0.9996,0.23698259724051862,0.23698259724051862,3.048533592179158,213.765,98.4,1.0,10,0.0,0.0
loss,1,5000,0.6,5,3,0,60,3600,0,0,1000,15.938,2.529,3457.6305,4889.7259,18.8,3,3467.1175,4687.5525,1.0,1.0,1.0,1.0,0.997,0.9962,0.4237192009578423,0.4237192009578423,3.6501039763060055,215.5612361809045,98.5,1.0,10,0.0,0.0
loss,10,5000,0.6,5,3,0,60,3600,0,0,1000,15.878,2.534,3457.044,4860.4799,18.776,3,3456.346,4851.9222,1.0,1.0,1.0,1.0,0.995,0.9946,0.41887281228280787,0.41887281228280787,3.6523662096417513,413.37264824120604,98.4,1.0,10,0.0,0.0
loss,2,5000,0.6,5,3,0,60,3600,0,0,1000,15.814,2.525,3442.424,4855.3288,18.636,3,3436.2255,4839.3478,1.0,1.0,1.0,1.0,0.997,0.9969,0.4172337042925278,0.4172337042925278,3.6332591414944355,215.37464321608041,98.5,1.0,10,0.0,0.0
loss,3,5000,0.6,5,3,0,60,3600,0,0,1000,15.929,2.53,3454.9285,4853.535100000001,18.697,3,3457.9045,4661.8919000000005,1.0,1.0,1.0,1.0,0.996,0.9959,0.41323594510845507,0.41323594510845507,3.633972048314678,413.359,98.4,1.0,10,0.0,0.0
loss,4,5000,0.6,5,3,0,60,3600,0,0,1000,15.788,2.559,3456.438,4838.0604,18.755,3,3447.2505,4865.9812999999995,1.0,1.0,1.0,1.0,0.998,0.995,0.41949085375519135,0.41949085375519135,3.6376692134546493,215.23,98.4,1.0,10,0.0,0.0
loss,5,5000,0.6,5,3,0,60,3600,0,0,1000,15.885,2.55,3460.3765,4864.5845,18.773,3.007,3444.7745,4853.59,0.999,0.999,1.0,0.999,0.992,0.9949,0.41878613629901107,0.41878613629901107,3.637199456573252,216.17024623115577,98.4,1.0,10,0.0,0.0
loss,6,5000,0.6,5,3,0,60,3600,0,0,1000,15.766,2.507,3443.9285,4862.9225,18.878,3,3455.803,4887.9568,1.0,1.0,1.0,1.0,0.994,0.9944,0.419226393629124,0.419226393629124,3.6307672860573885,215.15938693467336,98.4,1.0,10,0.0,0.0
loss,7,5000,0.6,5,3,0,60,3600,0,0,1000,15.832,2.503,3455.5715,4876.2125,18.817,3,3447.5175,4698.9215,1.0,1.0,1.0,1.0,0.994,0.9936,0.41874940756422,0.41874940756422,3.631046794527473,215.10246733668342,98.4,1.0,10,0.0,0.0
loss,8,5000,0.6,5,3,0,60,3600,0,0,1000,15.788,2.468,3453.1345,4691.5608,18.874,3.007,3442.2545,4879.6881,0.999,0.999,1.0,0.999,0.998,0.998,0.4176907281630074,0.4176907281630074,3.6350023692939506,215.49049246231155,98.4,1.0,10,0.0,0.0
loss,9,5000,0.6,5,3,0,60,3600,0,0,1000,15.658,2.443,3447.2985,4853.197700000001,18.696,3.014,3431.1095,4679.570100000001,0.998,0.998,1.0,0.998,0.995,0.9951,0.41933631142310146,0.41933631142310146,3.626196553924697,215.12522110552763,98.4,1.0,10,0.0,0.0
loss,1,5000,0.75,5,3,0,60,3600,0,0,1000,21.05,3.165,5844.607,9286.852,25.962,5.632,5656.376,8945.836700000003,0.624,0.624,1.0,0.624,0.458,0.4598,0.7228854519091349,0.7228854519091349,4.412445625906235,414.08280904522616,98.5,1.0,10,0.0,0.0
loss,10,5000,0.75,5,3,0,60,3600,0,0,1000,20.65,3.052,5656.32,9304.009,26.167,5.626,5489.05,9289.5818,0.625,0.625,1.0,0.625,0.459,0.4495,0.7210555703915904,0.7210555703915904,4.405986744677235,414.0657336683417,98.4,1.0,10,0.0,0.0
loss,2,5000,0.75,5,3,0,60,3600,0,0,1000,20.501,2.975,5644.0995,9115.6843,26.195,5.653,5644.2355,9098.2081,0.621,0.621,1.0,0.621,0.432,0.4283,0.7270910995784908,0.7270910995784908,4.42209390151792,414.058,98.5,1.0,10,0.0,0.0
loss,3,5000,0.75,5,3,0,60,3600,0,0,1000,21.026,3.197,5843.683,9670.5943,26.628,5.674,5678.332,9099.458200000001,0.618,0.618,1.0,0.618,0.422,0.4268,0.7236779418770843,0.7236779418770843,4.415983801810386,414.0969296482412,98.4,1.0,10,0.0,0.0
loss,4,5000,0.75,5,3,0,60,3600,0,0,1000,20.546,2.995,5643.0245,9065.5435,26.267,5.583,5843.326,9490.529199999999,0.631,0.631,1.0,0.631,0.417,0.4261,0.7264370603929178,0.7264370603929178,4.4208343439243265,414.11533668341707,98.4,1.0,10,0.0,0.0
loss,5,5000,0.75,5,3,0,60,3600,0,0,1000,20.791,3.128,5657.455,9110.8621,26.21,5.548,5644.2675,9278.563900000001,0.636,0.636,1.0,0.636,0.465,0.4538,0.7211058306998287,0.7211058306998287,4.407497647938629,414.075,98.4,1.0,10,0.0,0.0
loss,6,5000,0.75,5,3,0,60,3600,0,0,1000,20.99,3.083,5657.338,9302.3058,26.478,5.947,5656.382,9262.7811,0.579,0.579,1.0,0.579,0.482,0.4635,0.728571084511452,0.728571084511452,4.427807615423521,414.115,98.4,1.0,10,0.0,0.0
loss,7,5000,0.75,5,3,0,60,3600,0,0,1000,20.913,3.149,5668.438,9290.5046,26.275,5.66,5657.1215,9113.382700000002,0.62,0.62,1.0,0.62,0.446,0.4465,0.7233192063186284,0.7233192063186284,4.40859179348873,414.0303668341708,98.4,1.0,10,0.0,0.0
loss,8,5000,0.75,5,3,0,60,3600,0,0,1000,21.003,3.125,5850.6935,9328.999000000003,25.855,5.674,5445.314,9087.9906,0.618,0.618,1.0,0.618,0.45,0.4553,0.7226592851592851,0.7226592851592851,4.414699883449884,414.0861959798995,98.4,1.0,10,0.0,0.0
loss,9,5000,0.75,5,3,0,60,3600,0,0,1000,20.613,3.05,5643.5595,9134.4714,26.339,5.485,5663.233,9149.597500000003,0.645,0.645,1.0,0.645,0.44,0.4466,0.7212482214773193,0.7212482214773193,4.4016929124363955,413.994,98.4,1.0,10,0.0,0.0
loss,1,5000,0.7,5,3,0,60,3600,0,0,1000,21.098,3.653,5267.884,8481.5669,24.681,3.658,5291.698,8483.159099999999,0.906,0.906,1.0,0.906,0.776,0.7792,0.6208067234870966,0.6208067234870966,4.164834643052159,413.8508844221106,98.5,1.0,10,0.0,0.0
loss,10,5000,0.7,5,3,0,60,3600,0,0,1000,21.035,3.627,5251.8835,8484.0069,24.798,3.715,5441.343,8530.5275,0.898,0.898,1.0,0.898,0.803,0.7899,0.6213970273992118,0.6213970273992118,4.1725627997530745,413.933,98.4,1.0,10,0.0,0.0
loss,2,5000,0.7,5,3,0,60,3600,0,0,1000,20.886,3.614,5268.296,8282.969,24.777,3.826,5263.04,8309.886,0.882,0.882,1.0,0.882,0.765,0.7678,0.6249253053517222,0.6249253053517222,4.180533977101609,413.92892462311556,98.5,1.0,10,0.0,0.0
loss,3,5000,0.7,5,3,0,60,3600,0,0,1000,21.236,3.611,5366.261,8684.821,25.131,3.756,5454.967,8735.724400000005,0.892,0.892,1.0,0.892,0.749,0.7546,0.6227969303700922,0.6227969303700922,4.182370749337026,413.958,98.4,1.0,10,0.0,0.0
loss,4,5000,0.7,5,3,0,60,3600,0,0,1000,20.822,3.545,5241.7695,8481.912199999999,24.819,3.707,5440.8425,8515.278,0.899,0.899,1.0,0.899,0.77,0.7603,0.6266037105928364,0.6266037105928364,4.180044832355606,413.864,98.4,1.0,10,0.0,0.0
loss,5,5000,0.7,5,3,0,60,3600,0,0,1000,21.142,3.605,5457.2115,8494.444300000001,24.811,3.798,5442.312,8457.2452,0.886,0.886,1.0,0.886,0.76,0.7686,0.6273751630886016,0.6273751630886016,4.180856363420709,413.8779648241206,98.4,1.0,10,0.0,0.0
loss,6,5000,0.7,5,3,0,60,3600,0,0,1000,20.899,3.58,5278.2025,8298.3413,24.662,3.721,5279.9905,8345.0184,0.897,0.897,1.0,0.897,0.775,0.774,0.6224904397705545,0.6224904397705545,4.168522944550669,413.848,98.4,1.0,10,0.0,0.0
loss,7,5000,0.7,5,3,0,60,3600,0,0,1000,20.97,3.536,5442.446,8464.1266,24.884,3.735,5442.4415,8483.2248,0.895,0.895,1.0,0.895,0.748,0.7508,0.6234478501388921,0.6234478501388921,4.175289061943541,413.92969346733673,98.4,1.0,10,0.0,0.0
loss,8,5000,0.7,5,3,0,60,3600,0,0,1000,20.694,3.572,5238.281,8464.3211,24.83,3.763,5443.628,8472.196800000002,0.891,0.891,1.0,0.891,0.772,0.7781,0.6242187687076459,0.6242187687076459,4.178396111204234,413.897,98.4,1.0,10,0.0,0.0
loss,9,5000,0.7,5,3,0,60,3600,0,0,1000,21.601,3.754,5455.2945,8676.946,25,3.819,5286.8545,8694.295300000002,0.883,0.883,1.0,0.883,0.771,0.7657,0.624982469262774,0.624982469262774,4.179047262867561,413.904,98.4,1.0,10,0.0,0.0
loss,1,5000,0.85,5,3,0,60,3600,0,0,1000,13.68,0.853,4024.466,6712.333000000004,22.648,8.74,4025.119,6849.6627,0.18,0.18,1.0,0.18,0.085,0.0803,0.8943743656662317,0.8943743656662317,4.786392634478759,414.2598190954774,98.5,1.0,10,0.0,0.0
loss,10,5000,0.85,5,3,0,60,3600,0,0,1000,13.774,0.897,4025.164,6648.9581,22.564,8.719,4025.9645,6851.5605,0.183,0.183,1.0,0.183,0.08,0.0735,0.892248090082914,0.892248090082914,4.781708244324559,414.34784924623114,98.4,1.0,10,0.0,0.0
loss,2,5000,0.85,5,3,0,60,3600,0,0,1000,13.904,0.92,4025.1615,6661.7739,22.492,8.845,4024.594,6651.056799999999,0.165,0.165,1.0,0.165,0.082,0.0765,0.89118362309898,0.89118362309898,4.777467242568328,414.24012060301504,98.5,1.0,10,0.0,0.0
loss,3,5000,0.85,5,3,0,60,3600,0,0,1000,13.821,0.901,4024.205,7038.6377999999995,22.616,8.782,4025.204,6862.230799999999,0.174,0.174,1.0,0.174,0.07,0.0691,0.8936539504610378,0.8936539504610378,4.78123305008136,414.1734824120603,98.4,1.0,10,0.0,0.0
loss,4,5000,0.85,5,3,0,60,3600,0,0,1000,13.895,0.924,4024.745,6848.6497,22.695,8.797,4025.854,6661.7555,0.172,0.172,1.0,0.172,0.065,0.0696,0.8911596445148059,0.8911596445148059,4.778433418486669,414.30679396984925,98.4,1.0,10,0.0,0.0
loss,5,5000,0.85,5,3,0,60,3600,0,0,1000,13.973,0.871,4025.4355,7037.187,22.683,8.796,4025.948,6862.2669000000005,0.172,0.172,1.0,0.172,0.065,0.0671,0.8924982053122756,0.8924982053122756,4.7811557788944725,414.2480452261306,98.4,1.0,10,0.0,0.0
loss,6,5000,0.85,5,3,0,60,3600,0,0,1000,13.556,0.88,4024.0045,6647.8829000000005,22.535,8.859,4024.886,6850.5113,0.163,0.163,1.0,0.163,0.073,0.0746,0.8953437132784959,0.8953437132784959,4.78451821386604,414.2509497487437,98.4,1.0,10,0.0,0.0
loss,7,5000,0.85,5,3,0,60,3600,0,0,1000,13.576,0.85,4024.343,6647.9912,22.978,8.852,4025.781,7037.6274,0.164,0.164,1.0,0.164,0.073,0.0678,0.8942675619088875,0.8942675619088875,4.7835535340408635,414.3097135678392,98.4,1.0,10,0.0,0.0
loss,8,5000,0.85,5,3,0,60,3600,0,0,1000,13.964,0.926,4025.127,6872.481400000001,22.525,8.684,4025.694,6666.5483,0.188,0.188,1.0,0.188,0.071,0.0734,0.8914583707966193,0.8914583707966193,4.7771264161122104,414.2270804020101,98.4,1.0,10,0.0,0.0
loss,9,5000,0.85,5,3,0,60,3600,0,0,1000,13.799,0.888,4024.281,6853.0202,22.567,8.873,4025.2005,6462.0653,0.161,0.161,1.0,0.161,0.087,0.083,0.894627723420507,0.894627723420507,4.783799512603208,414.19738190954774,98.4,1.0,10,0.0,0.0
loss,1,5000,0.8,5,3,0,60,3600,0,0,1000,17.435,1.971,5027.977,8273.2278,24.93,7.41,5028.4485,8269.3135,0.37,0.37,1.0,0.37,0.219,0.2028,0.8100986983264197,0.8100986983264197,4.604262623372908,414.14117587939694,98.5,1.0,10,0.0,0.0
loss,10,5000,0.8,5,3,0,60,3600,0,0,1000,17.703,1.951,5030.2935,8333.707600000003,24.646,7.592,5027.363,8095.1118,0.344,0.344,1.0,0.344,0.186,0.1866,0.8170152774980579,0.8170152774980579,4.622982420807319,414.2254773869347,98.4,1.0,10,0.0,0.0
loss,2,5000,0.8,5,3,0,60,3600,0,0,1000,17.053,1.811,5027.3285,8044.3201,24.843,7.55,5028.9325,8267.5854,0.35,0.35,1.0,0.35,0.19,0.1894,0.8170966051359693,0.8170966051359693,4.62193559657602,414.205,98.5,1.0,10,0.0,0.0
loss,3,5000,0.8,5,3,0,60,3600,0,0,1000,17.42,1.882,5028.256,8262.304600000001,24.8,7.564,5026.8885,8475.0875,0.348,0.348,1.0,0.348,0.206,0.1994,0.8131636657433057,0.8131636657433057,4.613919667590028,414.20179899497487,98.4,1.0,10,0.0,0.0
loss,4,5000,0.8,5,3,0,60,3600,0,0,1000,17.377,1.886,5028.3075,8295.4872,25.004,7.669,5028.4815,8456.829699999998,0.333,0.333,1.0,0.333,0.205,0.2057,0.8136667434892833,0.8136667434892833,4.612410693708227,414.1277487437186,98.4,1.0,10,0.0,0.0
loss,5,5000,0.8,5,3,0,60,3600,0,0,1000,17.488,1.93,5029.2445,8263.1467,24.723,7.711,5027.4005,8067.7553,0.327,0.327,1.0,0.327,0.206,0.2033,0.8160869565217391,0.8160869565217391,4.61768115942029,414.158,98.4,1.0,10,0.0,0.0
loss,6,5000,0.8,5,3,0,60,3600,0,0,1000,17.257,1.799,5026.6,8267.8189,24.877,7.445,5034.681,8263.5007,0.365,0.365,1.0,0.365,0.18,0.1873,0.8158205771281962,0.8158205771281962,4.622531638271498,414.24705025125627,98.4,1.0,10,0.0,0.0
loss,7,5000,0.8,5,3,0,60,3600,0,0,1000,17.504,1.937,5027.0985,8283.1029,24.328,7.557,5026.8,7883.284900000001,0.349,0.349,1.0,0.349,0.203,0.2013,0.8135667396061269,0.8135667396061269,4.615463165572574,414.2045527638191,98.4,1.0,10,0.0,0.0
loss,8,5000,0.8,5,3,0,60,3600,0,0,1000,17.195,1.777,5028.3935,8047.290599999999,24.858,7.536,5028.331,8285.7957,0.352,0.352,1.0,0.352,0.188,0.1807,0.8176550685169627,0.8176550685169627,4.624735637511951,414.22931155778895,98.4,1.0,10,0.0,0.0
loss,9,5000,0.8,5,3,0,60,3600,0,0,1000,17.249,1.831,5027.2265,8482.2027,24.97,7.571,5030.029,8085.6517,0.347,0.347,1.0,0.347,0.191,0.1853,0.8162664511660125,0.8162664511660125,4.61847725698453,414.1794623115578,98.4,1.0,10,0.0,0.0
loss,1,5000,0.95,5,3,0,60,3600,0,0,1000,10.374,0.087,4022.79,4025.8732999999997,19.795,9.517,4023.138,4026.1672000000003,0.069,0.069,1.0,0.069,0.005,0.0106,0.9883304280457098,0.9883304280457098,4.97433662599264,413.7179447236181,98.5,1.0,10,0.0,0.0
loss,10,5000,0.95,5,3,0,60,3600,0,0,1000,10.359,0.078,4022.76,4025.8307999999997,19.994,9.657,4023.032,4026.8698,0.049,0.049,1.0,0.049,0.011,0.0126,0.9877270970235794,0.9877270970235794,4.974874371859296,414.4959497487437,98.4,1.0,10,0.0,0.0
loss,2,5000,0.95,5,3,0,60,3600,0,0,1000,10.35,0.08,4022.636,4025.6555,20.108,9.741,4022.95,4026.8462000000004,0.037,0.037,1.0,0.037,0.01,0.0098,0.9875947289665492,0.9875947289665492,4.974465414876671,414.2614572864322,98.5,1.0,10,0.0,0.0
loss,3,5000,0.95,5,3,0,60,3600,0,0,1000,10.316,0.074,4022.4165,4025.4152999999997,19.983,9.603,4022.9985,4027.1447000000003,0.057,0.057,1.0,0.057,0.012,0.0095,0.9872922303826827,0.9872922303826827,4.97453614224971,414.30243718592965,98.4,1.0,10,0.0,0.0
loss,4,5000,0.95,5,3,0,60,3600,0,0,1000,10.325,0.078,4022.576,4025.5305,20.028,9.615,4022.9805,4026.9438999999998,0.055,0.055,1.0,0.055,0.011,0.0115,0.9875108496479892,0.9875108496479892,4.973382196933166,414.0581557788945,98.4,1.0,10,0.0,0.0
loss,5,5000,0.95,5,3,0,60,3600,0,0,1000,10.35,0.078,4022.735,4025.7655,19.928,9.587,4022.952,4026.6405,0.059,0.059,1.0,0.059,0.015,0.0097,0.9880624426078971,0.9880624426078971,4.974143347349089,414.1159447236181,98.4,1.0,10,0.0,0.0
loss,6,5000,0.95,5,3,0,60,3600,0,0,1000,10.35,0.066,4022.674,4025.9577000000004,19.979,9.622,4023.05,4026.3522000000003,0.054,0.054,1.0,0.054,0.008,0.0088,0.9889409378471048,0.9889409378471048,4.979185782585599,414.6677336683417,98.4,1.0,10,0.0,0.0
loss,7,5000,0.95,5,3,0,60,3600,0,0,1000,10.342,0.08,4022.784,4025.8776000000003,19.927,9.58,4023.0985,4026.6717000000003,0.06,0.06,1.0,0.06,0.014,0.013300000000000001,0.9876746096959738,0.9876746096959738,4.977234279085504,415.1016783919598,98.4,1.0,10,0.0,0.0
loss,8,5000,0.95,5,3,0,60,3600,0,0,1000,10.486,0.102,4022.7875,4026.3922000000002,20.044,9.622,4023.072,4027.8321,0.054,0.054,1.0,0.054,0.017,0.0182,0.9851731394681462,0.9851731394681462,4.972115936483642,414.5968693467337,98.4,1.0,10,0.0,0.0
loss,9,5000,0.95,5,3,0,60,3600,0,0,1000,10.361,0.07,4022.744,4025.7416000000003,19.921,9.587,4023.17,4026.4699,0.059,0.059,1.0,0.059,0.009,0.0114,0.9883546750422807,0.9883546750422807,4.975694612225175,414.2722361809045,98.4,1.0,10,0.0,0.0
loss,1,5000,0.9,5,3,0,60,3600,0,0,1000,11.452,0.349,4022.695,5028.5943,20.877,9.202,4023.3775,5271.489900000004,0.114,0.114,1.0,0.114,0.028,0.0337,0.9499286548190427,0.9499286548190427,4.899770830630865,414.44222110552766,98.5,1.0,10,0.0,0.0
loss,10,5000,0.9,5,3,0,60,3600,0,0,1000,11.678,0.367,4023.1095,5245.6727,20.795,9.314,4023.3125,5032.9074,0.098,0.098,1.0,0.098,0.032,0.0337,0.9523295479079408,0.9523295479079408,4.904529556543892,414.3922713567839,98.4,1.0,10,0.0,0.0
loss,2,5000,0.9,5,3,0,60,3600,0,0,1000,11.563,0.34,4022.909,5240.0419,21.067,9.44,4023.268,5241.2965,0.08,0.08,1.0,0.08,0.022,0.0286,0.951272100043122,0.951272100043122,4.902242345838723,414.3503567839196,98.5,1.0,10,0.0,0.0
loss,3,5000,0.9,5,3,0,60,3600,0,0,1000,11.512,0.326,4022.893,5029.8729,20.911,9.454,4023.228,5033.4367,0.078,0.078,1.0,0.078,0.037,0.0294,0.9538073054987156,0.9538073054987156,4.906656798293352,414.274,98.4,1.0,10,0.0,0.0
loss,4,5000,0.9,5,3,0,60,3600,0,0,1000,11.606,0.349,4023.074,5071.238500000005,20.945,9.321,4023.3205,5242.905299999999,0.097,0.097,1.0,0.097,0.027,0.0266,0.950624192854068,0.950624192854068,4.897287989668532,414.0250351758794,98.4,1.0,10,0.0,0.0
loss,5,5000,0.9,5,3,0,60,3600,0,0,1000,11.414,0.339,4023.014,5029.4902,20.819,9.314,4023.267,5029.7423,0.098,0.098,1.0,0.098,0.033,0.0297,0.952659365591867,0.952659365591867,4.900955539072386,414.15347236180907,98.4,1.0,10,0.0,0.0
loss,6,5000,0.9,5,3,0,60,3600,0,0,1000,11.633,0.379,4023.067,5239.1107999999995,21.1,9.419,4023.279,5241.6281,0.083,0.083,1.0,0.083,0.028,0.0309,0.9497726687827057,0.9497726687827057,4.89825855709016,414.1996733668342,98.4,1.0,10,0.0,0.0
loss,7,5000,0.9,5,3,0,60,3600,0,0,1000,11.584,0.363,4022.829,5031.8323,20.848,9.293,4023.2425,5042.1454,0.101,0.101,1.0,0.101,0.025,0.0285,0.9487877609231168,0.9487877609231168,4.8959332728294225,414.2507738693467,98.4,1.0,10,0.0,0.0
loss,8,5000,0.9,5,3,0,60,3600,0,0,1000,11.549,0.337,4022.87,5038.3559000000005,20.966,9.246,4023.515,5442.4056,0.108,0.108,1.0,0.108,0.023,0.0241,0.9499333877691349,0.9499333877691349,4.8991361897803944,414.35417085427133,98.4,1.0,10,0.0,0.0
loss,9,5000,0.9,5,3,0,60,3600,0,0,1000,11.406,0.32,4022.8525,5029.151,20.883,9.301,4023.2595,5051.7334,0.1,0.1,1.0,0.1,0.038,0.031,0.9521924482338612,0.9521924482338612,4.901644336175396,414.24745226130653,98.4,1.0,10,0.0,0.0
scalability,1,1024,0,5,3,0,60,3600,0,0,1000,13.146,1.341,61.32,66.0153,16.108,3,61.554,71.8191,1.0,1.0,1.0,1.0,1.0,0.999,0.0,0.0,1.0,12.293,75.6,1.0,10,0.0,0.0
scalability,10,1024,0,5,3,0,60,3600,0,0,1000,13.201,1.345,61.602,71.8831,16.089,3,61.578,71.91140000000001,1.0,1.0,1.0,1.0,1.0,0.9993,0.0,0.0,1.0,12.332,75.5,1.0,10,0.0,0.0
scalability,2,1024,0,5,3,0,60,3600,0,0,1000,13.223,1.395,61.286,72.22760000000001,16.192,3,61.4275,72.36930000000001,1.0,1.0,1.0,1.0,0.999,0.999,0.0,0.0,1.0,12.29,75.5,1.0,10,0.0,0.0
scalability,3,1024,0,5,3,0,60,3600,0,0,1000,13.187,1.348,61.3905,72.828,16.141,3,61.607,67.5471,1.0,1.0,1.0,1.0,1.0,0.9989,0.0,0.0,1.0,12.307,75.6,1.0,10,0.0,0.0
scalability,4,1024,0,5,3,0,60,3600,0,0,1000,13.183,1.345,61.178,66.91239999999999,16.167,3,61.416,72.0008,1.0,1.0,1.0,1.0,0.998,0.9988,0.0,0.0,1.0,12.272,75.5,1.0,10,0.0,0.0
scalability,5,1024,0,5,3,0,60,3600,0,0,1000,13.27,1.389,61.515,71.4363,16.102,3,61.4405,67.501,1.0,1.0,1.0,1.0,0.999,0.9991,0.0,0.0,1.0,12.322,75.5,1.0,10,0.0,0.0
scalability,6,1024,0,5,3,0,60,3600,0,0,1000,13.181,1.384,61.4575,72.40990000000001,16.074,3,61.4815,65.75139999999999,1.0,1.0,1.0,1.0,0.998,0.9993,0.0,0.0,1.0,12.319,75.5,1.0,10,0.0,0.0
scalability,7,1024,0,5,3,0,60,3600,0,0,1000,13.223,1.374,61.636,72.9374,16.067,3,61.667,66.0343,1.0,1.0,1.0,1.0,1.0,0.9988,0.0,0.0,1.0,12.336,75.5,1.0,10,0.0,0.0
scalability,8,1024,0,5,3,0,60,3600,0,0,1000,13.154,1.344,61.317,72.4574,16.239,3,61.659,72.5904,1.0,1.0,1.0,1.0,1.0,0.9993,0.0,0.0,1.0,12.307,75.5,1.0,10,0.0,0.0
scalability,9,1024,0,5,3,0,60,3600,0,0,1000,13.132,1.38,61.4845,67.3652,16.187,3,61.7585,72.2291,1.0,1.0,1.0,1.0,1.0,0.9992,0.0,0.0,1.0,12.32,75.5,1.0,10,0.0,0.0
scalability,1,128,0,5,3,0,60,3600,0,0,1000,11.029,0.696,50.0905,61.7855,13.977,3,50.2615,62.0704,1.0,1.0,1.0,1.0,0.994,0.9926,0.0,0.0,1.0,12.374,45.6,1.0,10,0.0,0.0
scalability,10,128,0,5,3,0,60,3600,0,0,1000,11.104,0.727,50.2935,62.379599999999996,14.028,3,50.6305,62.4446,1.0,1.0,1.0,1.0,0.996,0.9932,0.0,0.0,1.0,12.392,45.4,1.0,10,0.0,0.0
scalability,2,128,0,5,3,0,60,3600,0,0,1000,11.045,0.703,50.282,62.200700000000005,14.154,3,50.6295,63.029,1.0,1.0,1.0,1.0,0.989,0.993,0.0,0.0,1.0,12.376,45.4,1.0,10,0.0,0.0
scalability,3,128,0,5,3,0,60,3600,0,0,1000,10.987,0.707,50.236,62.3412,14.003,3,50.6085,62.1935,1.0,1.0,1.0,1.0,0.993,0.9931,0.0,0.0,1.0,12.407,45.5,1.0,10,0.0,0.0
scalability,4,128,0,5,3,0,60,3600,0,0,1000,10.951,0.658,50.345,62.119,13.957,3,50.5215,62.5073,1.0,1.0,1.0,1.0,0.994,0.9928,0.0,0.0,1.0,12.462,45.4,1.0,10,0.0,0.0
scalability,5,128,0,5,3,0,60,3600,0,0,1000,10.973,0.668,50.214,61.6276,13.966,3,50.451,61.6645,1.0,1.0,1.0,1.0,0.99,0.9917,0.0,0.0,1.0,12.406,45.1,1.0,10,0.0,0.0
scalability,6,128,0,5,3,0,60,3600,0,0,1000,10.966,0.669,50.0595,61.5268,13.891,3,50.2675,61.1349,1.0,1.0,1.0,1.0,0.991,0.9918,0.0,0.0,1.0,12.394,45.4,1.0,10,0.0,0.0
scalability,7,128,0,5,3,0,60,3600,0,0,1000,10.987,0.656,50.1485,62.0881,14.007,3,50.494,62.564699999999995,1.0,1.0,1.0,1.0,0.996,0.9923,0.0,0.0,1.0,12.413,45.3,1.0,10,0.0,0.0
scalability,8,128,0,5,3,0,60,3600,0,0,1000,10.995,0.699,50.2125,62.404300000000006,13.896,3,50.4025,62.4543,1.0,1.0,1.0,1.0,0.993,0.9916,0.0,0.0,1.0,12.415,45.4,1.0,10,0.0,0.0
scalability,9,128,0,5,3,0,60,3600,0,0,1000,10.963,0.679,50.4485,61.8744,13.933,3,50.679,61.8344,1.0,1.0,1.0,1.0,0.998,0.9923,0.0,0.0,1.0,12.472,45.4,1.0,10,0.0,0.0
scalability,1,16384,0,5,3,0,60,3600,0,0,1000,15.877,2.247,76.736,89.9015,18.934,3,77.385,89.68090000000001,1.0,1.0,1.0,1.0,1.0,1.0,0.0,0.0,1.0,12.873,115.6,1.0,10,0.0,0.0
scalability,10,16384,0,5,3,0,60,3600,0,0,1000,15.896,2.258,75.9555,87.36,18.922,3,76.815,89.2029,1.0,1.0,1.0,1.0,1.0,1.0,0.0,0.0,1.0,12.744,115.5,1.0,10,0.0,0.0
scalability,2,16384,0,5,3,0,60,3600,0,0,1000,15.933,2.263,76.9735,89.6135,19.01,3,77.8595,90.8133,1.0,1.0,1.0,1.0,1.0,1.0,0.0,0.0,1.0,12.878,115.6,1.0,10,0.0,0.0
scalability,3,16384,0,5,3,0,60,3600,0,0,1000,16.018,2.284,77.113,91.1473,18.987,3,77.7615,90.8717,1.0,1.0,1.0,1.0,1.0,1.0,0.0,0.0,1.0,12.895,115.6,1.0,10,0.0,0.0
scalability,4,16384,0,5,3,0,60,3600,0,0,1000,15.914,2.243,76.8175,89.3642,18.735,3,76.4315,89.3845,1.0,1.0,1.0,1.0,1.0,1.0,0.0,0.0,1.0,12.823,115.6,1.0,10,0.0,0.0
scalability,5,16384,0,5,3,0,60,3600,0,0,1000,15.949,2.253,76.9705,90.064,19.065,3,77.9895,91.29260000000001,1.0,1.0,1.0,1.0,1.0,0.9999,0.0,0.0,1.0,12.896934673366834,115.5,1.0,10,0.0,0.0
scalability,6,16384,0,5,3,0,60,3600,0,0,1000,15.868,2.249,76.927,89.8601,19,3,78.163,91.6583,1.0,1.0,1.0,1.0,1.0,1.0,0.0,0.0,1.0,12.915,115.5,1.0,10,0.0,0.0
scalability,7,16384,0,5,3,0,60,3600,0,0,1000,16.016,2.278,77.5635,89.9281,18.812,3,77.4465,88.3963,1.0,1.0,1.0,1.0,1.0,0.9999,0.0,0.0,1.0,12.963,115.5,1.0,10,0.0,0.0
scalability,8,16384,0,5,3,0,60,3600,0,0,1000,15.894,2.244,76.715,89.0699,18.992,3,77.2865,90.2703,1.0,1.0,1.0,1.0,1.0,0.9999,0.0,0.0,1.0,12.873,115.5,1.0,10,0.0,0.0
scalability,9,16384,0,5,3,0,60,3600,0,0,1000,15.915,2.273,76.747,88.8687,18.777,3,77.026,88.2879,1.0,1.0,1.0,1.0,1.0,1.0,0.0,0.0,1.0,12.829,115.5,1.0,10,0.0,0.0
scalability,1,16,0,5,3,0,60,3600,0,0,1000,10,0.005,49.539,51.5702,13,3,49.68,51.816900000000004,1.0,1.0,1.0,1.0,0.94,0.9378,0.0,0.0,1.0,12.318,14.8,1.0,10,0.0,0.0
scalability,10,16,0,5,3,0,60,3600,0,0,1000,10,0,49.341,51.310199999999995,13,3,49.5285,51.467800000000004,1.0,1.0,1.0,1.0,0.945,0.9387,0.0,0.0,1.0,12.293748743718591,15.0,1.0,10,0.0,0.0
scalability,2,16,0,5,3,0,60,3600,0,0,1000,10,0,49.3785,51.5672,13,3,49.5385,51.8804,1.0,1.0,1.0,1.0,0.932,0.9374,0.0,0.0,1.0,12.309,15.0,1.0,10,0.0,0.0
scalability,3,16,0,5,3,0,60,3600,0,0,1000,10,0,49.453,51.492,13,3,49.633,51.6068,1.0,1.0,1.0,1.0,0.939,0.9385,0.0,0.0,1.0,12.301,15.0,1.0,10,0.0,0.0
scalability,4,16,0,5,3,0,60,3600,0,0,1000,10,0,49.592,51.600699999999996,13,3,49.6995,51.7921,1.0,1.0,1.0,1.0,0.957,0.9414,0.0,0.0,1.0,12.323,15.0,1.0,10,0.0,0.0
scalability,5,16,0,5,3,0,60,3600,0,0,1000,10,0,49.5315,51.5441,13,3,49.7425,51.7668,1.0,1.0,1.0,1.0,0.924,0.9395,0.0,0.0,1.0,12.354,15.0,1.0,10,0.0,0.0
scalability,6,16,0,5,3,0,60,3600,0,0,1000,10,0,49.404,51.6768,13,3,49.5915,51.9642,1.0,1.0,1.0,1.0,0.921,0.9363,0.0,0.0,1.0,12.316,15.0,1.0,10,0.0,0.0
scalability,7,16,0,5,3,0,60,3600,0,0,1000,10,0,49.5145,51.423,13,3,49.7165,51.628,1.0,1.0,1.0,1.0,0.935,0.9355,0.0,0.0,1.0,12.296,15.0,1.0,10,0.0,0.0
scalability,8,16,0,5,3,0,60,3600,0,0,1000,10,0,49.377,51.1162,13,3,49.4935,51.3256,1.0,1.0,1.0,1.0,0.94,0.9385,0.0,0.0,1.0,12.294,15.0,1.0,10,0.0,0.0
scalability,9,16,0,5,3,0,60,3600,0,0,1000,10,0.019,49.34,51.4141,13,3,49.4125,51.586800000000004,1.0,1.0,1.0,1.0,0.938,0.9382,0.0,0.0,1.0,12.312,14.8,1.0,10,0.0,0.0
scalability,1,2048,0,5,3,0,60,3600,0,0,1000,13.899,1.593,61.4155,73.8509,16.942,3,61.604,73.9526,1.0,1.0,1.0,1.0,1.0,0.9993,0.0,0.0,1.0,12.239,85.6,1.0,10,0.0,0.0
scalability,10,2048,0,5,3,0,60,3600,0,0,1000,13.976,1.608,62.795,75.8167,16.937,3,63.048,75.8845,1.0,1.0,1.0,1.0,1.0,0.9996,0.0,0.0,1.0,12.411,85.4,1.0,10,0.0,0.0
scalability,2,2048,0,5,3,0,60,3600,0,0,1000,13.985,1.637,62.835,75.3813,16.891,3,62.78,75.5522,1.0,1.0,1.0,1.0,1.0,0.9995,0.0,0.0,1.0,12.389,85.6,1.0,10,0.0,0.0
scalability,3,2048,0,5,3,0,60,3600,0,0,1000,13.99,1.602,62.4095,75.13589999999999,16.876,3,62.6055,75.0322,1.0,1.0,1.0,1.0,1.0,0.9995,0.0,0.0,1.0,12.34,85.6,1.0,10,0.0,0.0
scalability,4,2048,0,5,3,0,60,3600,0,0,1000,13.954,1.586,62.312,74.7164,16.873,3,62.3275,74.6805,1.0,1.0,1.0,1.0,0.999,0.9997,0.0,0.0,1.0,12.329,85.5,1.0,10,0.0,0.0
scalability,5,2048,0,5,3,0,60,3600,0,0,1000,13.903,1.619,62.2965,74.7802,16.892,3,62.635,75.0718,1.0,1.0,1.0,1.0,0.999,0.9997,0.0,0.0,1.0,12.35983417085427,85.5,1.0,10,0.0,0.0
scalability,6,2048,0,5,3,0,60,3600,0,0,1000,13.849,1.594,62.177,74.73389999999999,16.872,3,62.675,75.004,1.0,1.0,1.0,1.0,0.999,0.9995,0.0,0.0,1.0,12.345,85.5,1.0,10,0.0,0.0
scalability,7,2048,0,5,3,0,60,3600,0,0,1000,13.89,1.599,62.16,74.74560000000001,16.829,3,62.369,74.4196,1.0,1.0,1.0,1.0,1.0,0.9995,0.0,0.0,1.0,12.338,85.4,1.0,10,0.0,0.0
scalability,8,2048,0,5,3,0,60,3600,0,0,1000,13.911,1.587,62.0295,74.55860000000001,16.893,3,62.4135,74.5272,1.0,1.0,1.0,1.0,1.0,0.9996,0.0,0.0,1.0,12.333,85.6,1.0,10,0.0,0.0
scalability,9,2048,0,5,3,0,60,3600,0,0,1000,14.016,1.62,62.5295,75.4726,16.825,3,62.6595,74.8249,1.0,1.0,1.0,1.0,1.0,0.9998,0.0,0.0,1.0,12.348,85.5,1.0,10,0.0,0.0
scalability,1,256,0,5,3,0,60,3600,0,0,1000,11.835,0.94,51.5025,63.8996,14.743,3,51.863,64.2672,1.0,1.0,1.0,1.0,0.999,0.9969,0.0,0.0,1.0,12.431,55.4,1.0,10,0.0,0.0
scalability,10,256,0,5,3,0,60,3600,0,0,1000,11.794,0.917,50.903,62.9871,14.788,3,51.3245,63.4967,1.0,1.0,1.0,1.0,1.0,0.9956,0.0,0.0,1.0,12.311,55.5,1.0,10,0.0,0.0
scalability,2,256,0,5,3,0,60,3600,0,0,1000,11.714,0.95,51.3075,63.6809,14.768,3,51.708,64.0011,1.0,1.0,1.0,1.0,0.996,0.9954,0.0,0.0,1.0,12.407,55.5,1.0,10,0.0,0.0
scalability,3,256,0,5,3,0,60,3600,0,0,1000,11.735,0.917,50.9165,63.2376,14.658,3,50.98,63.3996,1.0,1.0,1.0,1.0,0.998,0.9962,0.0,0.0,1.0,12.373,55.7,1.0,10,0.0,0.0
scalability,4,256,0,5,3,0,60,3600,0,0,1000,11.763,0.899,51.095,63.5321,14.704,3,51.1785,63.9099,1.0,1.0,1.0,1.0,0.996,0.9956,0.0,0.0,1.0,12.381959798994973,55.3,1.0,10,0.0,0.0
scalability,5,256,0,5,3,0,60,3600,0,0,1000,11.821,0.927,51.2815,63.342,14.7,3,51.2605,63.4401,1.0,1.0,1.0,1.0,0.994,0.9964,0.0,0.0,1.0,12.357,55.3,1.0,10,0.0,0.0
scalability,6,256,0,5,3,0,60,3600,0,0,1000,11.733,0.919,50.8055,62.938199999999995,14.727,3,51.1475,63.1991,1.0,1.0,1.0,1.0,0.997,0.9962,0.0,0.0,1.0,12.303,55.5,1.0,10,0.0,0.0
scalability,7,256,0,5,3,0,60,3600,0,0,1000,11.764,0.892,51.0685,63.2434,14.819,3,51.688,63.6402,1.0,1.0,1.0,1.0,0.999,0.9966,0.0,0.0,1.0,12.399,55.9,1.0,10,0.0,0.0
scalability,8,256,0,5,3,0,60,3600,0,0,1000,11.727,0.915,50.652,63.2013,14.771,3,51.07,63.6387,1.0,1.0,1.0,1.0,0.999,0.9959,0.0,0.0,1.0,12.37,55.4,1.0,10,0.0,0.0
scalability,9,256,0,5,3,0,60,3600,0,0,1000,11.685,0.905,50.963,63.4152,14.803,3,51.677,63.4349,1.0,1.0,1.0,1.0,0.999,0.9965,0.0,0.0,1.0,12.365,55.3,1.0,10,0.0,0.0
scalability,1,32,0,5,3,0,60,3600,0,0,1000,10,0.173,49.2085,50.6083,13,3,49.245,50.7436,1.0,1.0,1.0,1.0,0.968,0.9669,0.0,0.0,1.0,12.158,25.2,1.0,10,0.0,0.0
scalability,10,32,0,5,3,0,60,3600,0,0,1000,10.142,0.187,49.482,51.5931,13.073,3,49.6115,51.799,1.0,1.0,1.0,1.0,0.98,0.9689,0.0,0.0,1.0,12.293788944723618,25.3,1.0,10,0.0,0.0
scalability,2,32,0,5,3,0,60,3600,0,0,1000,10,0.158,49.2265,50.606,13,3,49.216,50.715300000000006,1.0,1.0,1.0,1.0,0.964,0.9663,0.0,0.0,1.0,12.169748743718593,26.2,1.0,10,0.0,0.0
scalability,3,32,0,5,3,0,60,3600,0,0,1000,10,0.176,49.1185,50.6446,13,3,49.1925,50.7278,1.0,1.0,1.0,1.0,0.97,0.9693,0.0,0.0,1.0,12.146,25.1,1.0,10,0.0,0.0
scalability,4,32,0,5,3,0,60,3600,0,0,1000,10,0.196,49.104,50.564,13,3,49.2065,50.731300000000005,1.0,1.0,1.0,1.0,0.973,0.9712,0.0,0.0,1.0,12.198,25.0,1.0,10,0.0,0.0
scalability,5,32,0,5,3,0,60,3600,0,0,1000,10,0.197,49.1085,50.8523,13,3,49.242,50.9912,1.0,1.0,1.0,1.0,0.955,0.9684,0.0,0.0,1.0,12.174,24.9,1.0,10,0.0,0.0
scalability,6,32,0,5,3,0,60,3600,0,0,1000,10,0.188,49.149,50.7611,13,3,49.2845,50.895900000000005,1.0,1.0,1.0,1.0,0.967,0.9709,0.0,0.0,1.0,12.272,24.8,1.0,10,0.0,0.0
scalability,7,32,0,5,3,0,60,3600,0,0,1000,10,0.178,49.4785,51.655199999999994,13,3,49.6305,51.8381,1.0,1.0,1.0,1.0,0.97,0.9681,0.0,0.0,1.0,12.356,25.0,1.0,10,0.0,0.0
scalability,8,32,0,5,3,0,60,3600,0,0,1000,10,0.182,49.499,51.6124,13,3,49.565,51.8684,1.0,1.0,1.0,1.0,0.972,0.9698,0.0,0.0,1.0,12.339,25.5,1.0,10,0.0,0.0
scalability,9,32,0,5,3,0,60,3600,0,0,1000,10,0.193,49.569,51.3961,13,3,49.735,51.723699999999994,1.0,1.0,1.0,1.0,0.974,0.9677,0.0,0.0,1.0,12.331,25.5,1.0,10,0.0,0.0
scalability,1,4096,0,5,3,0,60,3600,0,0,1000,14.47,1.765,63.6815,76.34039999999999,17.458,3,64.125,76.74310000000001,1.0,1.0,1.0,1.0,1.0,0.9996,0.0,0.0,1.0,12.424,95.6,1.0,10,0.0,0.0
scalability,10,4096,0,5,3,0,60,3600,0,0,1000,14.652,1.849,63.7415,76.5902,17.619,3,64.4685,76.4399,1.0,1.0,1.0,1.0,1.0,0.9998,0.0,0.0,1.0,12.405,95.5,1.0,10,0.0,0.0
scalability,2,4096,0,5,3,0,60,3600,0,0,1000,14.706,1.841,63.92,76.7239,17.644,3,64.487,77.10510000000001,1.0,1.0,1.0,1.0,1.0,0.9998,0.0,0.0,1.0,12.408,95.6,1.0,10,0.0,0.0
scalability,3,4096,0,5,3,0,60,3600,0,0,1000,14.546,1.84,63.5135,76.0836,17.534,3,63.967,76.6388,1.0,1.0,1.0,1.0,1.0,0.9997,0.0,0.0,1.0,12.396,95.5,1.0,10,0.0,0.0
scalability,4,4096,0,5,3,0,60,3600,0,0,1000,14.5,1.776,63.7355,76.4812,17.6,3,64.196,77.0114,1.0,1.0,1.0,1.0,0.999,0.9998,0.0,0.0,1.0,12.394,95.5,1.0,10,0.0,0.0
scalability,5,4096,0,5,3,0,60,3600,0,0,1000,14.577,1.807,63.8335,76.69619999999999,17.586,3,64.263,77.2572,1.0,1.0,1.0,1.0,0.999,0.9996,0.0,0.0,1.0,12.424,95.5,1.0,10,0.0,0.0
scalability,6,4096,0,5,3,0,60,3600,0,0,1000,14.533,1.811,63.843,76.1675,17.624,3,64.143,76.7284,1.0,1.0,1.0,1.0,0.999,0.9998,0.0,0.0,1.0,12.401,95.5,1.0,10,0.0,0.0
scalability,7,4096,0,5,3,0,60,3600,0,0,1000,14.671,1.824,63.8935,76.39989999999999,17.567,3,63.9595,77.2981,1.0,1.0,1.0,1.0,1.0,0.9998,0.0,0.0,1.0,12.393,95.5,1.0,10,0.0,0.0
scalability,8,4096,0,5,3,0,60,3600,0,0,1000,14.617,1.806,63.396,76.61460000000001,17.651,3,64.566,77.0951,1.0,1.0,1.0,1.0,1.0,0.9999,0.0,0.0,1.0,12.409,95.5,1.0,10,0.0,0.0
scalability,9,4096,0,5,3,0,60,3600,0,0,1000,14.65,1.84,63.7695,76.71,17.638,3,64.1175,76.5857,1.0,1.0,1.0,1.0,1.0,0.9999,0.0,0.0,1.0,12.4,95.5,1.0,10,0.0,0.0
scalability,1,512,0,5,3,0,60,3600,0,0,1000,12.508,1.137,60.897,64.3368,15.541,3,60.932,65.0562,1.0,1.0,1.0,1.0,1.0,0.9987,0.0,0.0,1.0,12.393,65.7,1.0,10,0.0,0.0
scalability,10,512,0,5,3,0,60,3600,0,0,1000,12.453,1.133,60.1905,63.5538,15.502,3,60.2035,63.854800000000004,1.0,1.0,1.0,1.0,1.0,0.9988,0.0,0.0,1.0,12.298,65.4,1.0,10,0.0,0.0
scalability,2,512,0,5,3,0,60,3600,0,0,1000,12.414,1.129,60.432,64.4666,15.531,3,60.7935,64.7661,1.0,1.0,1.0,1.0,0.998,0.9988,0.0,0.0,1.0,12.359,65.7,1.0,10,0.0,0.0
scalability,3,512,0,5,3,0,60,3600,0,0,1000,12.458,1.154,60.436,64.4863,15.391,3,60.2005,64.62180000000001,1.0,1.0,1.0,1.0,0.999,0.9984,0.0,0.0,1.0,12.41,65.6,1.0,10,0.0,0.0
scalability,4,512,0,5,3,0,60,3600,0,0,1000,12.494,1.149,60.6115,64.2291,15.478,3,60.5205,64.72109999999999,1.0,1.0,1.0,1.0,0.997,0.9978,0.0,0.0,1.0,12.35824120603015,65.5,1.0,10,0.0,0.0
scalability,5,512,0,5,3,0,60,3600,0,0,1000,12.532,1.13,60.4515,64.3536,15.412,3,60.1105,64.4687,1.0,1.0,1.0,1.0,0.998,0.9986,0.0,0.0,1.0,12.397,65.5,1.0,10,0.0,0.0
scalability,6,512,0,5,3,0,60,3600,0,0,1000,12.491,1.176,60.7775,64.7765,15.321,3,60.324,64.6454,1.0,1.0,1.0,1.0,0.998,0.9974,0.0,0.0,1.0,12.367,65.5,1.0,10,0.0,0.0
scalability,7,512,0,5,3,0,60,3600,0,0,1000,12.438,1.119,60.38,64.6725,15.333,3,56.23,64.4392,1.0,1.0,1.0,1.0,1.0,0.9985,0.0,0.0,1.0,12.379236180904522,65.5,1.0,10,0.0,0.0
scalability,8,512,0,5,3,0,60,3600,0,0,1000,12.473,1.111,60.4415,64.5185,15.379,3,60.149,64.8197,1.0,1.0,1.0,1.0,1.0,0.9983,0.0,0.0,1.0,12.389,65.6,1.0,10,0.0,0.0
scalability,9,512,0,5,3,0,60,3600,0,0,1000,12.439,1.141,60.496,64.6239,15.55,3,61.1785,65.162,1.0,1.0,1.0,1.0,0.999,0.9985,0.0,0.0,1.0,12.373,65.5,1.0,10,0.0,0.0
scalability,1,64,0,5,3,0,60,3600,0,0,1000,10.488,0.459,49.211,51.9773,13.536,3,49.426,59.7363,1.0,1.0,1.0,1.0,0.979,0.9826,0.0,0.0,1.0,12.167,35.5,1.0,10,0.0,0.0
scalability,10,64,0,5,3,0,60,3600,0,0,1000,10.574,0.472,49.435,60.381800000000005,13.405,3,49.453,52.2277,1.0,1.0,1.0,1.0,0.992,0.9865,0.0,0.0,1.0,12.173,35.3,1.0,10,0.0,0.0
scalability,2,64,0,5,3,0,60,3600,0,0,1000,10.491,0.47,49.124,51.7175,13.473,3,49.253,51.3814,1.0,1.0,1.0,1.0,0.979,0.9825,0.0,0.0,1.0,12.128,34.9,1.0,10,0.0,0.0
scalability,3,64,0,5,3,0,60,3600,0,0,1000,10.44,0.458,49.2485,51.3221,13.434,3,49.2775,51.425700000000006,1.0,1.0,1.0,1.0,0.985,0.9844,0.0,0.0,1.0,12.14,35.0,1.0,10,0.0,0.0
scalability,4,64,0,5,3,0,60,3600,0,0,1000,10.536,0.461,49.1655,59.3907,13.452,3,49.3005,52.868,1.0,1.0,1.0,1.0,0.988,0.9854,0.0,0.0,1.0,12.081,35.3,1.0,10,0.0,0.0
scalability,5,64,0,5,3,0,60,3600,0,0,1000,10.436,0.442,49.1065,51.8614,13.402,3,49.217,51.1539,1.0,1.0,1.0,1.0,0.975,0.9836,0.0,0.0,1.0,12.125,35.3,1.0,10,0.0,0.0
scalability,6,64,0,5,3,0,60,3600,0,0,1000,10.436,0.407,49.1985,51.652300000000004,13.377,3,49.288,51.2644,1.0,1.0,1.0,1.0,0.979,0.9834,0.0,0.0,1.0,12.146,35.5,1.0,10,0.0,0.0
scalability,7,64,0,5,3,0,60,3600,0,0,1000,10.523,0.426,49.167,51.547599999999996,13.5,3,49.315,51.814800000000005,1.0,1.0,1.0,1.0,0.988,0.9831,0.0,0.0,1.0,12.146,35.1,1.0,10,0.0,0.0
scalability,8,64,0,5,3,0,60,3600,0,0,1000,10.536,0.433,49.14,51.9781,13.48,3,49.3115,52.455000000000005,1.0,1.0,1.0,1.0,0.978,0.9823,0.0,0.0,1.0,12.137,35.5,1.0,10,0.0,0.0
scalability,9,64,0,5,3,0,60,3600,0,0,1000,10.377,0.448,49.251,51.092400000000005,13.427,3,49.3745,51.191199999999995,1.0,1.0,1.0,1.0,0.989,0.9842,0.0,0.0,1.0,12.175,35.3,1.0,10,0.0,0.0
scalability,1,8192,0,5,3,0,60,3600,0,0,1000,15.148,1.991,69.8375,80.51490000000001,18.12,3,68.6235,81.7759,1.0,1.0,1.0,1.0,1.0,1.0,0.0,0.0,1.0,12.751,105.5,1.0,10,0.0,0.0
scalability,10,8192,0,5,3,0,60,3600,0,0,1000,15.243,2.022,71.58,81.6468,18.277,3,71.292,82.77669999999999,1.0,1.0,1.0,1.0,1.0,1.0,0.0,0.0,1.0,12.69,105.5,1.0,10,0.0,0.0
scalability,2,8192,0,5,3,0,60,3600,0,0,1000,15.403,2.095,73.8905,81.06240000000001,18.36,3,73.3865,82.008,1.0,1.0,1.0,1.0,1.0,0.9999,0.0,0.0,1.0,12.676,105.6,1.0,10,0.0,0.0
scalability,3,8192,0,5,3,0,60,3600,0,0,1000,15.31,2.067,70.3725,80.9795,18.251,3,69.511,82.4741,1.0,1.0,1.0,1.0,1.0,1.0,0.0,0.0,1.0,12.709,105.6,1.0,10,0.0,0.0
scalability,4,8192,0,5,3,0,60,3600,0,0,1000,15.13,1.994,67.665,80.81219999999999,18.255,3,72.3425,81.82939999999999,1.0,1.0,1.0,1.0,1.0,0.9999,0.0,0.0,1.0,12.655,105.6,1.0,10,0.0,0.0
scalability,5,8192,0,5,3,0,60,3600,0,0,1000,15.272,2.039,70.0635,80.88369999999999,18.242,3,72.2445,82.467,1.0,1.0,1.0,1.0,1.0,0.9999,0.0,0.0,1.0,12.744,105.5,1.0,10,0.0,0.0
scalability,6,8192,0,5,3,0,60,3600,0,0,1000,15.249,2.045,69.7205,80.9411,18.221,3,70.754,81.4578,1.0,1.0,1.0,1.0,1.0,0.9998,0.0,0.0,1.0,12.674,105.5,1.0,10,0.0,0.0
scalability,7,8192,0,5,3,0,60,3600,0,0,1000,15.276,2.024,69.3825,81.4043,18.073,3,70.0735,82.4429,1.0,1.0,1.0,1.0,1.0,0.9999,0.0,0.0,1.0,12.76,105.6,1.0,10,0.0,0.0
scalability,8,8192,0,5,3,0,60,3600,0,0,1000,15.283,2.042,72.996,80.792,18.119,3,69.216,81.29790000000001,1.0,1.0,1.0,1.0,1.0,0.9999,0.0,0.0,1.0,12.669,105.5,1.0,10,0.0,0.0
scalability,9,8192,0,5,3,0,60,3600,0,0,1000,15.412,2.103,74.026,82.0386,18.234,3,70.6385,81.91980000000001,1.0,1.0,1.0,1.0,1.0,1.0,0.0,0.0,1.0,12.681,105.5,1.0,10,0.0,0.0
scalability_before,1,1024,0,5,3,0,60,3600,0,0,1000,13.55,1.49,62.079,74.1382,16.579,3,62.4215,74.2504,1.0,1.0,1.0,1.0,1.0,1.0,0.0,0.0,1.0,12.355,53.1,1.0,10,0.0,0.0
scalability_before,10,1024,0,5,3,0,60,3600,0,0,1000,13.562,1.484,61.8045,73.6434,16.567,3,62.08,73.5818,1.0,1.0,1.0,1.0,1.0,1.0,0.0,0.0,1.0,12.311,53.3,1.0,10,0.0,0.0
scalability_before,2,1024,0,5,3,0,60,3600,0,0,1000,13.576,1.528,61.899,73.6602,16.521,3,62.1745,74.0454,1.0,1.0,1.0,1.0,1.0,1.0,0.0,0.0,1.0,12.31,53.4,1.0,10,0.0,0.0
scalability_before,3,1024,0,5,3,0,60,3600,0,0,1000,13.515,1.494,62.1465,72.852,16.605,3,62.466,74.3712,1.0,1.0,1.0,1.0,1.0,1.0,0.0,0.0,1.0,12.35,52.8,1.0,10,0.0,0.0
scalability_before,4,1024,0,5,3,0,60,3600,0,0,1000,13.44,1.461,61.619,72.8922,16.628,3,61.9445,74.50569999999999,1.0,1.0,1.0,1.0,1.0,1.0,0.0,0.0,1.0,12.309,53.0,1.0,10,0.0,0.0
scalability_before,5,1024,0,5,3,0,60,3600,0,0,1000,13.511,1.5,61.9985,72.92880000000001,16.532,3,62.098,73.895,1.0,1.0,1.0,1.0,1.0,1.0,0.0,0.0,1.0,12.331,52.8,1.0,10,0.0,0.0
scalability_before,6,1024,0,5,3,0,60,3600,0,0,1000,13.565,1.502,61.984,74.0958,16.485,3,62.1165,73.3828,1.0,1.0,1.0,1.0,1.0,1.0,0.0,0.0,1.0,12.333,53.1,1.0,10,0.0,0.0
scalability_before,7,1024,0,5,3,0,60,3600,0,0,1000,13.604,1.494,62.056,73.0425,16.476,3,62.121,72.57,1.0,1.0,1.0,1.0,1.0,1.0,0.0,0.0,1.0,12.35,53.3,1.0,10,0.0,0.0
scalability_before,8,1024,0,5,3,0,60,3600,0,0,1000,13.527,1.471,62.03,73.60839999999999,16.628,3,62.3695,74.13680000000001,1.0,1.0,1.0,1.0,1.0,1.0,0.0,0.0,1.0,12.345,52.6,1.0,10,0.0,0.0
scalability_before,9,1024,0,5,3,0,60,3600,0,0,1000,13.419,1.481,61.954,73.6168,16.538,3,62.3155,74.2743,1.0,1.0,1.0,1.0,1.0,1.0,0.0,0.0,1.0,12.343,53.0,1.0,10,0.0,0.0
scalability_before,1,128,0,5,3,0,60,3600,0,0,1000,11.003,0.693,49.9815,61.859300000000005,13.903,3,50.2795,61.2346,1.0,1.0,1.0,1.0,1.0,1.0,0.0,0.0,1.0,12.387,37.4,1.0,10,0.0,0.0
scalability_before,10,128,0,5,3,0,60,3600,0,0,1000,11.069,0.695,50.0945,61.9168,13.983,3,50.1645,61.8872,1.0,1.0,1.0,1.0,1.0,1.0,0.0,0.0,1.0,12.363,36.0,1.0,10,0.0,0.0
scalability_before,2,128,0,5,3,0,60,3600,0,0,1000,11.083,0.706,50.2505,62.4955,14.068,3,50.6255,62.765,1.0,1.0,1.0,1.0,1.0,1.0,0.0,0.0,1.0,12.386,36.7,0.9974999999999999,10,0.0,0.0
scalability_before,3,128,0,5,3,0,60,3600,0,0,1000,11.097,0.69,50.354,61.9852,14.074,3,50.6975,62.2432,1.0,1.0,1.0,1.0,1.0,1.0,0.0,0.0,1.0,12.434,36.9,1.0,10,0.0,0.0
scalability_before,4,128,0,5,3,0,60,3600,0,0,1000,11.036,0.667,50.542,62.1834,14.073,3,50.942,62.468599999999995,1.0,1.0,1.0,1.0,1.0,1.0,0.0,0.0,1.0,12.472,37.6,1.0,10,0.0,0.0
scalability_before,5,128,0,5,3,0,60,3600,0,0,1000,11.048,0.689,50.4075,61.7184,14.022,3,50.636,62.1571,1.0,1.0,1.0,1.0,1.0,1.0,0.0,0.0,1.0,12.425,36.4,1.0,10,0.0,0.0
scalability_before,6,128,0,5,3,0,60,3600,0,0,1000,11.02,0.689,50.3355,61.986,14.009,3,50.4585,61.9833,1.0,1.0,1.0,1.0,1.0,1.0,0.0,0.0,1.0,12.403,38.0,1.0,10,0.0,0.0
scalability_before,7,128,0,5,3,0,60,3600,0,0,1000,11.048,0.666,50.151,62.2217,13.989,3,50.4245,62.1254,1.0,1.0,1.0,1.0,1.0,1.0,0.0,0.0,1.0,12.391,36.9,1.0,10,0.0,0.0
scalability_before,8,128,0,5,3,0,60,3600,0,0,1000,10.983,0.691,49.85,61.5361,14.013,3,50.0155,61.3984,1.0,1.0,1.0,1.0,1.0,1.0,0.0,0.0,1.0,12.256,36.9,1.0,10,0.0,0.0
scalability_before,9,128,0,5,3,0,60,3600,0,0,1000,10.998,0.674,49.771,61.0916,14.031,3,49.9695,61.635400000000004,1.0,1.0,1.0,1.0,1.0,1.0,0.0,0.0,1.0,12.323,37.6,1.0,10,0.0,0.0
scalability_before,1,16384,0,5,3,0,60,3600,0,0,1000,17.008,2.591,78.3385,91.77369999999999,19.994,3,79.0145,93.06819999999999,1.0,1.0,1.0,1.0,1.0,1.0,0.0,0.0,1.0,12.592,74.1,1.0,10,0.0,0.0
scalability_before,10,16384,0,5,3,0,60,3600,0,0,1000,16.961,2.59,77.7685,91.931,20.072,3,78.003,92.6268,1.0,1.0,1.0,1.0,1.0,1.0,0.0,0.0,1.0,12.572,73.9,1.0,10,0.0,0.0
scalability_before,2,16384,0,5,3,0,60,3600,0,0,1000,16.984,2.613,77.238,91.86810000000001,20.024,3,77.9725,92.35010000000001,1.0,1.0,1.0,1.0,1.0,1.0,0.0,0.0,1.0,12.564,74.0,1.0,10,0.0,0.0
scalability_before,3,16384,0,5,3,0,60,3600,0,0,1000,16.986,2.617,77.515,91.0315,20.051,3,78.4235,92.30239999999999,1.0,1.0,1.0,1.0,1.0,1.0,0.0,0.0,1.0,12.52,74.0,1.0,10,0.0,0.0
scalability_before,4,16384,0,5,3,0,60,3600,0,0,1000,16.998,2.589,77.642,92.11760000000001,20.065,3,78.5185,92.2725,1.0,1.0,1.0,1.0,1.0,1.0,0.0,0.0,1.0,12.565,74.0,1.0,10,0.0,0.0
scalability_before,5,16384,0,5,3,0,60,3600,0,0,1000,16.956,2.563,77.073,92.6311,20.097,3,78.284,93.463,1.0,1.0,1.0,1.0,1.0,1.0,0.0,0.0,1.0,12.596,73.9,1.0,10,0.0,0.0
scalability_before,6,16384,0,5,3,0,60,3600,0,0,1000,17.081,2.649,78.288,92.2252,20.093,3,78.8275,94.00160000000001,1.0,1.0,1.0,1.0,1.0,1.0,0.0,0.0,1.0,12.596,74.2,1.0,10,0.0,0.0
scalability_before,7,16384,0,5,3,0,60,3600,0,0,1000,17.038,2.616,77.499,91.6795,19.904,3,77.689,91.946,1.0,1.0,1.0,1.0,1.0,1.0,0.0,0.0,1.0,12.546,74.1,1.0,10,0.0,0.0
scalability_before,8,16384,0,5,3,0,60,3600,0,0,1000,17.111,2.629,77.8535,92.5362,20.003,3,78.129,93.68360000000001,1.0,1.0,1.0,1.0,1.0,1.0,0.0,0.0,1.0,12.59,73.9,1.0,10,0.0,0.0
scalability_before,9,16384,0,5,3,0,60,3600,0,0,1000,16.934,2.576,77.688,91.7605,19.974,3,78.029,94.16560000000001,1.0,1.0,1.0,1.0,1.0,1.0,0.0,0.0,1.0,12.556,74.1,1.0,10,0.0,0.0
scalability_before,1,16,0,5,3,0,60,3600,0,0,1000,10,0.069,49.7275,51.6806,13,3,49.869,52.1042,1.0,1.0,1.0,1.0,1.0,1.0,0.0,0.0,1.0,12.298,23.2,1.0,10,0.0,0.0
scalability_before,10,16,0,5,3,0,60,3600,0,0,1000,10,0.055,49.46,51.9792,13,3,49.566,52.2669,1.0,1.0,1.0,1.0,1.0,1.0,0.0,0.0,1.0,12.268,22.6,1.0,10,0.0,0.0
scalability_before,2,16,0,5,3,0,60,3600,0,0,1000,10,0.068,49.4795,51.867,13,3,49.8095,52.062,1.0,1.0,1.0,1.0,1.0,1.0,0.0,0.0,1.0,12.279,23.4,1.0,10,0.0,0.0
scalability_before,3,16,0,5,3,0,60,3600,0,0,1000,10,0.061,49.54,51.5444,13,3,49.7285,51.750099999999996,1.0,1.0,1.0,1.0,1.0,1.0,0.0,0.0,1.0,12.281748743718591,23.9,1.0,10,0.0,0.0
scalability_before,4,16,0,5,3,0,60,3600,0,0,1000,10,0.043,49.3615,51.7853,13,3,49.589,51.9823,1.0,1.0,1.0,1.0,1.0,1.0,0.0,0.0,1.0,12.315,23.8,1.0,10,0.0,0.0
scalability_before,5,16,0,5,3,0,60,3600,0,0,1000,10,0.076,49.4295,51.5732,13,3,49.56,51.796,1.0,1.0,1.0,1.0,1.0,1.0,0.0,0.0,1.0,12.293,24.0,1.0,10,0.0,0.0
scalability_before,6,16,0,5,3,0,60,3600,0,0,1000,10,0.079,49.5855,51.701,13,3,49.75,52.0616,1.0,1.0,1.0,1.0,1.0,1.0,0.0,0.0,1.0,12.297,22.8,1.0,10,0.0,0.0
scalability_before,7,16,0,5,3,0,60,3600,0,0,1000,10,0.065,49.525,51.717,13,3,49.659,51.929300000000005,1.0,1.0,1.0,1.0,1.0,1.0,0.0,0.0,1.0,12.299,23.8,1.0,10,0.0,0.0
scalability_before,8,16,0,5,3,0,60,3600,0,0,1000,10,0.06,49.7105,52.0411,13,3,49.887,52.272,1.0,1.0,1.0,1.0,1.0,1.0,0.0,0.0,1.0,12.353,23.5,1.0,10,0.0,0.0
scalability_before,9,16,0,5,3,0,60,3600,0,0,1000,10,0.08,49.571,52.0063,13,3,49.688,52.0901,1.0,1.0,1.0,1.0,1.0,1.0,0.0,0.0,1.0,12.307,22.9,1.0,10,0.0,0.0
scalability_before,1,2048,0,5,3,0,60,3600,0,0,1000,14.492,1.79,62.9395,75.4906,17.525,3,63.3855,76.38860000000001,1.0,1.0,1.0,1.0,1.0,1.0,0.0,0.0,1.0,12.345,57.7,1.0,10,0.0,0.0
scalability_before,10,2048,0,5,3,0,60,3600,0,0,1000,14.594,1.811,63.2905,76.0377,17.436,3,63.1805,75.9974,1.0,1.0,1.0,1.0,1.0,1.0,0.0,0.0,1.0,12.362,58.3,1.0,10,0.0,0.0
scalability_before,2,2048,0,5,3,0,60,3600,0,0,1000,14.503,1.791,62.873,75.8162,17.446,3,63.187,75.7764,1.0,1.0,1.0,1.0,1.0,1.0,0.0,0.0,1.0,12.346,58.3,1.0,10,0.0,0.0
scalability_before,3,2048,0,5,3,0,60,3600,0,0,1000,14.549,1.803,62.7045,75.4023,17.462,3,63.09,75.45039999999999,1.0,1.0,1.0,1.0,1.0,1.0,0.0,0.0,1.0,12.351,58.6,1.0,10,0.0,0.0
scalability_before,4,2048,0,5,3,0,60,3600,0,0,1000,14.527,1.792,62.882,75.6893,17.539,3,63.1405,75.81110000000001,1.0,1.0,1.0,1.0,1.0,1.0,0.0,0.0,1.0,12.35,58.2,1.0,10,0.0,0.0
scalability_before,5,2048,0,5,3,0,60,3600,0,0,1000,14.424,1.786,62.6505,75.25030000000001,17.424,3,63.222,75.92760000000001,1.0,1.0,1.0,1.0,1.0,1.0,0.0,0.0,1.0,12.347,58.1,1.0,10,0.0,0.0
scalability_before,6,2048,0,5,3,0,60,3600,0,0,1000,14.431,1.773,62.633,75.1034,17.498,3,63.076,75.70439999999999,1.0,1.0,1.0,1.0,1.0,1.0,0.0,0.0,1.0,12.327,58.3,1.0,10,0.0,0.0
scalability_before,7,2048,0,5,3,0,60,3600,0,0,1000,14.514,1.811,62.911,75.7475,17.51,3,63.104,75.74210000000001,1.0,1.0,1.0,1.0,1.0,1.0,0.0,0.0,1.0,12.334,58.5,1.0,10,0.0,0.0
scalability_before,8,2048,0,5,3,0,60,3600,0,0,1000,14.519,1.779,62.877,75.8401,17.532,3,63.4275,75.60010000000001,1.0,1.0,1.0,1.0,1.0,1.0,0.0,0.0,1.0,12.355,57.8,1.0,10,0.0,0.0
scalability_before,9,2048,0,5,3,0,60,3600,0,0,1000,14.559,1.819,62.929,75.44739999999999,17.517,3,63.39,76.27860000000001,1.0,1.0,1.0,1.0,1.0,1.0,0.0,0.0,1.0,12.352,58.6,1.0,10,0.0,0.0
scalability_before,1,256,0,5,3,0,60,3600,0,0,1000,11.788,0.917,50.9705,63.093599999999995,14.694,3,50.8935,63.0445,1.0,1.0,1.0,1.0,1.0,1.0,0.0,0.0,1.0,12.323,42.5,1.0,10,0.0,0.0
scalability_before,10,256,0,5,3,0,60,3600,0,0,1000,11.744,0.892,50.9345,63.1013,14.635,3,50.9065,63.2218,1.0,1.0,1.0,1.0,1.0,1.0,0.0,0.0,1.0,12.351,42.8,1.0,10,0.0,0.0
scalability_before,2,256,0,5,3,0,60,3600,0,0,1000,11.759,0.935,51.1085,63.5989,14.795,3,51.697,63.6812,1.0,1.0,1.0,1.0,1.0,1.0,0.0,0.0,1.0,12.388,43.2,1.0,10,0.0,0.0
scalability_before,3,256,0,5,3,0,60,3600,0,0,1000,11.687,0.916,51.0255,63.4585,14.792,3,51.5975,63.848,1.0,1.0,1.0,1.0,1.0,1.0,0.0,0.0,1.0,12.359,42.3,1.0,10,0.0,0.0
scalability_before,4,256,0,5,3,0,60,3600,0,0,1000,11.754,0.924,50.608,62.7498,14.796,3,50.838,63.003099999999996,1.0,1.0,1.0,1.0,1.0,1.0,0.0,0.0,1.0,12.3,42.5,1.0,10,0.0,0.0
scalability_before,5,256,0,5,3,0,60,3600,0,0,1000,11.751,0.904,50.756,62.927099999999996,14.732,3,51.1155,63.196400000000004,1.0,1.0,1.0,1.0,1.0,1.0,0.0,0.0,1.0,12.271,43.2,1.0,10,0.0,0.0
scalability_before,6,256,0,5,3,0,60,3600,0,0,1000,11.785,0.933,51.3945,63.2941,14.748,3,51.3705,63.653800000000004,1.0,1.0,1.0,1.0,1.0,1.0,0.0,0.0,1.0,12.402,42.0,1.0,10,0.0,0.0
scalability_before,7,256,0,5,3,0,60,3600,0,0,1000,11.817,0.949,50.99,63.0728,14.781,3,51.2675,63.467800000000004,1.0,1.0,1.0,1.0,1.0,1.0,0.0,0.0,1.0,12.322788944723618,41.5,1.0,10,0.0,0.0
scalability_before,8,256,0,5,3,0,60,3600,0,0,1000,11.698,0.916,50.695,63.0952,14.706,3,51.0995,63.368300000000005,1.0,1.0,1.0,1.0,1.0,1.0,0.0,0.0,1.0,12.367,42.8,1.0,10,0.0,0.0
scalability_before,9,256,0,5,3,0,60,3600,0,0,1000,11.746,0.909,50.7145,62.8153,14.731,3,50.9415,63.3078,1.0,1.0,1.0,1.0,1.0,1.0,0.0,0.0,1.0,12.334,42.7,1.0,10,0.0,0.0
scalability_before,1,32,0,5,3,0,60,3600,0,0,1000,10.038,0.204,49.6485,52.0889,13.041,3,49.837,52.452400000000004,1.0,1.0,1.0,1.0,1.0,1.0,0.0,0.0,1.0,12.323,24.6,1.0,10,0.0,0.0
scalability_before,10,32,0,5,3,0,60,3600,0,0,1000,10.036,0.212,49.5725,51.7771,13.043,3,49.741,52.0952,1.0,1.0,1.0,1.0,1.0,1.0,0.0,0.0,1.0,12.315,23.8,1.0,10,0.0,0.0
scalability_before,2,32,0,5,3,0,60,3600,0,0,1000,10.052,0.192,49.448,51.5749,13.041,3,49.6475,51.9144,1.0,1.0,1.0,1.0,1.0,1.0,0.0,0.0,1.0,12.355,24.3,1.0,10,0.0,0.0
scalability_before,3,32,0,5,3,0,60,3600,0,0,1000,10.013,0.201,49.6595,51.874199999999995,13.008,3,49.8635,52.0734,1.0,1.0,1.0,1.0,1.0,1.0,0.0,0.0,1.0,12.351,25.2,1.0,10,0.0,0.0
scalability_before,4,32,0,5,3,0,60,3600,0,0,1000,10,0.2,49.7085,51.6525,13,3,49.7725,51.8375,1.0,1.0,1.0,1.0,1.0,1.0,0.0,0.0,1.0,12.365,24.4,1.0,10,0.0,0.0
scalability_before,5,32,0,5,3,0,60,3600,0,0,1000,10.019,0.247,49.6305,51.9702,13.002,3,49.794,52.2052,1.0,1.0,1.0,1.0,1.0,1.0,0.0,0.0,1.0,12.304,24.9,1.0,10,0.0,0.0
scalability_before,6,32,0,5,3,0,60,3600,0,0,1000,10,0.229,49.582,51.586400000000005,13.042,3.042,49.822,51.8535,0.994,0.994,1.0,0.994,1.0,1.0,0.0,0.0,1.0,12.316,24.2,0.9949999999999999,10,0.0,0.0
scalability_before,7,32,0,5,3,0,60,3600,0,0,1000,10,0.22,49.656,51.7427,13,3,49.808,51.832,1.0,1.0,1.0,1.0,1.0,1.0,0.0,0.0,1.0,12.327748743718592,24.1,1.0,10,0.0,0.0
scalability_before,8,32,0,5,3,0,60,3600,0,0,1000,10.003,0.219,49.5595,51.6881,13,3,49.746,51.937599999999996,1.0,1.0,1.0,1.0,1.0,1.0,0.0,0.0,1.0,12.309,25.1,1.0,10,0.0,0.0
scalability_before,9,32,0,5,3,0,60,3600,0,0,1000,10.003,0.189,49.4015,51.5102,13.009,3,49.5365,51.7735,1.0,1.0,1.0,1.0,1.0,1.0,0.0,0.0,1.0,12.289,25.0,1.0,10,0.0,0.0
scalability_before,1,4096,0,5,3,0,60,3600,0,0,1000,15.367,2.049,71.472,77.27289999999999,18.398,3,72.058,78.0202,1.0,1.0,1.0,1.0,1.0,1.0,0.0,0.0,1.0,12.33,63.5,1.0,10,0.0,0.0
scalability_before,10,4096,0,5,3,0,60,3600,0,0,1000,15.362,2.065,71.9055,77.9232,18.44,3,72.474,78.1887,1.0,1.0,1.0,1.0,1.0,1.0,0.0,0.0,1.0,12.321,63.5,1.0,10,0.0,0.0
scalability_before,2,4096,0,5,3,0,60,3600,0,0,1000,15.493,2.132,72.397,77.9362,18.658,3,73.134,79.2537,1.0,1.0,1.0,1.0,1.0,1.0,0.0,0.0,1.0,12.31426633165829,63.1,1.0,10,0.0,0.0
scalability_before,3,4096,0,5,3,0,60,3600,0,0,1000,15.605,2.137,72.673,77.4975,18.474,3,72.6665,79.1636,1.0,1.0,1.0,1.0,1.0,1.0,0.0,0.0,1.0,12.334,63.3,1.0,10,0.0,0.0
scalability_before,4,4096,0,5,3,0,60,3600,0,0,1000,15.441,2.096,72.0175,77.321,18.421,3,72.623,78.4532,1.0,1.0,1.0,1.0,1.0,1.0,0.0,0.0,1.0,12.311040201005024,63.1,1.0,10,0.0,0.0
scalability_before,5,4096,0,5,3,0,60,3600,0,0,1000,15.399,2.078,71.9995,77.3252,18.519,3,72.6825,80.2333,1.0,1.0,1.0,1.0,1.0,1.0,0.0,0.0,1.0,12.345,63.2,1.0,10,0.0,0.0
scalability_before,6,4096,0,5,3,0,60,3600,0,0,1000,15.378,2.06,71.9165,77.5585,18.52,3,72.88,79.2166,1.0,1.0,1.0,1.0,1.0,1.0,0.0,0.0,1.0,12.33,63.4,1.0,10,0.0,0.0
scalability_before,7,4096,0,5,3,0,60,3600,0,0,1000,15.369,2.089,71.8685,77.8654,18.433,3,72.875,78.90039999999999,1.0,1.0,1.0,1.0,1.0,1.0,0.0,0.0,1.0,12.362,63.3,1.0,10,0.0,0.0
scalability_before,8,4096,0,5,3,0,60,3600,0,0,1000,15.415,2.075,71.9735,77.429,18.292,3,67.4055,77.7253,1.0,1.0,1.0,1.0,1.0,1.0,0.0,0.0,1.0,12.348,63.5,1.0,10,0.0,0.0
scalability_before,9,4096,0,5,3,0,60,3600,0,0,1000,15.534,2.118,72.5865,77.9166,18.52,3,72.5765,78.4308,1.0,1.0,1.0,1.0,1.0,1.0,0.0,0.0,1.0,12.32,63.3,1.0,10,0.0,0.0
scalability_before,1,512,0,5,3,0,60,3600,0,0,1000,12.631,1.188,61.0515,64.8122,15.57,3,60.828,64.7294,1.0,1.0,1.0,1.0,1.0,1.0,0.0,0.0,1.0,12.352,47.4,1.0,10,0.0,0.0
scalability_before,10,512,0,5,3,0,60,3600,0,0,1000,12.623,1.208,60.8805,64.2463,15.495,3,60.57,64.2722,1.0,1.0,1.0,1.0,1.0,1.0,0.0,0.0,1.0,12.355,47.3,1.0,10,0.0,0.0
scalability_before,2,512,0,5,3,0,60,3600,0,0,1000,12.594,1.198,60.873,64.2743,15.614,3,61.061,64.4903,1.0,1.0,1.0,1.0,1.0,1.0,0.0,0.0,1.0,12.315,47.9,1.0,10,0.0,0.0
scalability_before,3,512,0,5,3,0,60,3600,0,0,1000,12.504,1.173,60.7685,64.52380000000001,15.58,3,61.063,64.86930000000001,1.0,1.0,1.0,1.0,1.0,1.0,0.0,0.0,1.0,12.394,47.6,1.0,10,0.0,0.0
scalability_before,4,512,0,5,3,0,60,3600,0,0,1000,12.625,1.189,60.9235,64.7571,15.544,3,61.135,65.1066,1.0,1.0,1.0,1.0,1.0,1.0,0.0,0.0,1.0,12.4,47.9,1.0,10,0.0,0.0
scalability_before,5,512,0,5,3,0,60,3600,0,0,1000,12.596,1.211,61.0165,64.28659999999999,15.573,3,60.756,64.965,1.0,1.0,1.0,1.0,1.0,1.0,0.0,0.0,1.0,12.357,47.4,1.0,10,0.0,0.0
scalability_before,6,512,0,5,3,0,60,3600,0,0,1000,12.58,1.235,60.9665,64.5072,15.585,3,61.1775,64.9128,1.0,1.0,1.0,1.0,1.0,1.0,0.0,0.0,1.0,12.35,48.2,1.0,10,0.0,0.0
scalability_before,7,512,0,5,3,0,60,3600,0,0,1000,12.63,1.197,60.676,64.9328,15.549,3,61.0525,64.6514,1.0,1.0,1.0,1.0,1.0,1.0,0.0,0.0,1.0,12.385,47.8,1.0,10,0.0,0.0
scalability_before,8,512,0,5,3,0,60,3600,0,0,1000,12.592,1.192,60.8625,64.4079,15.604,3,61.0775,64.5791,1.0,1.0,1.0,1.0,1.0,1.0,0.0,0.0,1.0,12.348,47.8,1.0,10,0.0,0.0
scalability_before,9,512,0,5,3,0,60,3600,0,0,1000,12.567,1.191,60.8075,64.6199,15.673,3,61.127,65.0928,1.0,1.0,1.0,1.0,1.0,1.0,0.0,0.0,1.0,12.371,48.4,1.0,10,0.0,0.0
scalability_before,1,64,0,5,3,0,60,3600,0,0,1000,10.444,0.453,49.7155,52.6692,13.483,3,50.0065,53.665,1.0,1.0,1.0,1.0,1.0,1.0,0.0,0.0,1.0,12.331,30.5,0.9960000000000001,10,0.0,0.0
scalability_before,10,64,0,5,3,0,60,3600,0,0,1000,10.437,0.438,49.7955,53.790800000000004,13.394,3,50.0245,53.7812,1.0,1.0,1.0,1.0,1.0,1.0,0.0,0.0,1.0,12.354,28.6,1.0,10,0.0,0.0
scalability_before,2,64,0,5,3,0,60,3600,0,0,1000,10.399,0.46,49.748,52.8867,13.429,3.007,50.005,53.6245,1.0,1.0,1.0,1.0,1.0,1.0,0.0,0.0,1.0,12.325,28.7,0.9865,10,0.0,0.0
scalability_before,3,64,0,5,3,0,60,3600,0,0,1000,10.385,0.468,49.504,52.4125,13.377,3,49.7255,52.4492,1.0,1.0,1.0,1.0,1.0,1.0,0.0,0.0,1.0,12.29,31.1,1.0,10,0.0,0.0
scalability_before,4,64,0,5,3,0,60,3600,0,0,1000,10.4,0.458,49.7755,52.4928,13.431,3.005,50.0115,53.1223,1.0,1.0,1.0,1.0,1.0,1.0,0.0,0.0,1.0,12.341824120603015,29.4,0.9949999999999999,10,0.0,0.0
scalability_before,5,64,0,5,3,0,60,3600,0,0,1000,10.382,0.478,49.9285,52.309400000000004,13.336,3,50.0165,52.4504,1.0,1.0,1.0,1.0,1.0,1.0,0.0,0.0,1.0,12.39,28.8,1.0,10,0.0,0.0
scalability_before,6,64,0,5,3,0,60,3600,0,0,1000,10.41,0.427,49.68,52.1308,13.431,3,49.8285,52.336,1.0,1.0,1.0,1.0,1.0,1.0,0.0,0.0,1.0,12.35,30.3,1.0,10,0.0,0.0
scalability_before,7,64,0,5,3,0,60,3600,0,0,1000,10.454,0.498,49.8335,52.9627,13.358,3,49.935,52.6983,1.0,1.0,1.0,1.0,1.0,1.0,0.0,0.0,1.0,12.335,28.1,0.9925,10,0.0,0.0
scalability_before,8,64,0,5,3,0,60,3600,0,0,1000,10.518,0.475,49.891,55.2629,13.475,3,50.036,54.6113,1.0,1.0,1.0,1.0,1.0,1.0,0.0,0.0,1.0,12.364,29.9,1.0,10,0.0,0.0
scalability_before,9,64,0,5,3,0,60,3600,0,0,1000,10.422,0.473,49.671,52.224199999999996,13.373,3,49.772,52.344800000000006,1.0,1.0,1.0,1.0,1.0,1.0,0.0,0.0,1.0,12.324246231155778,30.9,1.0,10,0.0,0.0
scalability_before,1,8192,0,5,3,0,60,3600,0,0,1000,16.297,2.36,74.554,87.4531,19.316,3,74.95,87.7228,1.0,1.0,1.0,1.0,1.0,1.0,0.0,0.0,1.0,12.403,68.3,1.0,10,0.0,0.0
scalability_before,10,8192,0,5,3,0,60,3600,0,0,1000,16.271,2.374,74.6175,87.4546,19.339,3,74.9435,87.4182,1.0,1.0,1.0,1.0,1.0,1.0,0.0,0.0,1.0,12.394,68.5,1.0,10,0.0,0.0
scalability_before,2,8192,0,5,3,0,60,3600,0,0,1000,16.321,2.397,74.9195,88.06230000000001,19.323,3,75.283,88.79769999999999,1.0,1.0,1.0,1.0,1.0,1.0,0.0,0.0,1.0,12.432,68.4,1.0,10,0.0,0.0
scalability_before,3,8192,0,5,3,0,60,3600,0,0,1000,16.317,2.382,74.734,87.12190000000001,19.193,3,74.781,87.9565,1.0,1.0,1.0,1.0,1.0,1.0,0.0,0.0,1.0,12.397,68.5,1.0,10,0.0,0.0
scalability_before,4,8192,0,5,3,0,60,3600,0,0,1000,16.236,2.365,74.6355,87.8858,19.403,3,75.5385,88.6148,1.0,1.0,1.0,1.0,1.0,1.0,0.0,0.0,1.0,12.436005025125626,68.4,1.0,10,0.0,0.0
scalability_before,5,8192,0,5,3,0,60,3600,0,0,1000,16.277,2.347,74.6305,87.0685,19.39,3,75.4795,87.75139999999999,1.0,1.0,1.0,1.0,1.0,1.0,0.0,0.0,1.0,12.415,68.5,1.0,10,0.0,0.0
scalability_before,6,8192,0,5,3,0,60,3600,0,0,1000,16.295,2.394,73.325,85.71730000000001,19.266,3,73.469,85.4194,1.0,1.0,1.0,1.0,1.0,1.0,0.0,0.0,1.0,12.228,68.5,1.0,10,0.0,0.0
scalability_before,7,8192,0,5,3,0,60,3600,0,0,1000,16.292,2.399,74.742,87.48120000000002,19.378,3,75.1445,88.3467,1.0,1.0,1.0,1.0,1.0,1.0,0.0,0.0,1.0,12.411,68.7,1.0,10,0.0,0.0
scalability_before,8,8192,0,5,3,0,60,3600,0,0,1000,16.307,2.365,74.4045,87.6003,19.212,3,74.5675,87.51689999999999,1.0,1.0,1.0,1.0,1.0,1.0,0.0,0.0,1.0,12.383,68.3,1.0,10,0.0,0.0
scalability_before,9,8192,0,5,3,0,60,3600,0,0,1000,16.357,2.413,74.7455,88.23639999999999,19.308,3,74.9405,88.191,1.0,1.0,1.0,1.0,1.0,1.0,0.0,0.0,1.0,12.423,68.6,1.0,10,0.0,0.0
